
                        insert into banner (id, content, name, ref) values (1000001, X'01ffd8ffdb004300080606070605080707070909080a0c140d0c0b0b0c1912130f141d1a1f1e1d1a1c1c20242e2720222c231c1c2837292c30313434341f27393d38323c2e333432ffdb0043010909090c0b0c180d0d1832211c213232323232323232323232323232323232323232323232323232323232323232323232323232323232323232323232323232ffc000140800c800c804012200021101031101042200ffc4001f0000010501010101010100000000000000000102030405060708090a0bffc400b5100002010303020403050504040000017d01020300041105122131410613516107227114328191a1082342b1c11552d1f02433627282090a161718191a25262728292a3435363738393a434445464748494a535455565758595a636465666768696a737475767778797a838485868788898a92939495969798999aa2a3a4a5a6a7a8a9aab2b3b4b5b6b7b8b9bac2c3c4c5c6c7c8c9cad2d3d4d5d6d7d8d9dae1e2e3e4e5e6e7e8e9eaf1f2f3f4f5f6f7f8f9faffc4001f0100030101010101010101010000000000000102030405060708090a0bffc400b51100020102040403040705040400010277000102031104052131061241510761711322328108144291a1b1c109233352f0156272d10a162434e125f11718191a262728292a35363738393a434445464748494a535455565758595a636465666768696a737475767778797a82838485868788898a92939495969798999aa2a3a4a5a6a7a8a9aab2b3b4b5b6b7b8b9bac2c3c4c5c6c7c8c9cad2d3d4d5d6d7d8d9dae2e3e4e5e6e7e8e9eaf2f3f4f5f6f7f8f9faffda000e040100021103110400003f00f9fe8a28a00f9fe8a28a28a28a0028a28a28a28a0028a28a28a28a0028a28a28a28a0028a28a28a28a0028a28a28a28a0028a28a28a28a0028a28a28a28a0028a28a28a28a0028a28a28a28a0028a28a28a28a0028a28a28a28a0028a28a28a28a0028a28a28a28a0028a28a28a28a0028a28a28a28a0028a28a28a28a0028a28a28a28a0028a28a28a28a0028a28a28a28a0028a28a28a28a0028a28a28a28a0028a28a28a28a0028a28a28a28a0028a28a28a28a0028a28a28a28a0028a28a28a28a0028a28a28a28a0028a28a28a28a0028a28a28a28a0028a28a28a28a0028a28a28a28a0028a28a28a28a0028a28a28a28a0028a28a28a28a0028a28a28a28a0028a28a28a28a0028a28a28a28a0028a28a28a28a0028a28a28a28a0028a28a28a28a0028a28a28a28a0028a28a28a28a0028a28a28a28a0028a28a28a28a0028a28a28a28a0028a28a28a28a0028a28a28a28a0028a28a28a28a0028a28a28a28a0028a28a28a28a0028a28a28a28a0028a28a28a28a0028a28a28a28a0028a28a28a28a0028a28a28a28a0028a28a28a28a0028a28a28a28a0028a28a28a28a0028a28a28a28a0028a28a28a28a0028a28a28a28a0028a28a28a28a0028a28a28a28a0028a28a28a28a0028a28a28a28a0028a28a28a28a0028a28a28a28a0028a28a28a28a0028a28a28a28a0028a28a28a28a0028a28a28a28a0028a28a28a28a0028a28a28a28a0028a28a28a28a0028a28a28a28a0028a28a28a28a0028a28a28a28a0028a28a28a28a0028a28a28a28a0028a28a28a28a0028a28a28a28a0028a28a28a28a0028a28a28a28a0028a28a28a28a0028a28a28a28a0028a28a28a28a0028a28a28a28a0028a28a28a28a0028a28a28a28a0028a28a28a28a0028a28a28a28a0028a28a28a28a0028a28a28a28a0028a28a28a28a0028a28a28a28a0028a28a28a28a0028a28a28a28a0028a28a28a28a0028a28a28a28a0028a28a28a28a0028a28a28a28a0028a28a28a28a0028a28a28a28a0028a28a28a28a0028a28a28a28a0028a28a28a28a0028a28a28a28a0028a28a28a28a0028a28a28a28a0028a28a28a28a0028a28a28a28a0028a28a28a28a0028a28a28a28a0028a28a28a28a0028a28a28a28a0028a28a28a28a0028a28a28a28a0028a28a28a28a0028a28a28a28a0028a28a28a28a0028a28a28a28a0028a28a28a28a0028a28a28a28a0028a28a28a28a0028a28a28a28a0028a28a28a28a0028a28a28a28a0028a28a28a28a0028a28a28a28a0028a28a28a28a0028a28a28a28a0028a28a28a28a0028a28a28a28a0028a28a28a28a0028a28a28a28a0028a28a28a28a0028a28a28a28a0028a28a28a28a0028a28a28a28a0028a28a28a28a0028a28a28a28a0028a28a28a28a0028a28a28a28a0028a28a28a28a0028a28a28a28a0028a28a28a28a0028a28a28a28a0028a28a28a28a0028a28a28a28a0028a28a28a28a0028a28a28a28a0028a28a28a28a0028a28a28a28a0028a28a28a28a0028a28a28a28a0028a28a28a28a0028a28a28a28a0028a28a28a28a0028a28a28a28a0028a28a28a28a0028a28a28a28a0028a28a28a28a0028a28a28a28a0028a28a28a28a0028a28a28a28a0028a28a28a28a0028a28a28a28a0028a28affd9', 'name 1', 'www.ya.ru');
                        insert into clicks (bannerid, counting) values (1000001, 99);
                        insert into shows (bannerid, counting) values (1000001, 101);
                        insert into banner (id, content, name, ref) values (1000002, X'01ffd8ffdb004300080606070605080707070909080a0c140d0c0b0b0c1912130f141d1a1f1e1d1a1c1c20242e2720222c231c1c2837292c30313434341f27393d38323c2e333432ffdb0043010909090c0b0c180d0d1832211c213232323232323232323232323232323232323232323232323232323232323232323232323232323232323232323232323232ffc000140800c800c804012200021101031101042200ffc4001f0000010501010101010100000000000000000102030405060708090a0bffc400b5100002010303020403050504040000017d01020300041105122131410613516107227114328191a1082342b1c11552d1f02433627282090a161718191a25262728292a3435363738393a434445464748494a535455565758595a636465666768696a737475767778797a838485868788898a92939495969798999aa2a3a4a5a6a7a8a9aab2b3b4b5b6b7b8b9bac2c3c4c5c6c7c8c9cad2d3d4d5d6d7d8d9dae1e2e3e4e5e6e7e8e9eaf1f2f3f4f5f6f7f8f9faffc4001f0100030101010101010101010000000000000102030405060708090a0bffc400b51100020102040403040705040400010277000102031104052131061241510761711322328108144291a1b1c109233352f0156272d10a162434e125f11718191a262728292a35363738393a434445464748494a535455565758595a636465666768696a737475767778797a82838485868788898a92939495969798999aa2a3a4a5a6a7a8a9aab2b3b4b5b6b7b8b9bac2c3c4c5c6c7c8c9cad2d3d4d5d6d7d8d9dae2e3e4e5e6e7e8e9eaf2f3f4f5f6f7f8f9faffda000e040100021103110400003f00f9fe8a28a00f9fe8a28a28a28a0028a28a28a28a0028a28a28a28a0028a28a28a28a0028a28a28a28a0028a28a28a28a0028a28a28a28a0028a28a28a28a0028a28a28a28a0028a28a28a28a0028a28a28a28a0028a28a28a28a0028a28a28a28a0028a28a28a28a0028a28a28a28a0028a28a28a28a0028a28a28a28a0028a28a28a28a0028a28a28a28a0028a28a28a28a0028a28a28a28a0028a28a28a28a0028a28a28a28a0028a28a28a28a0028a28a28a28a0028a28a28a28a0028a28a28a28a0028a28a28a28a0028a28a28a28a0028a28a28a28a0028a28a28a28a0028a28a28a28a0028a28a28a28a0028a28a28a28a0028a28a28a28a0028a28a28a28a0028a28a28a28a0028a28a28a28a0028a28a28a28a0028a28a28a28a0028a28a28a28a0028a28a28a28a0028a28a28a28a0028a28a28a28a0028a28a28a28a0028a28a28a28a0028a28a28a28a0028a28a28a28a0028a28a28a28a0028a28a28a28a0028a28a28a28a0028a28a28a28a0028a28a28a28a0028a28a28a28a0028a28a28a28a0028a28a28a28a0028a28a28a28a0028a28a28a28a0028a28a28a28a0028a28a28a28a0028a28a28a28a0028a28a28a28a0028a28a28a28a0028a28a28a28a0028a28a28a28a0028a28a28a28a0028a28a28a28a0028a28a28a28a0028a28a28a28a0028a28a28a28a0028a28a28a28a0028a28a28a28a0028a28a28a28a0028a28a28a28a0028a28a28a28a0028a28a28a28a0028a28a28a28a0028a28a28a28a0028a28a28a28a0028a28a28a28a0028a28a28a28a0028a28a28a28a0028a28a28a28a0028a28a28a28a0028a28a28a28a0028a28a28a28a0028a28a28a28a0028a28a28a28a0028a28a28a28a0028a28a28a28a0028a28a28a28a0028a28a28a28a0028a28a28a28a0028a28a28a28a0028a28a28a28a0028a28a28a28a0028a28a28a28a0028a28a28a28a0028a28a28a28a0028a28a28a28a0028a28a28a28a0028a28a28a28a0028a28a28a28a0028a28a28a28a0028a28a28a28a0028a28a28a28a0028a28a28a28a0028a28a28a28a0028a28a28a28a0028a28a28a28a0028a28a28a28a0028a28a28a28a0028a28a28a28a0028a28a28a28a0028a28a28a28a0028a28a28a28a0028a28a28a28a0028a28a28a28a0028a28a28a28a0028a28a28a28a0028a28a28a28a0028a28a28a28a0028a28a28a28a0028a28a28a28a0028a28a28a28a0028a28a28a28a0028a28a28a28a0028a28a28a28a0028a28a28a28a0028a28a28a28a0028a28a28a28a0028a28a28a28a0028a28a28a28a0028a28a28a28a0028a28a28a28a0028a28a28a28a0028a28a28a28a0028a28a28a28a0028a28a28a28a0028a28a28a28a0028a28a28a28a0028a28a28a28a0028a28a28a28a0028a28a28a28a0028a28a28a28a0028a28a28a28a0028a28a28a28a0028a28a28a28a0028a28a28a28a0028a28a28a28a0028a28a28a28a0028a28a28a28a0028a28a28a28a0028a28a28a28a0028a28a28a28a0028a28a28a28a0028a28a28a28a0028a28a28a28a0028a28a28a28a0028a28a28a28a0028a28a28a28a0028a28a28a28a0028a28a28a28a0028a28a28a28a0028a28a28a28a0028a28a28a28a0028a28a28a28a0028a28a28a28a0028a28affd9', 'name 2', 'www.ya.ru');
                        insert into clicks (bannerid, counting) values (1000002, 98);
                        insert into shows (bannerid, counting) values (1000002, 102);
                        insert into banner (id, content, name, ref) values (1000003, X'01ffd8ffdb004300080606070605080707070909080a0c140d0c0b0b0c1912130f141d1a1f1e1d1a1c1c20242e2720222c231c1c2837292c30313434341f27393d38323c2e333432ffdb0043010909090c0b0c180d0d1832211c213232323232323232323232323232323232323232323232323232323232323232323232323232323232323232323232323232ffc000140800c800c804012200021101031101042200ffc4001f0000010501010101010100000000000000000102030405060708090a0bffc400b5100002010303020403050504040000017d01020300041105122131410613516107227114328191a1082342b1c11552d1f02433627282090a161718191a25262728292a3435363738393a434445464748494a535455565758595a636465666768696a737475767778797a838485868788898a92939495969798999aa2a3a4a5a6a7a8a9aab2b3b4b5b6b7b8b9bac2c3c4c5c6c7c8c9cad2d3d4d5d6d7d8d9dae1e2e3e4e5e6e7e8e9eaf1f2f3f4f5f6f7f8f9faffc4001f0100030101010101010101010000000000000102030405060708090a0bffc400b51100020102040403040705040400010277000102031104052131061241510761711322328108144291a1b1c109233352f0156272d10a162434e125f11718191a262728292a35363738393a434445464748494a535455565758595a636465666768696a737475767778797a82838485868788898a92939495969798999aa2a3a4a5a6a7a8a9aab2b3b4b5b6b7b8b9bac2c3c4c5c6c7c8c9cad2d3d4d5d6d7d8d9dae2e3e4e5e6e7e8e9eaf2f3f4f5f6f7f8f9faffda000e040100021103110400003f00f9fe8a28a00f9fe8a28a28a28a0028a28a28a28a0028a28a28a28a0028a28a28a28a0028a28a28a28a0028a28a28a28a0028a28a28a28a0028a28a28a28a0028a28a28a28a0028a28a28a28a0028a28a28a28a0028a28a28a28a0028a28a28a28a0028a28a28a28a0028a28a28a28a0028a28a28a28a0028a28a28a28a0028a28a28a28a0028a28a28a28a0028a28a28a28a0028a28a28a28a0028a28a28a28a0028a28a28a28a0028a28a28a28a0028a28a28a28a0028a28a28a28a0028a28a28a28a0028a28a28a28a0028a28a28a28a0028a28a28a28a0028a28a28a28a0028a28a28a28a0028a28a28a28a0028a28a28a28a0028a28a28a28a0028a28a28a28a0028a28a28a28a0028a28a28a28a0028a28a28a28a0028a28a28a28a0028a28a28a28a0028a28a28a28a0028a28a28a28a0028a28a28a28a0028a28a28a28a0028a28a28a28a0028a28a28a28a0028a28a28a28a0028a28a28a28a0028a28a28a28a0028a28a28a28a0028a28a28a28a0028a28a28a28a0028a28a28a28a0028a28a28a28a0028a28a28a28a0028a28a28a28a0028a28a28a28a0028a28a28a28a0028a28a28a28a0028a28a28a28a0028a28a28a28a0028a28a28a28a0028a28a28a28a0028a28a28a28a0028a28a28a28a0028a28a28a28a0028a28a28a28a0028a28a28a28a0028a28a28a28a0028a28a28a28a0028a28a28a28a0028a28a28a28a0028a28a28a28a0028a28a28a28a0028a28a28a28a0028a28a28a28a0028a28a28a28a0028a28a28a28a0028a28a28a28a0028a28a28a28a0028a28a28a28a0028a28a28a28a0028a28a28a28a0028a28a28a28a0028a28a28a28a0028a28a28a28a0028a28a28a28a0028a28a28a28a0028a28a28a28a0028a28a28a28a0028a28a28a28a0028a28a28a28a0028a28a28a28a0028a28a28a28a0028a28a28a28a0028a28a28a28a0028a28a28a28a0028a28a28a28a0028a28a28a28a0028a28a28a28a0028a28a28a28a0028a28a28a28a0028a28a28a28a0028a28a28a28a0028a28a28a28a0028a28a28a28a0028a28a28a28a0028a28a28a28a0028a28a28a28a0028a28a28a28a0028a28a28a28a0028a28a28a28a0028a28a28a28a0028a28a28a28a0028a28a28a28a0028a28a28a28a0028a28a28a28a0028a28a28a28a0028a28a28a28a0028a28a28a28a0028a28a28a28a0028a28a28a28a0028a28a28a28a0028a28a28a28a0028a28a28a28a0028a28a28a28a0028a28a28a28a0028a28a28a28a0028a28a28a28a0028a28a28a28a0028a28a28a28a0028a28a28a28a0028a28a28a28a0028a28a28a28a0028a28a28a28a0028a28a28a28a0028a28a28a28a0028a28a28a28a0028a28a28a28a0028a28a28a28a0028a28a28a28a0028a28a28a28a0028a28a28a28a0028a28a28a28a0028a28a28a28a0028a28a28a28a0028a28a28a28a0028a28a28a28a0028a28a28a28a0028a28a28a28a0028a28a28a28a0028a28a28a28a0028a28a28a28a0028a28a28a28a0028a28a28a28a0028a28a28a28a0028a28a28a28a0028a28a28a28a0028a28a28a28a0028a28a28a28a0028a28a28a28a0028a28a28a28a0028a28a28a28a0028a28a28a28a0028a28a28a28a0028a28a28a28a0028a28a28a28a0028a28affd9', 'name 3', 'www.ya.ru');
                        insert into clicks (bannerid, counting) values (1000003, 97);
                        insert into shows (bannerid, counting) values (1000003, 103);
                        insert into banner (id, content, name, ref) values (1000004, X'01ffd8ffdb004300080606070605080707070909080a0c140d0c0b0b0c1912130f141d1a1f1e1d1a1c1c20242e2720222c231c1c2837292c30313434341f27393d38323c2e333432ffdb0043010909090c0b0c180d0d1832211c213232323232323232323232323232323232323232323232323232323232323232323232323232323232323232323232323232ffc000140800c800c804012200021101031101042200ffc4001f0000010501010101010100000000000000000102030405060708090a0bffc400b5100002010303020403050504040000017d01020300041105122131410613516107227114328191a1082342b1c11552d1f02433627282090a161718191a25262728292a3435363738393a434445464748494a535455565758595a636465666768696a737475767778797a838485868788898a92939495969798999aa2a3a4a5a6a7a8a9aab2b3b4b5b6b7b8b9bac2c3c4c5c6c7c8c9cad2d3d4d5d6d7d8d9dae1e2e3e4e5e6e7e8e9eaf1f2f3f4f5f6f7f8f9faffc4001f0100030101010101010101010000000000000102030405060708090a0bffc400b51100020102040403040705040400010277000102031104052131061241510761711322328108144291a1b1c109233352f0156272d10a162434e125f11718191a262728292a35363738393a434445464748494a535455565758595a636465666768696a737475767778797a82838485868788898a92939495969798999aa2a3a4a5a6a7a8a9aab2b3b4b5b6b7b8b9bac2c3c4c5c6c7c8c9cad2d3d4d5d6d7d8d9dae2e3e4e5e6e7e8e9eaf2f3f4f5f6f7f8f9faffda000e040100021103110400003f00f9fe8a28a00f9fe8a28a28a28a0028a28a28a28a0028a28a28a28a0028a28a28a28a0028a28a28a28a0028a28a28a28a0028a28a28a28a0028a28a28a28a0028a28a28a28a0028a28a28a28a0028a28a28a28a0028a28a28a28a0028a28a28a28a0028a28a28a28a0028a28a28a28a0028a28a28a28a0028a28a28a28a0028a28a28a28a0028a28a28a28a0028a28a28a28a0028a28a28a28a0028a28a28a28a0028a28a28a28a0028a28a28a28a0028a28a28a28a0028a28a28a28a0028a28a28a28a0028a28a28a28a0028a28a28a28a0028a28a28a28a0028a28a28a28a0028a28a28a28a0028a28a28a28a0028a28a28a28a0028a28a28a28a0028a28a28a28a0028a28a28a28a0028a28a28a28a0028a28a28a28a0028a28a28a28a0028a28a28a28a0028a28a28a28a0028a28a28a28a0028a28a28a28a0028a28a28a28a0028a28a28a28a0028a28a28a28a0028a28a28a28a0028a28a28a28a0028a28a28a28a0028a28a28a28a0028a28a28a28a0028a28a28a28a0028a28a28a28a0028a28a28a28a0028a28a28a28a0028a28a28a28a0028a28a28a28a0028a28a28a28a0028a28a28a28a0028a28a28a28a0028a28a28a28a0028a28a28a28a0028a28a28a28a0028a28a28a28a0028a28a28a28a0028a28a28a28a0028a28a28a28a0028a28a28a28a0028a28a28a28a0028a28a28a28a0028a28a28a28a0028a28a28a28a0028a28a28a28a0028a28a28a28a0028a28a28a28a0028a28a28a28a0028a28a28a28a0028a28a28a28a0028a28a28a28a0028a28a28a28a0028a28a28a28a0028a28a28a28a0028a28a28a28a0028a28a28a28a0028a28a28a28a0028a28a28a28a0028a28a28a28a0028a28a28a28a0028a28a28a28a0028a28a28a28a0028a28a28a28a0028a28a28a28a0028a28a28a28a0028a28a28a28a0028a28a28a28a0028a28a28a28a0028a28a28a28a0028a28a28a28a0028a28a28a28a0028a28a28a28a0028a28a28a28a0028a28a28a28a0028a28a28a28a0028a28a28a28a0028a28a28a28a0028a28a28a28a0028a28a28a28a0028a28a28a28a0028a28a28a28a0028a28a28a28a0028a28a28a28a0028a28a28a28a0028a28a28a28a0028a28a28a28a0028a28a28a28a0028a28a28a28a0028a28a28a28a0028a28a28a28a0028a28a28a28a0028a28a28a28a0028a28a28a28a0028a28a28a28a0028a28a28a28a0028a28a28a28a0028a28a28a28a0028a28a28a28a0028a28a28a28a0028a28a28a28a0028a28a28a28a0028a28a28a28a0028a28a28a28a0028a28a28a28a0028a28a28a28a0028a28a28a28a0028a28a28a28a0028a28a28a28a0028a28a28a28a0028a28a28a28a0028a28a28a28a0028a28a28a28a0028a28a28a28a0028a28a28a28a0028a28a28a28a0028a28a28a28a0028a28a28a28a0028a28a28a28a0028a28a28a28a0028a28a28a28a0028a28a28a28a0028a28a28a28a0028a28a28a28a0028a28a28a28a0028a28a28a28a0028a28a28a28a0028a28a28a28a0028a28a28a28a0028a28a28a28a0028a28a28a28a0028a28a28a28a0028a28a28a28a0028a28a28a28a0028a28a28a28a0028a28a28a28a0028a28a28a28a0028a28a28a28a0028a28a28a28a0028a28a28a28a0028a28affd9', 'name 4', 'www.ya.ru');
                        insert into clicks (bannerid, counting) values (1000004, 96);
                        insert into shows (bannerid, counting) values (1000004, 104);
                        insert into banner (id, content, name, ref) values (1000005, X'01ffd8ffdb004300080606070605080707070909080a0c140d0c0b0b0c1912130f141d1a1f1e1d1a1c1c20242e2720222c231c1c2837292c30313434341f27393d38323c2e333432ffdb0043010909090c0b0c180d0d1832211c213232323232323232323232323232323232323232323232323232323232323232323232323232323232323232323232323232ffc000140800c800c804012200021101031101042200ffc4001f0000010501010101010100000000000000000102030405060708090a0bffc400b5100002010303020403050504040000017d01020300041105122131410613516107227114328191a1082342b1c11552d1f02433627282090a161718191a25262728292a3435363738393a434445464748494a535455565758595a636465666768696a737475767778797a838485868788898a92939495969798999aa2a3a4a5a6a7a8a9aab2b3b4b5b6b7b8b9bac2c3c4c5c6c7c8c9cad2d3d4d5d6d7d8d9dae1e2e3e4e5e6e7e8e9eaf1f2f3f4f5f6f7f8f9faffc4001f0100030101010101010101010000000000000102030405060708090a0bffc400b51100020102040403040705040400010277000102031104052131061241510761711322328108144291a1b1c109233352f0156272d10a162434e125f11718191a262728292a35363738393a434445464748494a535455565758595a636465666768696a737475767778797a82838485868788898a92939495969798999aa2a3a4a5a6a7a8a9aab2b3b4b5b6b7b8b9bac2c3c4c5c6c7c8c9cad2d3d4d5d6d7d8d9dae2e3e4e5e6e7e8e9eaf2f3f4f5f6f7f8f9faffda000e040100021103110400003f00f9fe8a28a00f9fe8a28a28a28a0028a28a28a28a0028a28a28a28a0028a28a28a28a0028a28a28a28a0028a28a28a28a0028a28a28a28a0028a28a28a28a0028a28a28a28a0028a28a28a28a0028a28a28a28a0028a28a28a28a0028a28a28a28a0028a28a28a28a0028a28a28a28a0028a28a28a28a0028a28a28a28a0028a28a28a28a0028a28a28a28a0028a28a28a28a0028a28a28a28a0028a28a28a28a0028a28a28a28a0028a28a28a28a0028a28a28a28a0028a28a28a28a0028a28a28a28a0028a28a28a28a0028a28a28a28a0028a28a28a28a0028a28a28a28a0028a28a28a28a0028a28a28a28a0028a28a28a28a0028a28a28a28a0028a28a28a28a0028a28a28a28a0028a28a28a28a0028a28a28a28a0028a28a28a28a0028a28a28a28a0028a28a28a28a0028a28a28a28a0028a28a28a28a0028a28a28a28a0028a28a28a28a0028a28a28a28a0028a28a28a28a0028a28a28a28a0028a28a28a28a0028a28a28a28a0028a28a28a28a0028a28a28a28a0028a28a28a28a0028a28a28a28a0028a28a28a28a0028a28a28a28a0028a28a28a28a0028a28a28a28a0028a28a28a28a0028a28a28a28a0028a28a28a28a0028a28a28a28a0028a28a28a28a0028a28a28a28a0028a28a28a28a0028a28a28a28a0028a28a28a28a0028a28a28a28a0028a28a28a28a0028a28a28a28a0028a28a28a28a0028a28a28a28a0028a28a28a28a0028a28a28a28a0028a28a28a28a0028a28a28a28a0028a28a28a28a0028a28a28a28a0028a28a28a28a0028a28a28a28a0028a28a28a28a0028a28a28a28a0028a28a28a28a0028a28a28a28a0028a28a28a28a0028a28a28a28a0028a28a28a28a0028a28a28a28a0028a28a28a28a0028a28a28a28a0028a28a28a28a0028a28a28a28a0028a28a28a28a0028a28a28a28a0028a28a28a28a0028a28a28a28a0028a28a28a28a0028a28a28a28a0028a28a28a28a0028a28a28a28a0028a28a28a28a0028a28a28a28a0028a28a28a28a0028a28a28a28a0028a28a28a28a0028a28a28a28a0028a28a28a28a0028a28a28a28a0028a28a28a28a0028a28a28a28a0028a28a28a28a0028a28a28a28a0028a28a28a28a0028a28a28a28a0028a28a28a28a0028a28a28a28a0028a28a28a28a0028a28a28a28a0028a28a28a28a0028a28a28a28a0028a28a28a28a0028a28a28a28a0028a28a28a28a0028a28a28a28a0028a28a28a28a0028a28a28a28a0028a28a28a28a0028a28a28a28a0028a28a28a28a0028a28a28a28a0028a28a28a28a0028a28a28a28a0028a28a28a28a0028a28a28a28a0028a28a28a28a0028a28a28a28a0028a28a28a28a0028a28a28a28a0028a28a28a28a0028a28a28a28a0028a28a28a28a0028a28a28a28a0028a28a28a28a0028a28a28a28a0028a28a28a28a0028a28a28a28a0028a28a28a28a0028a28a28a28a0028a28a28a28a0028a28a28a28a0028a28a28a28a0028a28a28a28a0028a28a28a28a0028a28a28a28a0028a28a28a28a0028a28a28a28a0028a28a28a28a0028a28a28a28a0028a28a28a28a0028a28a28a28a0028a28a28a28a0028a28a28a28a0028a28a28a28a0028a28a28a28a0028a28a28a28a0028a28a28a28a0028a28a28a28a0028a28affd9', 'name 5', 'www.ya.ru');
                        insert into clicks (bannerid, counting) values (1000005, 95);
                        insert into shows (bannerid, counting) values (1000005, 105);
                        insert into banner (id, content, name, ref) values (1000006, X'01ffd8ffdb004300080606070605080707070909080a0c140d0c0b0b0c1912130f141d1a1f1e1d1a1c1c20242e2720222c231c1c2837292c30313434341f27393d38323c2e333432ffdb0043010909090c0b0c180d0d1832211c213232323232323232323232323232323232323232323232323232323232323232323232323232323232323232323232323232ffc000140800c800c804012200021101031101042200ffc4001f0000010501010101010100000000000000000102030405060708090a0bffc400b5100002010303020403050504040000017d01020300041105122131410613516107227114328191a1082342b1c11552d1f02433627282090a161718191a25262728292a3435363738393a434445464748494a535455565758595a636465666768696a737475767778797a838485868788898a92939495969798999aa2a3a4a5a6a7a8a9aab2b3b4b5b6b7b8b9bac2c3c4c5c6c7c8c9cad2d3d4d5d6d7d8d9dae1e2e3e4e5e6e7e8e9eaf1f2f3f4f5f6f7f8f9faffc4001f0100030101010101010101010000000000000102030405060708090a0bffc400b51100020102040403040705040400010277000102031104052131061241510761711322328108144291a1b1c109233352f0156272d10a162434e125f11718191a262728292a35363738393a434445464748494a535455565758595a636465666768696a737475767778797a82838485868788898a92939495969798999aa2a3a4a5a6a7a8a9aab2b3b4b5b6b7b8b9bac2c3c4c5c6c7c8c9cad2d3d4d5d6d7d8d9dae2e3e4e5e6e7e8e9eaf2f3f4f5f6f7f8f9faffda000e040100021103110400003f00f9fe8a28a00f9fe8a28a28a28a0028a28a28a28a0028a28a28a28a0028a28a28a28a0028a28a28a28a0028a28a28a28a0028a28a28a28a0028a28a28a28a0028a28a28a28a0028a28a28a28a0028a28a28a28a0028a28a28a28a0028a28a28a28a0028a28a28a28a0028a28a28a28a0028a28a28a28a0028a28a28a28a0028a28a28a28a0028a28a28a28a0028a28a28a28a0028a28a28a28a0028a28a28a28a0028a28a28a28a0028a28a28a28a0028a28a28a28a0028a28a28a28a0028a28a28a28a0028a28a28a28a0028a28a28a28a0028a28a28a28a0028a28a28a28a0028a28a28a28a0028a28a28a28a0028a28a28a28a0028a28a28a28a0028a28a28a28a0028a28a28a28a0028a28a28a28a0028a28a28a28a0028a28a28a28a0028a28a28a28a0028a28a28a28a0028a28a28a28a0028a28a28a28a0028a28a28a28a0028a28a28a28a0028a28a28a28a0028a28a28a28a0028a28a28a28a0028a28a28a28a0028a28a28a28a0028a28a28a28a0028a28a28a28a0028a28a28a28a0028a28a28a28a0028a28a28a28a0028a28a28a28a0028a28a28a28a0028a28a28a28a0028a28a28a28a0028a28a28a28a0028a28a28a28a0028a28a28a28a0028a28a28a28a0028a28a28a28a0028a28a28a28a0028a28a28a28a0028a28a28a28a0028a28a28a28a0028a28a28a28a0028a28a28a28a0028a28a28a28a0028a28a28a28a0028a28a28a28a0028a28a28a28a0028a28a28a28a0028a28a28a28a0028a28a28a28a0028a28a28a28a0028a28a28a28a0028a28a28a28a0028a28a28a28a0028a28a28a28a0028a28a28a28a0028a28a28a28a0028a28a28a28a0028a28a28a28a0028a28a28a28a0028a28a28a28a0028a28a28a28a0028a28a28a28a0028a28a28a28a0028a28a28a28a0028a28a28a28a0028a28a28a28a0028a28a28a28a0028a28a28a28a0028a28a28a28a0028a28a28a28a0028a28a28a28a0028a28a28a28a0028a28a28a28a0028a28a28a28a0028a28a28a28a0028a28a28a28a0028a28a28a28a0028a28a28a28a0028a28a28a28a0028a28a28a28a0028a28a28a28a0028a28a28a28a0028a28a28a28a0028a28a28a28a0028a28a28a28a0028a28a28a28a0028a28a28a28a0028a28a28a28a0028a28a28a28a0028a28a28a28a0028a28a28a28a0028a28a28a28a0028a28a28a28a0028a28a28a28a0028a28a28a28a0028a28a28a28a0028a28a28a28a0028a28a28a28a0028a28a28a28a0028a28a28a28a0028a28a28a28a0028a28a28a28a0028a28a28a28a0028a28a28a28a0028a28a28a28a0028a28a28a28a0028a28a28a28a0028a28a28a28a0028a28a28a28a0028a28a28a28a0028a28a28a28a0028a28a28a28a0028a28a28a28a0028a28a28a28a0028a28a28a28a0028a28a28a28a0028a28a28a28a0028a28a28a28a0028a28a28a28a0028a28a28a28a0028a28a28a28a0028a28a28a28a0028a28a28a28a0028a28a28a28a0028a28a28a28a0028a28a28a28a0028a28a28a28a0028a28a28a28a0028a28a28a28a0028a28a28a28a0028a28a28a28a0028a28a28a28a0028a28a28a28a0028a28a28a28a0028a28a28a28a0028a28a28a28a0028a28a28a28a0028a28a28a28a0028a28a28a28a0028a28affd9', 'name 6', 'www.ya.ru');
                        insert into clicks (bannerid, counting) values (1000006, 94);
                        insert into shows (bannerid, counting) values (1000006, 106);
                        insert into banner (id, content, name, ref) values (1000007, X'01ffd8ffdb004300080606070605080707070909080a0c140d0c0b0b0c1912130f141d1a1f1e1d1a1c1c20242e2720222c231c1c2837292c30313434341f27393d38323c2e333432ffdb0043010909090c0b0c180d0d1832211c213232323232323232323232323232323232323232323232323232323232323232323232323232323232323232323232323232ffc000140800c800c804012200021101031101042200ffc4001f0000010501010101010100000000000000000102030405060708090a0bffc400b5100002010303020403050504040000017d01020300041105122131410613516107227114328191a1082342b1c11552d1f02433627282090a161718191a25262728292a3435363738393a434445464748494a535455565758595a636465666768696a737475767778797a838485868788898a92939495969798999aa2a3a4a5a6a7a8a9aab2b3b4b5b6b7b8b9bac2c3c4c5c6c7c8c9cad2d3d4d5d6d7d8d9dae1e2e3e4e5e6e7e8e9eaf1f2f3f4f5f6f7f8f9faffc4001f0100030101010101010101010000000000000102030405060708090a0bffc400b51100020102040403040705040400010277000102031104052131061241510761711322328108144291a1b1c109233352f0156272d10a162434e125f11718191a262728292a35363738393a434445464748494a535455565758595a636465666768696a737475767778797a82838485868788898a92939495969798999aa2a3a4a5a6a7a8a9aab2b3b4b5b6b7b8b9bac2c3c4c5c6c7c8c9cad2d3d4d5d6d7d8d9dae2e3e4e5e6e7e8e9eaf2f3f4f5f6f7f8f9faffda000e040100021103110400003f00f9fe8a28a00f9fe8a28a28a28a0028a28a28a28a0028a28a28a28a0028a28a28a28a0028a28a28a28a0028a28a28a28a0028a28a28a28a0028a28a28a28a0028a28a28a28a0028a28a28a28a0028a28a28a28a0028a28a28a28a0028a28a28a28a0028a28a28a28a0028a28a28a28a0028a28a28a28a0028a28a28a28a0028a28a28a28a0028a28a28a28a0028a28a28a28a0028a28a28a28a0028a28a28a28a0028a28a28a28a0028a28a28a28a0028a28a28a28a0028a28a28a28a0028a28a28a28a0028a28a28a28a0028a28a28a28a0028a28a28a28a0028a28a28a28a0028a28a28a28a0028a28a28a28a0028a28a28a28a0028a28a28a28a0028a28a28a28a0028a28a28a28a0028a28a28a28a0028a28a28a28a0028a28a28a28a0028a28a28a28a0028a28a28a28a0028a28a28a28a0028a28a28a28a0028a28a28a28a0028a28a28a28a0028a28a28a28a0028a28a28a28a0028a28a28a28a0028a28a28a28a0028a28a28a28a0028a28a28a28a0028a28a28a28a0028a28a28a28a0028a28a28a28a0028a28a28a28a0028a28a28a28a0028a28a28a28a0028a28a28a28a0028a28a28a28a0028a28a28a28a0028a28a28a28a0028a28a28a28a0028a28a28a28a0028a28a28a28a0028a28a28a28a0028a28a28a28a0028a28a28a28a0028a28a28a28a0028a28a28a28a0028a28a28a28a0028a28a28a28a0028a28a28a28a0028a28a28a28a0028a28a28a28a0028a28a28a28a0028a28a28a28a0028a28a28a28a0028a28a28a28a0028a28a28a28a0028a28a28a28a0028a28a28a28a0028a28a28a28a0028a28a28a28a0028a28a28a28a0028a28a28a28a0028a28a28a28a0028a28a28a28a0028a28a28a28a0028a28a28a28a0028a28a28a28a0028a28a28a28a0028a28a28a28a0028a28a28a28a0028a28a28a28a0028a28a28a28a0028a28a28a28a0028a28a28a28a0028a28a28a28a0028a28a28a28a0028a28a28a28a0028a28a28a28a0028a28a28a28a0028a28a28a28a0028a28a28a28a0028a28a28a28a0028a28a28a28a0028a28a28a28a0028a28a28a28a0028a28a28a28a0028a28a28a28a0028a28a28a28a0028a28a28a28a0028a28a28a28a0028a28a28a28a0028a28a28a28a0028a28a28a28a0028a28a28a28a0028a28a28a28a0028a28a28a28a0028a28a28a28a0028a28a28a28a0028a28a28a28a0028a28a28a28a0028a28a28a28a0028a28a28a28a0028a28a28a28a0028a28a28a28a0028a28a28a28a0028a28a28a28a0028a28a28a28a0028a28a28a28a0028a28a28a28a0028a28a28a28a0028a28a28a28a0028a28a28a28a0028a28a28a28a0028a28a28a28a0028a28a28a28a0028a28a28a28a0028a28a28a28a0028a28a28a28a0028a28a28a28a0028a28a28a28a0028a28a28a28a0028a28a28a28a0028a28a28a28a0028a28a28a28a0028a28a28a28a0028a28a28a28a0028a28a28a28a0028a28a28a28a0028a28a28a28a0028a28a28a28a0028a28a28a28a0028a28a28a28a0028a28a28a28a0028a28a28a28a0028a28a28a28a0028a28a28a28a0028a28a28a28a0028a28a28a28a0028a28a28a28a0028a28a28a28a0028a28a28a28a0028a28a28a28a0028a28a28a28a0028a28a28a28a0028a28affd9', 'name 7', 'www.ya.ru');
                        insert into clicks (bannerid, counting) values (1000007, 93);
                        insert into shows (bannerid, counting) values (1000007, 107);
                        insert into banner (id, content, name, ref) values (1000008, X'01ffd8ffdb004300080606070605080707070909080a0c140d0c0b0b0c1912130f141d1a1f1e1d1a1c1c20242e2720222c231c1c2837292c30313434341f27393d38323c2e333432ffdb0043010909090c0b0c180d0d1832211c213232323232323232323232323232323232323232323232323232323232323232323232323232323232323232323232323232ffc000140800c800c804012200021101031101042200ffc4001f0000010501010101010100000000000000000102030405060708090a0bffc400b5100002010303020403050504040000017d01020300041105122131410613516107227114328191a1082342b1c11552d1f02433627282090a161718191a25262728292a3435363738393a434445464748494a535455565758595a636465666768696a737475767778797a838485868788898a92939495969798999aa2a3a4a5a6a7a8a9aab2b3b4b5b6b7b8b9bac2c3c4c5c6c7c8c9cad2d3d4d5d6d7d8d9dae1e2e3e4e5e6e7e8e9eaf1f2f3f4f5f6f7f8f9faffc4001f0100030101010101010101010000000000000102030405060708090a0bffc400b51100020102040403040705040400010277000102031104052131061241510761711322328108144291a1b1c109233352f0156272d10a162434e125f11718191a262728292a35363738393a434445464748494a535455565758595a636465666768696a737475767778797a82838485868788898a92939495969798999aa2a3a4a5a6a7a8a9aab2b3b4b5b6b7b8b9bac2c3c4c5c6c7c8c9cad2d3d4d5d6d7d8d9dae2e3e4e5e6e7e8e9eaf2f3f4f5f6f7f8f9faffda000e040100021103110400003f00f9fe8a28a00f9fe8a28a28a28a0028a28a28a28a0028a28a28a28a0028a28a28a28a0028a28a28a28a0028a28a28a28a0028a28a28a28a0028a28a28a28a0028a28a28a28a0028a28a28a28a0028a28a28a28a0028a28a28a28a0028a28a28a28a0028a28a28a28a0028a28a28a28a0028a28a28a28a0028a28a28a28a0028a28a28a28a0028a28a28a28a0028a28a28a28a0028a28a28a28a0028a28a28a28a0028a28a28a28a0028a28a28a28a0028a28a28a28a0028a28a28a28a0028a28a28a28a0028a28a28a28a0028a28a28a28a0028a28a28a28a0028a28a28a28a0028a28a28a28a0028a28a28a28a0028a28a28a28a0028a28a28a28a0028a28a28a28a0028a28a28a28a0028a28a28a28a0028a28a28a28a0028a28a28a28a0028a28a28a28a0028a28a28a28a0028a28a28a28a0028a28a28a28a0028a28a28a28a0028a28a28a28a0028a28a28a28a0028a28a28a28a0028a28a28a28a0028a28a28a28a0028a28a28a28a0028a28a28a28a0028a28a28a28a0028a28a28a28a0028a28a28a28a0028a28a28a28a0028a28a28a28a0028a28a28a28a0028a28a28a28a0028a28a28a28a0028a28a28a28a0028a28a28a28a0028a28a28a28a0028a28a28a28a0028a28a28a28a0028a28a28a28a0028a28a28a28a0028a28a28a28a0028a28a28a28a0028a28a28a28a0028a28a28a28a0028a28a28a28a0028a28a28a28a0028a28a28a28a0028a28a28a28a0028a28a28a28a0028a28a28a28a0028a28a28a28a0028a28a28a28a0028a28a28a28a0028a28a28a28a0028a28a28a28a0028a28a28a28a0028a28a28a28a0028a28a28a28a0028a28a28a28a0028a28a28a28a0028a28a28a28a0028a28a28a28a0028a28a28a28a0028a28a28a28a0028a28a28a28a0028a28a28a28a0028a28a28a28a0028a28a28a28a0028a28a28a28a0028a28a28a28a0028a28a28a28a0028a28a28a28a0028a28a28a28a0028a28a28a28a0028a28a28a28a0028a28a28a28a0028a28a28a28a0028a28a28a28a0028a28a28a28a0028a28a28a28a0028a28a28a28a0028a28a28a28a0028a28a28a28a0028a28a28a28a0028a28a28a28a0028a28a28a28a0028a28a28a28a0028a28a28a28a0028a28a28a28a0028a28a28a28a0028a28a28a28a0028a28a28a28a0028a28a28a28a0028a28a28a28a0028a28a28a28a0028a28a28a28a0028a28a28a28a0028a28a28a28a0028a28a28a28a0028a28a28a28a0028a28a28a28a0028a28a28a28a0028a28a28a28a0028a28a28a28a0028a28a28a28a0028a28a28a28a0028a28a28a28a0028a28a28a28a0028a28a28a28a0028a28a28a28a0028a28a28a28a0028a28a28a28a0028a28a28a28a0028a28a28a28a0028a28a28a28a0028a28a28a28a0028a28a28a28a0028a28a28a28a0028a28a28a28a0028a28a28a28a0028a28a28a28a0028a28a28a28a0028a28a28a28a0028a28a28a28a0028a28a28a28a0028a28a28a28a0028a28a28a28a0028a28a28a28a0028a28a28a28a0028a28a28a28a0028a28a28a28a0028a28a28a28a0028a28a28a28a0028a28a28a28a0028a28a28a28a0028a28a28a28a0028a28a28a28a0028a28a28a28a0028a28a28a28a0028a28a28a28a0028a28a28a28a0028a28affd9', 'name 8', 'www.ya.ru');
                        insert into clicks (bannerid, counting) values (1000008, 92);
                        insert into shows (bannerid, counting) values (1000008, 108);
                        insert into banner (id, content, name, ref) values (1000009, X'01ffd8ffdb004300080606070605080707070909080a0c140d0c0b0b0c1912130f141d1a1f1e1d1a1c1c20242e2720222c231c1c2837292c30313434341f27393d38323c2e333432ffdb0043010909090c0b0c180d0d1832211c213232323232323232323232323232323232323232323232323232323232323232323232323232323232323232323232323232ffc000140800c800c804012200021101031101042200ffc4001f0000010501010101010100000000000000000102030405060708090a0bffc400b5100002010303020403050504040000017d01020300041105122131410613516107227114328191a1082342b1c11552d1f02433627282090a161718191a25262728292a3435363738393a434445464748494a535455565758595a636465666768696a737475767778797a838485868788898a92939495969798999aa2a3a4a5a6a7a8a9aab2b3b4b5b6b7b8b9bac2c3c4c5c6c7c8c9cad2d3d4d5d6d7d8d9dae1e2e3e4e5e6e7e8e9eaf1f2f3f4f5f6f7f8f9faffc4001f0100030101010101010101010000000000000102030405060708090a0bffc400b51100020102040403040705040400010277000102031104052131061241510761711322328108144291a1b1c109233352f0156272d10a162434e125f11718191a262728292a35363738393a434445464748494a535455565758595a636465666768696a737475767778797a82838485868788898a92939495969798999aa2a3a4a5a6a7a8a9aab2b3b4b5b6b7b8b9bac2c3c4c5c6c7c8c9cad2d3d4d5d6d7d8d9dae2e3e4e5e6e7e8e9eaf2f3f4f5f6f7f8f9faffda000e040100021103110400003f00f9fe8a28a00f9fe8a28a28a28a0028a28a28a28a0028a28a28a28a0028a28a28a28a0028a28a28a28a0028a28a28a28a0028a28a28a28a0028a28a28a28a0028a28a28a28a0028a28a28a28a0028a28a28a28a0028a28a28a28a0028a28a28a28a0028a28a28a28a0028a28a28a28a0028a28a28a28a0028a28a28a28a0028a28a28a28a0028a28a28a28a0028a28a28a28a0028a28a28a28a0028a28a28a28a0028a28a28a28a0028a28a28a28a0028a28a28a28a0028a28a28a28a0028a28a28a28a0028a28a28a28a0028a28a28a28a0028a28a28a28a0028a28a28a28a0028a28a28a28a0028a28a28a28a0028a28a28a28a0028a28a28a28a0028a28a28a28a0028a28a28a28a0028a28a28a28a0028a28a28a28a0028a28a28a28a0028a28a28a28a0028a28a28a28a0028a28a28a28a0028a28a28a28a0028a28a28a28a0028a28a28a28a0028a28a28a28a0028a28a28a28a0028a28a28a28a0028a28a28a28a0028a28a28a28a0028a28a28a28a0028a28a28a28a0028a28a28a28a0028a28a28a28a0028a28a28a28a0028a28a28a28a0028a28a28a28a0028a28a28a28a0028a28a28a28a0028a28a28a28a0028a28a28a28a0028a28a28a28a0028a28a28a28a0028a28a28a28a0028a28a28a28a0028a28a28a28a0028a28a28a28a0028a28a28a28a0028a28a28a28a0028a28a28a28a0028a28a28a28a0028a28a28a28a0028a28a28a28a0028a28a28a28a0028a28a28a28a0028a28a28a28a0028a28a28a28a0028a28a28a28a0028a28a28a28a0028a28a28a28a0028a28a28a28a0028a28a28a28a0028a28a28a28a0028a28a28a28a0028a28a28a28a0028a28a28a28a0028a28a28a28a0028a28a28a28a0028a28a28a28a0028a28a28a28a0028a28a28a28a0028a28a28a28a0028a28a28a28a0028a28a28a28a0028a28a28a28a0028a28a28a28a0028a28a28a28a0028a28a28a28a0028a28a28a28a0028a28a28a28a0028a28a28a28a0028a28a28a28a0028a28a28a28a0028a28a28a28a0028a28a28a28a0028a28a28a28a0028a28a28a28a0028a28a28a28a0028a28a28a28a0028a28a28a28a0028a28a28a28a0028a28a28a28a0028a28a28a28a0028a28a28a28a0028a28a28a28a0028a28a28a28a0028a28a28a28a0028a28a28a28a0028a28a28a28a0028a28a28a28a0028a28a28a28a0028a28a28a28a0028a28a28a28a0028a28a28a28a0028a28a28a28a0028a28a28a28a0028a28a28a28a0028a28a28a28a0028a28a28a28a0028a28a28a28a0028a28a28a28a0028a28a28a28a0028a28a28a28a0028a28a28a28a0028a28a28a28a0028a28a28a28a0028a28a28a28a0028a28a28a28a0028a28a28a28a0028a28a28a28a0028a28a28a28a0028a28a28a28a0028a28a28a28a0028a28a28a28a0028a28a28a28a0028a28a28a28a0028a28a28a28a0028a28a28a28a0028a28a28a28a0028a28a28a28a0028a28a28a28a0028a28a28a28a0028a28a28a28a0028a28a28a28a0028a28a28a28a0028a28a28a28a0028a28a28a28a0028a28a28a28a0028a28a28a28a0028a28a28a28a0028a28a28a28a0028a28a28a28a0028a28a28a28a0028a28a28a28a0028a28a28a28a0028a28a28a28a0028a28a28a28a0028a28affd9', 'name 9', 'www.ya.ru');
                        insert into clicks (bannerid, counting) values (1000009, 91);
                        insert into shows (bannerid, counting) values (1000009, 109);
                        insert into banner (id, content, name, ref) values (1000010, X'01ffd8ffdb004300080606070605080707070909080a0c140d0c0b0b0c1912130f141d1a1f1e1d1a1c1c20242e2720222c231c1c2837292c30313434341f27393d38323c2e333432ffdb0043010909090c0b0c180d0d1832211c213232323232323232323232323232323232323232323232323232323232323232323232323232323232323232323232323232ffc000140800c800c804012200021101031101042200ffc4001f0000010501010101010100000000000000000102030405060708090a0bffc400b5100002010303020403050504040000017d01020300041105122131410613516107227114328191a1082342b1c11552d1f02433627282090a161718191a25262728292a3435363738393a434445464748494a535455565758595a636465666768696a737475767778797a838485868788898a92939495969798999aa2a3a4a5a6a7a8a9aab2b3b4b5b6b7b8b9bac2c3c4c5c6c7c8c9cad2d3d4d5d6d7d8d9dae1e2e3e4e5e6e7e8e9eaf1f2f3f4f5f6f7f8f9faffc4001f0100030101010101010101010000000000000102030405060708090a0bffc400b51100020102040403040705040400010277000102031104052131061241510761711322328108144291a1b1c109233352f0156272d10a162434e125f11718191a262728292a35363738393a434445464748494a535455565758595a636465666768696a737475767778797a82838485868788898a92939495969798999aa2a3a4a5a6a7a8a9aab2b3b4b5b6b7b8b9bac2c3c4c5c6c7c8c9cad2d3d4d5d6d7d8d9dae2e3e4e5e6e7e8e9eaf2f3f4f5f6f7f8f9faffda000e040100021103110400003f00f9fe8a28a00f9fe8a28a28a28a0028a28a28a28a0028a28a28a28a0028a28a28a28a0028a28a28a28a0028a28a28a28a0028a28a28a28a0028a28a28a28a0028a28a28a28a0028a28a28a28a0028a28a28a28a0028a28a28a28a0028a28a28a28a0028a28a28a28a0028a28a28a28a0028a28a28a28a0028a28a28a28a0028a28a28a28a0028a28a28a28a0028a28a28a28a0028a28a28a28a0028a28a28a28a0028a28a28a28a0028a28a28a28a0028a28a28a28a0028a28a28a28a0028a28a28a28a0028a28a28a28a0028a28a28a28a0028a28a28a28a0028a28a28a28a0028a28a28a28a0028a28a28a28a0028a28a28a28a0028a28a28a28a0028a28a28a28a0028a28a28a28a0028a28a28a28a0028a28a28a28a0028a28a28a28a0028a28a28a28a0028a28a28a28a0028a28a28a28a0028a28a28a28a0028a28a28a28a0028a28a28a28a0028a28a28a28a0028a28a28a28a0028a28a28a28a0028a28a28a28a0028a28a28a28a0028a28a28a28a0028a28a28a28a0028a28a28a28a0028a28a28a28a0028a28a28a28a0028a28a28a28a0028a28a28a28a0028a28a28a28a0028a28a28a28a0028a28a28a28a0028a28a28a28a0028a28a28a28a0028a28a28a28a0028a28a28a28a0028a28a28a28a0028a28a28a28a0028a28a28a28a0028a28a28a28a0028a28a28a28a0028a28a28a28a0028a28a28a28a0028a28a28a28a0028a28a28a28a0028a28a28a28a0028a28a28a28a0028a28a28a28a0028a28a28a28a0028a28a28a28a0028a28a28a28a0028a28a28a28a0028a28a28a28a0028a28a28a28a0028a28a28a28a0028a28a28a28a0028a28a28a28a0028a28a28a28a0028a28a28a28a0028a28a28a28a0028a28a28a28a0028a28a28a28a0028a28a28a28a0028a28a28a28a0028a28a28a28a0028a28a28a28a0028a28a28a28a0028a28a28a28a0028a28a28a28a0028a28a28a28a0028a28a28a28a0028a28a28a28a0028a28a28a28a0028a28a28a28a0028a28a28a28a0028a28a28a28a0028a28a28a28a0028a28a28a28a0028a28a28a28a0028a28a28a28a0028a28a28a28a0028a28a28a28a0028a28a28a28a0028a28a28a28a0028a28a28a28a0028a28a28a28a0028a28a28a28a0028a28a28a28a0028a28a28a28a0028a28a28a28a0028a28a28a28a0028a28a28a28a0028a28a28a28a0028a28a28a28a0028a28a28a28a0028a28a28a28a0028a28a28a28a0028a28a28a28a0028a28a28a28a0028a28a28a28a0028a28a28a28a0028a28a28a28a0028a28a28a28a0028a28a28a28a0028a28a28a28a0028a28a28a28a0028a28a28a28a0028a28a28a28a0028a28a28a28a0028a28a28a28a0028a28a28a28a0028a28a28a28a0028a28a28a28a0028a28a28a28a0028a28a28a28a0028a28a28a28a0028a28a28a28a0028a28a28a28a0028a28a28a28a0028a28a28a28a0028a28a28a28a0028a28a28a28a0028a28a28a28a0028a28a28a28a0028a28a28a28a0028a28a28a28a0028a28a28a28a0028a28a28a28a0028a28a28a28a0028a28a28a28a0028a28a28a28a0028a28a28a28a0028a28a28a28a0028a28a28a28a0028a28a28a28a0028a28a28a28a0028a28a28a28a0028a28a28a28a0028a28a28a28a0028a28affd9', 'name 10', 'www.ya.ru');
                        insert into clicks (bannerid, counting) values (1000010, 90);
                        insert into shows (bannerid, counting) values (1000010, 110);
                        insert into banner (id, content, name, ref) values (1000011, X'01ffd8ffdb004300080606070605080707070909080a0c140d0c0b0b0c1912130f141d1a1f1e1d1a1c1c20242e2720222c231c1c2837292c30313434341f27393d38323c2e333432ffdb0043010909090c0b0c180d0d1832211c213232323232323232323232323232323232323232323232323232323232323232323232323232323232323232323232323232ffc000140800c800c804012200021101031101042200ffc4001f0000010501010101010100000000000000000102030405060708090a0bffc400b5100002010303020403050504040000017d01020300041105122131410613516107227114328191a1082342b1c11552d1f02433627282090a161718191a25262728292a3435363738393a434445464748494a535455565758595a636465666768696a737475767778797a838485868788898a92939495969798999aa2a3a4a5a6a7a8a9aab2b3b4b5b6b7b8b9bac2c3c4c5c6c7c8c9cad2d3d4d5d6d7d8d9dae1e2e3e4e5e6e7e8e9eaf1f2f3f4f5f6f7f8f9faffc4001f0100030101010101010101010000000000000102030405060708090a0bffc400b51100020102040403040705040400010277000102031104052131061241510761711322328108144291a1b1c109233352f0156272d10a162434e125f11718191a262728292a35363738393a434445464748494a535455565758595a636465666768696a737475767778797a82838485868788898a92939495969798999aa2a3a4a5a6a7a8a9aab2b3b4b5b6b7b8b9bac2c3c4c5c6c7c8c9cad2d3d4d5d6d7d8d9dae2e3e4e5e6e7e8e9eaf2f3f4f5f6f7f8f9faffda000e040100021103110400003f00f9fe8a28a00f9fe8a28a28a28a0028a28a28a28a0028a28a28a28a0028a28a28a28a0028a28a28a28a0028a28a28a28a0028a28a28a28a0028a28a28a28a0028a28a28a28a0028a28a28a28a0028a28a28a28a0028a28a28a28a0028a28a28a28a0028a28a28a28a0028a28a28a28a0028a28a28a28a0028a28a28a28a0028a28a28a28a0028a28a28a28a0028a28a28a28a0028a28a28a28a0028a28a28a28a0028a28a28a28a0028a28a28a28a0028a28a28a28a0028a28a28a28a0028a28a28a28a0028a28a28a28a0028a28a28a28a0028a28a28a28a0028a28a28a28a0028a28a28a28a0028a28a28a28a0028a28a28a28a0028a28a28a28a0028a28a28a28a0028a28a28a28a0028a28a28a28a0028a28a28a28a0028a28a28a28a0028a28a28a28a0028a28a28a28a0028a28a28a28a0028a28a28a28a0028a28a28a28a0028a28a28a28a0028a28a28a28a0028a28a28a28a0028a28a28a28a0028a28a28a28a0028a28a28a28a0028a28a28a28a0028a28a28a28a0028a28a28a28a0028a28a28a28a0028a28a28a28a0028a28a28a28a0028a28a28a28a0028a28a28a28a0028a28a28a28a0028a28a28a28a0028a28a28a28a0028a28a28a28a0028a28a28a28a0028a28a28a28a0028a28a28a28a0028a28a28a28a0028a28a28a28a0028a28a28a28a0028a28a28a28a0028a28a28a28a0028a28a28a28a0028a28a28a28a0028a28a28a28a0028a28a28a28a0028a28a28a28a0028a28a28a28a0028a28a28a28a0028a28a28a28a0028a28a28a28a0028a28a28a28a0028a28a28a28a0028a28a28a28a0028a28a28a28a0028a28a28a28a0028a28a28a28a0028a28a28a28a0028a28a28a28a0028a28a28a28a0028a28a28a28a0028a28a28a28a0028a28a28a28a0028a28a28a28a0028a28a28a28a0028a28a28a28a0028a28a28a28a0028a28a28a28a0028a28a28a28a0028a28a28a28a0028a28a28a28a0028a28a28a28a0028a28a28a28a0028a28a28a28a0028a28a28a28a0028a28a28a28a0028a28a28a28a0028a28a28a28a0028a28a28a28a0028a28a28a28a0028a28a28a28a0028a28a28a28a0028a28a28a28a0028a28a28a28a0028a28a28a28a0028a28a28a28a0028a28a28a28a0028a28a28a28a0028a28a28a28a0028a28a28a28a0028a28a28a28a0028a28a28a28a0028a28a28a28a0028a28a28a28a0028a28a28a28a0028a28a28a28a0028a28a28a28a0028a28a28a28a0028a28a28a28a0028a28a28a28a0028a28a28a28a0028a28a28a28a0028a28a28a28a0028a28a28a28a0028a28a28a28a0028a28a28a28a0028a28a28a28a0028a28a28a28a0028a28a28a28a0028a28a28a28a0028a28a28a28a0028a28a28a28a0028a28a28a28a0028a28a28a28a0028a28a28a28a0028a28a28a28a0028a28a28a28a0028a28a28a28a0028a28a28a28a0028a28a28a28a0028a28a28a28a0028a28a28a28a0028a28a28a28a0028a28a28a28a0028a28a28a28a0028a28a28a28a0028a28a28a28a0028a28a28a28a0028a28a28a28a0028a28a28a28a0028a28a28a28a0028a28a28a28a0028a28a28a28a0028a28a28a28a0028a28a28a28a0028a28a28a28a0028a28a28a28a0028a28a28a28a0028a28a28a28a0028a28affd9', 'name 11', 'www.ya.ru');
                        insert into clicks (bannerid, counting) values (1000011, 89);
                        insert into shows (bannerid, counting) values (1000011, 111);
                        insert into banner (id, content, name, ref) values (1000012, X'01ffd8ffdb004300080606070605080707070909080a0c140d0c0b0b0c1912130f141d1a1f1e1d1a1c1c20242e2720222c231c1c2837292c30313434341f27393d38323c2e333432ffdb0043010909090c0b0c180d0d1832211c213232323232323232323232323232323232323232323232323232323232323232323232323232323232323232323232323232ffc000140800c800c804012200021101031101042200ffc4001f0000010501010101010100000000000000000102030405060708090a0bffc400b5100002010303020403050504040000017d01020300041105122131410613516107227114328191a1082342b1c11552d1f02433627282090a161718191a25262728292a3435363738393a434445464748494a535455565758595a636465666768696a737475767778797a838485868788898a92939495969798999aa2a3a4a5a6a7a8a9aab2b3b4b5b6b7b8b9bac2c3c4c5c6c7c8c9cad2d3d4d5d6d7d8d9dae1e2e3e4e5e6e7e8e9eaf1f2f3f4f5f6f7f8f9faffc4001f0100030101010101010101010000000000000102030405060708090a0bffc400b51100020102040403040705040400010277000102031104052131061241510761711322328108144291a1b1c109233352f0156272d10a162434e125f11718191a262728292a35363738393a434445464748494a535455565758595a636465666768696a737475767778797a82838485868788898a92939495969798999aa2a3a4a5a6a7a8a9aab2b3b4b5b6b7b8b9bac2c3c4c5c6c7c8c9cad2d3d4d5d6d7d8d9dae2e3e4e5e6e7e8e9eaf2f3f4f5f6f7f8f9faffda000e040100021103110400003f00f9fe8a28a00f9fe8a28a28a28a0028a28a28a28a0028a28a28a28a0028a28a28a28a0028a28a28a28a0028a28a28a28a0028a28a28a28a0028a28a28a28a0028a28a28a28a0028a28a28a28a0028a28a28a28a0028a28a28a28a0028a28a28a28a0028a28a28a28a0028a28a28a28a0028a28a28a28a0028a28a28a28a0028a28a28a28a0028a28a28a28a0028a28a28a28a0028a28a28a28a0028a28a28a28a0028a28a28a28a0028a28a28a28a0028a28a28a28a0028a28a28a28a0028a28a28a28a0028a28a28a28a0028a28a28a28a0028a28a28a28a0028a28a28a28a0028a28a28a28a0028a28a28a28a0028a28a28a28a0028a28a28a28a0028a28a28a28a0028a28a28a28a0028a28a28a28a0028a28a28a28a0028a28a28a28a0028a28a28a28a0028a28a28a28a0028a28a28a28a0028a28a28a28a0028a28a28a28a0028a28a28a28a0028a28a28a28a0028a28a28a28a0028a28a28a28a0028a28a28a28a0028a28a28a28a0028a28a28a28a0028a28a28a28a0028a28a28a28a0028a28a28a28a0028a28a28a28a0028a28a28a28a0028a28a28a28a0028a28a28a28a0028a28a28a28a0028a28a28a28a0028a28a28a28a0028a28a28a28a0028a28a28a28a0028a28a28a28a0028a28a28a28a0028a28a28a28a0028a28a28a28a0028a28a28a28a0028a28a28a28a0028a28a28a28a0028a28a28a28a0028a28a28a28a0028a28a28a28a0028a28a28a28a0028a28a28a28a0028a28a28a28a0028a28a28a28a0028a28a28a28a0028a28a28a28a0028a28a28a28a0028a28a28a28a0028a28a28a28a0028a28a28a28a0028a28a28a28a0028a28a28a28a0028a28a28a28a0028a28a28a28a0028a28a28a28a0028a28a28a28a0028a28a28a28a0028a28a28a28a0028a28a28a28a0028a28a28a28a0028a28a28a28a0028a28a28a28a0028a28a28a28a0028a28a28a28a0028a28a28a28a0028a28a28a28a0028a28a28a28a0028a28a28a28a0028a28a28a28a0028a28a28a28a0028a28a28a28a0028a28a28a28a0028a28a28a28a0028a28a28a28a0028a28a28a28a0028a28a28a28a0028a28a28a28a0028a28a28a28a0028a28a28a28a0028a28a28a28a0028a28a28a28a0028a28a28a28a0028a28a28a28a0028a28a28a28a0028a28a28a28a0028a28a28a28a0028a28a28a28a0028a28a28a28a0028a28a28a28a0028a28a28a28a0028a28a28a28a0028a28a28a28a0028a28a28a28a0028a28a28a28a0028a28a28a28a0028a28a28a28a0028a28a28a28a0028a28a28a28a0028a28a28a28a0028a28a28a28a0028a28a28a28a0028a28a28a28a0028a28a28a28a0028a28a28a28a0028a28a28a28a0028a28a28a28a0028a28a28a28a0028a28a28a28a0028a28a28a28a0028a28a28a28a0028a28a28a28a0028a28a28a28a0028a28a28a28a0028a28a28a28a0028a28a28a28a0028a28a28a28a0028a28a28a28a0028a28a28a28a0028a28a28a28a0028a28a28a28a0028a28a28a28a0028a28a28a28a0028a28a28a28a0028a28a28a28a0028a28a28a28a0028a28a28a28a0028a28a28a28a0028a28a28a28a0028a28a28a28a0028a28a28a28a0028a28a28a28a0028a28a28a28a0028a28a28a28a0028a28a28a28a0028a28affd9', 'name 12', 'www.ya.ru');
                        insert into clicks (bannerid, counting) values (1000012, 88);
                        insert into shows (bannerid, counting) values (1000012, 112);
                        insert into banner (id, content, name, ref) values (1000013, X'01ffd8ffdb004300080606070605080707070909080a0c140d0c0b0b0c1912130f141d1a1f1e1d1a1c1c20242e2720222c231c1c2837292c30313434341f27393d38323c2e333432ffdb0043010909090c0b0c180d0d1832211c213232323232323232323232323232323232323232323232323232323232323232323232323232323232323232323232323232ffc000140800c800c804012200021101031101042200ffc4001f0000010501010101010100000000000000000102030405060708090a0bffc400b5100002010303020403050504040000017d01020300041105122131410613516107227114328191a1082342b1c11552d1f02433627282090a161718191a25262728292a3435363738393a434445464748494a535455565758595a636465666768696a737475767778797a838485868788898a92939495969798999aa2a3a4a5a6a7a8a9aab2b3b4b5b6b7b8b9bac2c3c4c5c6c7c8c9cad2d3d4d5d6d7d8d9dae1e2e3e4e5e6e7e8e9eaf1f2f3f4f5f6f7f8f9faffc4001f0100030101010101010101010000000000000102030405060708090a0bffc400b51100020102040403040705040400010277000102031104052131061241510761711322328108144291a1b1c109233352f0156272d10a162434e125f11718191a262728292a35363738393a434445464748494a535455565758595a636465666768696a737475767778797a82838485868788898a92939495969798999aa2a3a4a5a6a7a8a9aab2b3b4b5b6b7b8b9bac2c3c4c5c6c7c8c9cad2d3d4d5d6d7d8d9dae2e3e4e5e6e7e8e9eaf2f3f4f5f6f7f8f9faffda000e040100021103110400003f00f9fe8a28a00f9fe8a28a28a28a0028a28a28a28a0028a28a28a28a0028a28a28a28a0028a28a28a28a0028a28a28a28a0028a28a28a28a0028a28a28a28a0028a28a28a28a0028a28a28a28a0028a28a28a28a0028a28a28a28a0028a28a28a28a0028a28a28a28a0028a28a28a28a0028a28a28a28a0028a28a28a28a0028a28a28a28a0028a28a28a28a0028a28a28a28a0028a28a28a28a0028a28a28a28a0028a28a28a28a0028a28a28a28a0028a28a28a28a0028a28a28a28a0028a28a28a28a0028a28a28a28a0028a28a28a28a0028a28a28a28a0028a28a28a28a0028a28a28a28a0028a28a28a28a0028a28a28a28a0028a28a28a28a0028a28a28a28a0028a28a28a28a0028a28a28a28a0028a28a28a28a0028a28a28a28a0028a28a28a28a0028a28a28a28a0028a28a28a28a0028a28a28a28a0028a28a28a28a0028a28a28a28a0028a28a28a28a0028a28a28a28a0028a28a28a28a0028a28a28a28a0028a28a28a28a0028a28a28a28a0028a28a28a28a0028a28a28a28a0028a28a28a28a0028a28a28a28a0028a28a28a28a0028a28a28a28a0028a28a28a28a0028a28a28a28a0028a28a28a28a0028a28a28a28a0028a28a28a28a0028a28a28a28a0028a28a28a28a0028a28a28a28a0028a28a28a28a0028a28a28a28a0028a28a28a28a0028a28a28a28a0028a28a28a28a0028a28a28a28a0028a28a28a28a0028a28a28a28a0028a28a28a28a0028a28a28a28a0028a28a28a28a0028a28a28a28a0028a28a28a28a0028a28a28a28a0028a28a28a28a0028a28a28a28a0028a28a28a28a0028a28a28a28a0028a28a28a28a0028a28a28a28a0028a28a28a28a0028a28a28a28a0028a28a28a28a0028a28a28a28a0028a28a28a28a0028a28a28a28a0028a28a28a28a0028a28a28a28a0028a28a28a28a0028a28a28a28a0028a28a28a28a0028a28a28a28a0028a28a28a28a0028a28a28a28a0028a28a28a28a0028a28a28a28a0028a28a28a28a0028a28a28a28a0028a28a28a28a0028a28a28a28a0028a28a28a28a0028a28a28a28a0028a28a28a28a0028a28a28a28a0028a28a28a28a0028a28a28a28a0028a28a28a28a0028a28a28a28a0028a28a28a28a0028a28a28a28a0028a28a28a28a0028a28a28a28a0028a28a28a28a0028a28a28a28a0028a28a28a28a0028a28a28a28a0028a28a28a28a0028a28a28a28a0028a28a28a28a0028a28a28a28a0028a28a28a28a0028a28a28a28a0028a28a28a28a0028a28a28a28a0028a28a28a28a0028a28a28a28a0028a28a28a28a0028a28a28a28a0028a28a28a28a0028a28a28a28a0028a28a28a28a0028a28a28a28a0028a28a28a28a0028a28a28a28a0028a28a28a28a0028a28a28a28a0028a28a28a28a0028a28a28a28a0028a28a28a28a0028a28a28a28a0028a28a28a28a0028a28a28a28a0028a28a28a28a0028a28a28a28a0028a28a28a28a0028a28a28a28a0028a28a28a28a0028a28a28a28a0028a28a28a28a0028a28a28a28a0028a28a28a28a0028a28a28a28a0028a28a28a28a0028a28a28a28a0028a28a28a28a0028a28a28a28a0028a28a28a28a0028a28a28a28a0028a28a28a28a0028a28a28a28a0028a28a28a28a0028a28a28a28a0028a28affd9', 'name 13', 'www.ya.ru');
                        insert into clicks (bannerid, counting) values (1000013, 87);
                        insert into shows (bannerid, counting) values (1000013, 113);
                        insert into banner (id, content, name, ref) values (1000014, X'01ffd8ffdb004300080606070605080707070909080a0c140d0c0b0b0c1912130f141d1a1f1e1d1a1c1c20242e2720222c231c1c2837292c30313434341f27393d38323c2e333432ffdb0043010909090c0b0c180d0d1832211c213232323232323232323232323232323232323232323232323232323232323232323232323232323232323232323232323232ffc000140800c800c804012200021101031101042200ffc4001f0000010501010101010100000000000000000102030405060708090a0bffc400b5100002010303020403050504040000017d01020300041105122131410613516107227114328191a1082342b1c11552d1f02433627282090a161718191a25262728292a3435363738393a434445464748494a535455565758595a636465666768696a737475767778797a838485868788898a92939495969798999aa2a3a4a5a6a7a8a9aab2b3b4b5b6b7b8b9bac2c3c4c5c6c7c8c9cad2d3d4d5d6d7d8d9dae1e2e3e4e5e6e7e8e9eaf1f2f3f4f5f6f7f8f9faffc4001f0100030101010101010101010000000000000102030405060708090a0bffc400b51100020102040403040705040400010277000102031104052131061241510761711322328108144291a1b1c109233352f0156272d10a162434e125f11718191a262728292a35363738393a434445464748494a535455565758595a636465666768696a737475767778797a82838485868788898a92939495969798999aa2a3a4a5a6a7a8a9aab2b3b4b5b6b7b8b9bac2c3c4c5c6c7c8c9cad2d3d4d5d6d7d8d9dae2e3e4e5e6e7e8e9eaf2f3f4f5f6f7f8f9faffda000e040100021103110400003f00f9fe8a28a00f9fe8a28a28a28a0028a28a28a28a0028a28a28a28a0028a28a28a28a0028a28a28a28a0028a28a28a28a0028a28a28a28a0028a28a28a28a0028a28a28a28a0028a28a28a28a0028a28a28a28a0028a28a28a28a0028a28a28a28a0028a28a28a28a0028a28a28a28a0028a28a28a28a0028a28a28a28a0028a28a28a28a0028a28a28a28a0028a28a28a28a0028a28a28a28a0028a28a28a28a0028a28a28a28a0028a28a28a28a0028a28a28a28a0028a28a28a28a0028a28a28a28a0028a28a28a28a0028a28a28a28a0028a28a28a28a0028a28a28a28a0028a28a28a28a0028a28a28a28a0028a28a28a28a0028a28a28a28a0028a28a28a28a0028a28a28a28a0028a28a28a28a0028a28a28a28a0028a28a28a28a0028a28a28a28a0028a28a28a28a0028a28a28a28a0028a28a28a28a0028a28a28a28a0028a28a28a28a0028a28a28a28a0028a28a28a28a0028a28a28a28a0028a28a28a28a0028a28a28a28a0028a28a28a28a0028a28a28a28a0028a28a28a28a0028a28a28a28a0028a28a28a28a0028a28a28a28a0028a28a28a28a0028a28a28a28a0028a28a28a28a0028a28a28a28a0028a28a28a28a0028a28a28a28a0028a28a28a28a0028a28a28a28a0028a28a28a28a0028a28a28a28a0028a28a28a28a0028a28a28a28a0028a28a28a28a0028a28a28a28a0028a28a28a28a0028a28a28a28a0028a28a28a28a0028a28a28a28a0028a28a28a28a0028a28a28a28a0028a28a28a28a0028a28a28a28a0028a28a28a28a0028a28a28a28a0028a28a28a28a0028a28a28a28a0028a28a28a28a0028a28a28a28a0028a28a28a28a0028a28a28a28a0028a28a28a28a0028a28a28a28a0028a28a28a28a0028a28a28a28a0028a28a28a28a0028a28a28a28a0028a28a28a28a0028a28a28a28a0028a28a28a28a0028a28a28a28a0028a28a28a28a0028a28a28a28a0028a28a28a28a0028a28a28a28a0028a28a28a28a0028a28a28a28a0028a28a28a28a0028a28a28a28a0028a28a28a28a0028a28a28a28a0028a28a28a28a0028a28a28a28a0028a28a28a28a0028a28a28a28a0028a28a28a28a0028a28a28a28a0028a28a28a28a0028a28a28a28a0028a28a28a28a0028a28a28a28a0028a28a28a28a0028a28a28a28a0028a28a28a28a0028a28a28a28a0028a28a28a28a0028a28a28a28a0028a28a28a28a0028a28a28a28a0028a28a28a28a0028a28a28a28a0028a28a28a28a0028a28a28a28a0028a28a28a28a0028a28a28a28a0028a28a28a28a0028a28a28a28a0028a28a28a28a0028a28a28a28a0028a28a28a28a0028a28a28a28a0028a28a28a28a0028a28a28a28a0028a28a28a28a0028a28a28a28a0028a28a28a28a0028a28a28a28a0028a28a28a28a0028a28a28a28a0028a28a28a28a0028a28a28a28a0028a28a28a28a0028a28a28a28a0028a28a28a28a0028a28a28a28a0028a28a28a28a0028a28a28a28a0028a28a28a28a0028a28a28a28a0028a28a28a28a0028a28a28a28a0028a28a28a28a0028a28a28a28a0028a28a28a28a0028a28a28a28a0028a28a28a28a0028a28a28a28a0028a28a28a28a0028a28a28a28a0028a28a28a28a0028a28a28a28a0028a28a28a28a0028a28affd9', 'name 14', 'www.ya.ru');
                        insert into clicks (bannerid, counting) values (1000014, 86);
                        insert into shows (bannerid, counting) values (1000014, 114);
                        insert into banner (id, content, name, ref) values (1000015, X'01ffd8ffdb004300080606070605080707070909080a0c140d0c0b0b0c1912130f141d1a1f1e1d1a1c1c20242e2720222c231c1c2837292c30313434341f27393d38323c2e333432ffdb0043010909090c0b0c180d0d1832211c213232323232323232323232323232323232323232323232323232323232323232323232323232323232323232323232323232ffc000140800c800c804012200021101031101042200ffc4001f0000010501010101010100000000000000000102030405060708090a0bffc400b5100002010303020403050504040000017d01020300041105122131410613516107227114328191a1082342b1c11552d1f02433627282090a161718191a25262728292a3435363738393a434445464748494a535455565758595a636465666768696a737475767778797a838485868788898a92939495969798999aa2a3a4a5a6a7a8a9aab2b3b4b5b6b7b8b9bac2c3c4c5c6c7c8c9cad2d3d4d5d6d7d8d9dae1e2e3e4e5e6e7e8e9eaf1f2f3f4f5f6f7f8f9faffc4001f0100030101010101010101010000000000000102030405060708090a0bffc400b51100020102040403040705040400010277000102031104052131061241510761711322328108144291a1b1c109233352f0156272d10a162434e125f11718191a262728292a35363738393a434445464748494a535455565758595a636465666768696a737475767778797a82838485868788898a92939495969798999aa2a3a4a5a6a7a8a9aab2b3b4b5b6b7b8b9bac2c3c4c5c6c7c8c9cad2d3d4d5d6d7d8d9dae2e3e4e5e6e7e8e9eaf2f3f4f5f6f7f8f9faffda000e040100021103110400003f00f9fe8a28a00f9fe8a28a28a28a0028a28a28a28a0028a28a28a28a0028a28a28a28a0028a28a28a28a0028a28a28a28a0028a28a28a28a0028a28a28a28a0028a28a28a28a0028a28a28a28a0028a28a28a28a0028a28a28a28a0028a28a28a28a0028a28a28a28a0028a28a28a28a0028a28a28a28a0028a28a28a28a0028a28a28a28a0028a28a28a28a0028a28a28a28a0028a28a28a28a0028a28a28a28a0028a28a28a28a0028a28a28a28a0028a28a28a28a0028a28a28a28a0028a28a28a28a0028a28a28a28a0028a28a28a28a0028a28a28a28a0028a28a28a28a0028a28a28a28a0028a28a28a28a0028a28a28a28a0028a28a28a28a0028a28a28a28a0028a28a28a28a0028a28a28a28a0028a28a28a28a0028a28a28a28a0028a28a28a28a0028a28a28a28a0028a28a28a28a0028a28a28a28a0028a28a28a28a0028a28a28a28a0028a28a28a28a0028a28a28a28a0028a28a28a28a0028a28a28a28a0028a28a28a28a0028a28a28a28a0028a28a28a28a0028a28a28a28a0028a28a28a28a0028a28a28a28a0028a28a28a28a0028a28a28a28a0028a28a28a28a0028a28a28a28a0028a28a28a28a0028a28a28a28a0028a28a28a28a0028a28a28a28a0028a28a28a28a0028a28a28a28a0028a28a28a28a0028a28a28a28a0028a28a28a28a0028a28a28a28a0028a28a28a28a0028a28a28a28a0028a28a28a28a0028a28a28a28a0028a28a28a28a0028a28a28a28a0028a28a28a28a0028a28a28a28a0028a28a28a28a0028a28a28a28a0028a28a28a28a0028a28a28a28a0028a28a28a28a0028a28a28a28a0028a28a28a28a0028a28a28a28a0028a28a28a28a0028a28a28a28a0028a28a28a28a0028a28a28a28a0028a28a28a28a0028a28a28a28a0028a28a28a28a0028a28a28a28a0028a28a28a28a0028a28a28a28a0028a28a28a28a0028a28a28a28a0028a28a28a28a0028a28a28a28a0028a28a28a28a0028a28a28a28a0028a28a28a28a0028a28a28a28a0028a28a28a28a0028a28a28a28a0028a28a28a28a0028a28a28a28a0028a28a28a28a0028a28a28a28a0028a28a28a28a0028a28a28a28a0028a28a28a28a0028a28a28a28a0028a28a28a28a0028a28a28a28a0028a28a28a28a0028a28a28a28a0028a28a28a28a0028a28a28a28a0028a28a28a28a0028a28a28a28a0028a28a28a28a0028a28a28a28a0028a28a28a28a0028a28a28a28a0028a28a28a28a0028a28a28a28a0028a28a28a28a0028a28a28a28a0028a28a28a28a0028a28a28a28a0028a28a28a28a0028a28a28a28a0028a28a28a28a0028a28a28a28a0028a28a28a28a0028a28a28a28a0028a28a28a28a0028a28a28a28a0028a28a28a28a0028a28a28a28a0028a28a28a28a0028a28a28a28a0028a28a28a28a0028a28a28a28a0028a28a28a28a0028a28a28a28a0028a28a28a28a0028a28a28a28a0028a28a28a28a0028a28a28a28a0028a28a28a28a0028a28a28a28a0028a28a28a28a0028a28a28a28a0028a28a28a28a0028a28a28a28a0028a28a28a28a0028a28a28a28a0028a28a28a28a0028a28a28a28a0028a28a28a28a0028a28a28a28a0028a28a28a28a0028a28a28a28a0028a28a28a28a0028a28a28a28a0028a28affd9', 'name 15', 'www.ya.ru');
                        insert into clicks (bannerid, counting) values (1000015, 85);
                        insert into shows (bannerid, counting) values (1000015, 115);
                        insert into banner (id, content, name, ref) values (1000016, X'01ffd8ffdb004300080606070605080707070909080a0c140d0c0b0b0c1912130f141d1a1f1e1d1a1c1c20242e2720222c231c1c2837292c30313434341f27393d38323c2e333432ffdb0043010909090c0b0c180d0d1832211c213232323232323232323232323232323232323232323232323232323232323232323232323232323232323232323232323232ffc000140800c800c804012200021101031101042200ffc4001f0000010501010101010100000000000000000102030405060708090a0bffc400b5100002010303020403050504040000017d01020300041105122131410613516107227114328191a1082342b1c11552d1f02433627282090a161718191a25262728292a3435363738393a434445464748494a535455565758595a636465666768696a737475767778797a838485868788898a92939495969798999aa2a3a4a5a6a7a8a9aab2b3b4b5b6b7b8b9bac2c3c4c5c6c7c8c9cad2d3d4d5d6d7d8d9dae1e2e3e4e5e6e7e8e9eaf1f2f3f4f5f6f7f8f9faffc4001f0100030101010101010101010000000000000102030405060708090a0bffc400b51100020102040403040705040400010277000102031104052131061241510761711322328108144291a1b1c109233352f0156272d10a162434e125f11718191a262728292a35363738393a434445464748494a535455565758595a636465666768696a737475767778797a82838485868788898a92939495969798999aa2a3a4a5a6a7a8a9aab2b3b4b5b6b7b8b9bac2c3c4c5c6c7c8c9cad2d3d4d5d6d7d8d9dae2e3e4e5e6e7e8e9eaf2f3f4f5f6f7f8f9faffda000e040100021103110400003f00f9fe8a28a00f9fe8a28a28a28a0028a28a28a28a0028a28a28a28a0028a28a28a28a0028a28a28a28a0028a28a28a28a0028a28a28a28a0028a28a28a28a0028a28a28a28a0028a28a28a28a0028a28a28a28a0028a28a28a28a0028a28a28a28a0028a28a28a28a0028a28a28a28a0028a28a28a28a0028a28a28a28a0028a28a28a28a0028a28a28a28a0028a28a28a28a0028a28a28a28a0028a28a28a28a0028a28a28a28a0028a28a28a28a0028a28a28a28a0028a28a28a28a0028a28a28a28a0028a28a28a28a0028a28a28a28a0028a28a28a28a0028a28a28a28a0028a28a28a28a0028a28a28a28a0028a28a28a28a0028a28a28a28a0028a28a28a28a0028a28a28a28a0028a28a28a28a0028a28a28a28a0028a28a28a28a0028a28a28a28a0028a28a28a28a0028a28a28a28a0028a28a28a28a0028a28a28a28a0028a28a28a28a0028a28a28a28a0028a28a28a28a0028a28a28a28a0028a28a28a28a0028a28a28a28a0028a28a28a28a0028a28a28a28a0028a28a28a28a0028a28a28a28a0028a28a28a28a0028a28a28a28a0028a28a28a28a0028a28a28a28a0028a28a28a28a0028a28a28a28a0028a28a28a28a0028a28a28a28a0028a28a28a28a0028a28a28a28a0028a28a28a28a0028a28a28a28a0028a28a28a28a0028a28a28a28a0028a28a28a28a0028a28a28a28a0028a28a28a28a0028a28a28a28a0028a28a28a28a0028a28a28a28a0028a28a28a28a0028a28a28a28a0028a28a28a28a0028a28a28a28a0028a28a28a28a0028a28a28a28a0028a28a28a28a0028a28a28a28a0028a28a28a28a0028a28a28a28a0028a28a28a28a0028a28a28a28a0028a28a28a28a0028a28a28a28a0028a28a28a28a0028a28a28a28a0028a28a28a28a0028a28a28a28a0028a28a28a28a0028a28a28a28a0028a28a28a28a0028a28a28a28a0028a28a28a28a0028a28a28a28a0028a28a28a28a0028a28a28a28a0028a28a28a28a0028a28a28a28a0028a28a28a28a0028a28a28a28a0028a28a28a28a0028a28a28a28a0028a28a28a28a0028a28a28a28a0028a28a28a28a0028a28a28a28a0028a28a28a28a0028a28a28a28a0028a28a28a28a0028a28a28a28a0028a28a28a28a0028a28a28a28a0028a28a28a28a0028a28a28a28a0028a28a28a28a0028a28a28a28a0028a28a28a28a0028a28a28a28a0028a28a28a28a0028a28a28a28a0028a28a28a28a0028a28a28a28a0028a28a28a28a0028a28a28a28a0028a28a28a28a0028a28a28a28a0028a28a28a28a0028a28a28a28a0028a28a28a28a0028a28a28a28a0028a28a28a28a0028a28a28a28a0028a28a28a28a0028a28a28a28a0028a28a28a28a0028a28a28a28a0028a28a28a28a0028a28a28a28a0028a28a28a28a0028a28a28a28a0028a28a28a28a0028a28a28a28a0028a28a28a28a0028a28a28a28a0028a28a28a28a0028a28a28a28a0028a28a28a28a0028a28a28a28a0028a28a28a28a0028a28a28a28a0028a28a28a28a0028a28a28a28a0028a28a28a28a0028a28a28a28a0028a28a28a28a0028a28a28a28a0028a28a28a28a0028a28a28a28a0028a28a28a28a0028a28a28a28a0028a28a28a28a0028a28a28a28a0028a28a28a28a0028a28affd9', 'name 16', 'www.ya.ru');
                        insert into clicks (bannerid, counting) values (1000016, 84);
                        insert into shows (bannerid, counting) values (1000016, 116);
                        insert into banner (id, content, name, ref) values (1000017, X'01ffd8ffdb004300080606070605080707070909080a0c140d0c0b0b0c1912130f141d1a1f1e1d1a1c1c20242e2720222c231c1c2837292c30313434341f27393d38323c2e333432ffdb0043010909090c0b0c180d0d1832211c213232323232323232323232323232323232323232323232323232323232323232323232323232323232323232323232323232ffc000140800c800c804012200021101031101042200ffc4001f0000010501010101010100000000000000000102030405060708090a0bffc400b5100002010303020403050504040000017d01020300041105122131410613516107227114328191a1082342b1c11552d1f02433627282090a161718191a25262728292a3435363738393a434445464748494a535455565758595a636465666768696a737475767778797a838485868788898a92939495969798999aa2a3a4a5a6a7a8a9aab2b3b4b5b6b7b8b9bac2c3c4c5c6c7c8c9cad2d3d4d5d6d7d8d9dae1e2e3e4e5e6e7e8e9eaf1f2f3f4f5f6f7f8f9faffc4001f0100030101010101010101010000000000000102030405060708090a0bffc400b51100020102040403040705040400010277000102031104052131061241510761711322328108144291a1b1c109233352f0156272d10a162434e125f11718191a262728292a35363738393a434445464748494a535455565758595a636465666768696a737475767778797a82838485868788898a92939495969798999aa2a3a4a5a6a7a8a9aab2b3b4b5b6b7b8b9bac2c3c4c5c6c7c8c9cad2d3d4d5d6d7d8d9dae2e3e4e5e6e7e8e9eaf2f3f4f5f6f7f8f9faffda000e040100021103110400003f00f9fe8a28a00f9fe8a28a28a28a0028a28a28a28a0028a28a28a28a0028a28a28a28a0028a28a28a28a0028a28a28a28a0028a28a28a28a0028a28a28a28a0028a28a28a28a0028a28a28a28a0028a28a28a28a0028a28a28a28a0028a28a28a28a0028a28a28a28a0028a28a28a28a0028a28a28a28a0028a28a28a28a0028a28a28a28a0028a28a28a28a0028a28a28a28a0028a28a28a28a0028a28a28a28a0028a28a28a28a0028a28a28a28a0028a28a28a28a0028a28a28a28a0028a28a28a28a0028a28a28a28a0028a28a28a28a0028a28a28a28a0028a28a28a28a0028a28a28a28a0028a28a28a28a0028a28a28a28a0028a28a28a28a0028a28a28a28a0028a28a28a28a0028a28a28a28a0028a28a28a28a0028a28a28a28a0028a28a28a28a0028a28a28a28a0028a28a28a28a0028a28a28a28a0028a28a28a28a0028a28a28a28a0028a28a28a28a0028a28a28a28a0028a28a28a28a0028a28a28a28a0028a28a28a28a0028a28a28a28a0028a28a28a28a0028a28a28a28a0028a28a28a28a0028a28a28a28a0028a28a28a28a0028a28a28a28a0028a28a28a28a0028a28a28a28a0028a28a28a28a0028a28a28a28a0028a28a28a28a0028a28a28a28a0028a28a28a28a0028a28a28a28a0028a28a28a28a0028a28a28a28a0028a28a28a28a0028a28a28a28a0028a28a28a28a0028a28a28a28a0028a28a28a28a0028a28a28a28a0028a28a28a28a0028a28a28a28a0028a28a28a28a0028a28a28a28a0028a28a28a28a0028a28a28a28a0028a28a28a28a0028a28a28a28a0028a28a28a28a0028a28a28a28a0028a28a28a28a0028a28a28a28a0028a28a28a28a0028a28a28a28a0028a28a28a28a0028a28a28a28a0028a28a28a28a0028a28a28a28a0028a28a28a28a0028a28a28a28a0028a28a28a28a0028a28a28a28a0028a28a28a28a0028a28a28a28a0028a28a28a28a0028a28a28a28a0028a28a28a28a0028a28a28a28a0028a28a28a28a0028a28a28a28a0028a28a28a28a0028a28a28a28a0028a28a28a28a0028a28a28a28a0028a28a28a28a0028a28a28a28a0028a28a28a28a0028a28a28a28a0028a28a28a28a0028a28a28a28a0028a28a28a28a0028a28a28a28a0028a28a28a28a0028a28a28a28a0028a28a28a28a0028a28a28a28a0028a28a28a28a0028a28a28a28a0028a28a28a28a0028a28a28a28a0028a28a28a28a0028a28a28a28a0028a28a28a28a0028a28a28a28a0028a28a28a28a0028a28a28a28a0028a28a28a28a0028a28a28a28a0028a28a28a28a0028a28a28a28a0028a28a28a28a0028a28a28a28a0028a28a28a28a0028a28a28a28a0028a28a28a28a0028a28a28a28a0028a28a28a28a0028a28a28a28a0028a28a28a28a0028a28a28a28a0028a28a28a28a0028a28a28a28a0028a28a28a28a0028a28a28a28a0028a28a28a28a0028a28a28a28a0028a28a28a28a0028a28a28a28a0028a28a28a28a0028a28a28a28a0028a28a28a28a0028a28a28a28a0028a28a28a28a0028a28a28a28a0028a28a28a28a0028a28a28a28a0028a28a28a28a0028a28a28a28a0028a28a28a28a0028a28a28a28a0028a28a28a28a0028a28a28a28a0028a28a28a28a0028a28a28a28a0028a28affd9', 'name 17', 'www.ya.ru');
                        insert into clicks (bannerid, counting) values (1000017, 83);
                        insert into shows (bannerid, counting) values (1000017, 117);
                        insert into banner (id, content, name, ref) values (1000018, X'01ffd8ffdb004300080606070605080707070909080a0c140d0c0b0b0c1912130f141d1a1f1e1d1a1c1c20242e2720222c231c1c2837292c30313434341f27393d38323c2e333432ffdb0043010909090c0b0c180d0d1832211c213232323232323232323232323232323232323232323232323232323232323232323232323232323232323232323232323232ffc000140800c800c804012200021101031101042200ffc4001f0000010501010101010100000000000000000102030405060708090a0bffc400b5100002010303020403050504040000017d01020300041105122131410613516107227114328191a1082342b1c11552d1f02433627282090a161718191a25262728292a3435363738393a434445464748494a535455565758595a636465666768696a737475767778797a838485868788898a92939495969798999aa2a3a4a5a6a7a8a9aab2b3b4b5b6b7b8b9bac2c3c4c5c6c7c8c9cad2d3d4d5d6d7d8d9dae1e2e3e4e5e6e7e8e9eaf1f2f3f4f5f6f7f8f9faffc4001f0100030101010101010101010000000000000102030405060708090a0bffc400b51100020102040403040705040400010277000102031104052131061241510761711322328108144291a1b1c109233352f0156272d10a162434e125f11718191a262728292a35363738393a434445464748494a535455565758595a636465666768696a737475767778797a82838485868788898a92939495969798999aa2a3a4a5a6a7a8a9aab2b3b4b5b6b7b8b9bac2c3c4c5c6c7c8c9cad2d3d4d5d6d7d8d9dae2e3e4e5e6e7e8e9eaf2f3f4f5f6f7f8f9faffda000e040100021103110400003f00f9fe8a28a00f9fe8a28a28a28a0028a28a28a28a0028a28a28a28a0028a28a28a28a0028a28a28a28a0028a28a28a28a0028a28a28a28a0028a28a28a28a0028a28a28a28a0028a28a28a28a0028a28a28a28a0028a28a28a28a0028a28a28a28a0028a28a28a28a0028a28a28a28a0028a28a28a28a0028a28a28a28a0028a28a28a28a0028a28a28a28a0028a28a28a28a0028a28a28a28a0028a28a28a28a0028a28a28a28a0028a28a28a28a0028a28a28a28a0028a28a28a28a0028a28a28a28a0028a28a28a28a0028a28a28a28a0028a28a28a28a0028a28a28a28a0028a28a28a28a0028a28a28a28a0028a28a28a28a0028a28a28a28a0028a28a28a28a0028a28a28a28a0028a28a28a28a0028a28a28a28a0028a28a28a28a0028a28a28a28a0028a28a28a28a0028a28a28a28a0028a28a28a28a0028a28a28a28a0028a28a28a28a0028a28a28a28a0028a28a28a28a0028a28a28a28a0028a28a28a28a0028a28a28a28a0028a28a28a28a0028a28a28a28a0028a28a28a28a0028a28a28a28a0028a28a28a28a0028a28a28a28a0028a28a28a28a0028a28a28a28a0028a28a28a28a0028a28a28a28a0028a28a28a28a0028a28a28a28a0028a28a28a28a0028a28a28a28a0028a28a28a28a0028a28a28a28a0028a28a28a28a0028a28a28a28a0028a28a28a28a0028a28a28a28a0028a28a28a28a0028a28a28a28a0028a28a28a28a0028a28a28a28a0028a28a28a28a0028a28a28a28a0028a28a28a28a0028a28a28a28a0028a28a28a28a0028a28a28a28a0028a28a28a28a0028a28a28a28a0028a28a28a28a0028a28a28a28a0028a28a28a28a0028a28a28a28a0028a28a28a28a0028a28a28a28a0028a28a28a28a0028a28a28a28a0028a28a28a28a0028a28a28a28a0028a28a28a28a0028a28a28a28a0028a28a28a28a0028a28a28a28a0028a28a28a28a0028a28a28a28a0028a28a28a28a0028a28a28a28a0028a28a28a28a0028a28a28a28a0028a28a28a28a0028a28a28a28a0028a28a28a28a0028a28a28a28a0028a28a28a28a0028a28a28a28a0028a28a28a28a0028a28a28a28a0028a28a28a28a0028a28a28a28a0028a28a28a28a0028a28a28a28a0028a28a28a28a0028a28a28a28a0028a28a28a28a0028a28a28a28a0028a28a28a28a0028a28a28a28a0028a28a28a28a0028a28a28a28a0028a28a28a28a0028a28a28a28a0028a28a28a28a0028a28a28a28a0028a28a28a28a0028a28a28a28a0028a28a28a28a0028a28a28a28a0028a28a28a28a0028a28a28a28a0028a28a28a28a0028a28a28a28a0028a28a28a28a0028a28a28a28a0028a28a28a28a0028a28a28a28a0028a28a28a28a0028a28a28a28a0028a28a28a28a0028a28a28a28a0028a28a28a28a0028a28a28a28a0028a28a28a28a0028a28a28a28a0028a28a28a28a0028a28a28a28a0028a28a28a28a0028a28a28a28a0028a28a28a28a0028a28a28a28a0028a28a28a28a0028a28a28a28a0028a28a28a28a0028a28a28a28a0028a28a28a28a0028a28a28a28a0028a28a28a28a0028a28a28a28a0028a28a28a28a0028a28a28a28a0028a28a28a28a0028a28a28a28a0028a28a28a28a0028a28a28a28a0028a28a28a28a0028a28affd9', 'name 18', 'www.ya.ru');
                        insert into clicks (bannerid, counting) values (1000018, 82);
                        insert into shows (bannerid, counting) values (1000018, 118);
                        insert into banner (id, content, name, ref) values (1000019, X'01ffd8ffdb004300080606070605080707070909080a0c140d0c0b0b0c1912130f141d1a1f1e1d1a1c1c20242e2720222c231c1c2837292c30313434341f27393d38323c2e333432ffdb0043010909090c0b0c180d0d1832211c213232323232323232323232323232323232323232323232323232323232323232323232323232323232323232323232323232ffc000140800c800c804012200021101031101042200ffc4001f0000010501010101010100000000000000000102030405060708090a0bffc400b5100002010303020403050504040000017d01020300041105122131410613516107227114328191a1082342b1c11552d1f02433627282090a161718191a25262728292a3435363738393a434445464748494a535455565758595a636465666768696a737475767778797a838485868788898a92939495969798999aa2a3a4a5a6a7a8a9aab2b3b4b5b6b7b8b9bac2c3c4c5c6c7c8c9cad2d3d4d5d6d7d8d9dae1e2e3e4e5e6e7e8e9eaf1f2f3f4f5f6f7f8f9faffc4001f0100030101010101010101010000000000000102030405060708090a0bffc400b51100020102040403040705040400010277000102031104052131061241510761711322328108144291a1b1c109233352f0156272d10a162434e125f11718191a262728292a35363738393a434445464748494a535455565758595a636465666768696a737475767778797a82838485868788898a92939495969798999aa2a3a4a5a6a7a8a9aab2b3b4b5b6b7b8b9bac2c3c4c5c6c7c8c9cad2d3d4d5d6d7d8d9dae2e3e4e5e6e7e8e9eaf2f3f4f5f6f7f8f9faffda000e040100021103110400003f00f9fe8a28a00f9fe8a28a28a28a0028a28a28a28a0028a28a28a28a0028a28a28a28a0028a28a28a28a0028a28a28a28a0028a28a28a28a0028a28a28a28a0028a28a28a28a0028a28a28a28a0028a28a28a28a0028a28a28a28a0028a28a28a28a0028a28a28a28a0028a28a28a28a0028a28a28a28a0028a28a28a28a0028a28a28a28a0028a28a28a28a0028a28a28a28a0028a28a28a28a0028a28a28a28a0028a28a28a28a0028a28a28a28a0028a28a28a28a0028a28a28a28a0028a28a28a28a0028a28a28a28a0028a28a28a28a0028a28a28a28a0028a28a28a28a0028a28a28a28a0028a28a28a28a0028a28a28a28a0028a28a28a28a0028a28a28a28a0028a28a28a28a0028a28a28a28a0028a28a28a28a0028a28a28a28a0028a28a28a28a0028a28a28a28a0028a28a28a28a0028a28a28a28a0028a28a28a28a0028a28a28a28a0028a28a28a28a0028a28a28a28a0028a28a28a28a0028a28a28a28a0028a28a28a28a0028a28a28a28a0028a28a28a28a0028a28a28a28a0028a28a28a28a0028a28a28a28a0028a28a28a28a0028a28a28a28a0028a28a28a28a0028a28a28a28a0028a28a28a28a0028a28a28a28a0028a28a28a28a0028a28a28a28a0028a28a28a28a0028a28a28a28a0028a28a28a28a0028a28a28a28a0028a28a28a28a0028a28a28a28a0028a28a28a28a0028a28a28a28a0028a28a28a28a0028a28a28a28a0028a28a28a28a0028a28a28a28a0028a28a28a28a0028a28a28a28a0028a28a28a28a0028a28a28a28a0028a28a28a28a0028a28a28a28a0028a28a28a28a0028a28a28a28a0028a28a28a28a0028a28a28a28a0028a28a28a28a0028a28a28a28a0028a28a28a28a0028a28a28a28a0028a28a28a28a0028a28a28a28a0028a28a28a28a0028a28a28a28a0028a28a28a28a0028a28a28a28a0028a28a28a28a0028a28a28a28a0028a28a28a28a0028a28a28a28a0028a28a28a28a0028a28a28a28a0028a28a28a28a0028a28a28a28a0028a28a28a28a0028a28a28a28a0028a28a28a28a0028a28a28a28a0028a28a28a28a0028a28a28a28a0028a28a28a28a0028a28a28a28a0028a28a28a28a0028a28a28a28a0028a28a28a28a0028a28a28a28a0028a28a28a28a0028a28a28a28a0028a28a28a28a0028a28a28a28a0028a28a28a28a0028a28a28a28a0028a28a28a28a0028a28a28a28a0028a28a28a28a0028a28a28a28a0028a28a28a28a0028a28a28a28a0028a28a28a28a0028a28a28a28a0028a28a28a28a0028a28a28a28a0028a28a28a28a0028a28a28a28a0028a28a28a28a0028a28a28a28a0028a28a28a28a0028a28a28a28a0028a28a28a28a0028a28a28a28a0028a28a28a28a0028a28a28a28a0028a28a28a28a0028a28a28a28a0028a28a28a28a0028a28a28a28a0028a28a28a28a0028a28a28a28a0028a28a28a28a0028a28a28a28a0028a28a28a28a0028a28a28a28a0028a28a28a28a0028a28a28a28a0028a28a28a28a0028a28a28a28a0028a28a28a28a0028a28a28a28a0028a28a28a28a0028a28a28a28a0028a28a28a28a0028a28a28a28a0028a28a28a28a0028a28a28a28a0028a28a28a28a0028a28a28a28a0028a28a28a28a0028a28a28a28a0028a28affd9', 'name 19', 'www.ya.ru');
                        insert into clicks (bannerid, counting) values (1000019, 81);
                        insert into shows (bannerid, counting) values (1000019, 119);
                        insert into banner (id, content, name, ref) values (1000020, X'01ffd8ffdb004300080606070605080707070909080a0c140d0c0b0b0c1912130f141d1a1f1e1d1a1c1c20242e2720222c231c1c2837292c30313434341f27393d38323c2e333432ffdb0043010909090c0b0c180d0d1832211c213232323232323232323232323232323232323232323232323232323232323232323232323232323232323232323232323232ffc000140800c800c804012200021101031101042200ffc4001f0000010501010101010100000000000000000102030405060708090a0bffc400b5100002010303020403050504040000017d01020300041105122131410613516107227114328191a1082342b1c11552d1f02433627282090a161718191a25262728292a3435363738393a434445464748494a535455565758595a636465666768696a737475767778797a838485868788898a92939495969798999aa2a3a4a5a6a7a8a9aab2b3b4b5b6b7b8b9bac2c3c4c5c6c7c8c9cad2d3d4d5d6d7d8d9dae1e2e3e4e5e6e7e8e9eaf1f2f3f4f5f6f7f8f9faffc4001f0100030101010101010101010000000000000102030405060708090a0bffc400b51100020102040403040705040400010277000102031104052131061241510761711322328108144291a1b1c109233352f0156272d10a162434e125f11718191a262728292a35363738393a434445464748494a535455565758595a636465666768696a737475767778797a82838485868788898a92939495969798999aa2a3a4a5a6a7a8a9aab2b3b4b5b6b7b8b9bac2c3c4c5c6c7c8c9cad2d3d4d5d6d7d8d9dae2e3e4e5e6e7e8e9eaf2f3f4f5f6f7f8f9faffda000e040100021103110400003f00f9fe8a28a00f9fe8a28a28a28a0028a28a28a28a0028a28a28a28a0028a28a28a28a0028a28a28a28a0028a28a28a28a0028a28a28a28a0028a28a28a28a0028a28a28a28a0028a28a28a28a0028a28a28a28a0028a28a28a28a0028a28a28a28a0028a28a28a28a0028a28a28a28a0028a28a28a28a0028a28a28a28a0028a28a28a28a0028a28a28a28a0028a28a28a28a0028a28a28a28a0028a28a28a28a0028a28a28a28a0028a28a28a28a0028a28a28a28a0028a28a28a28a0028a28a28a28a0028a28a28a28a0028a28a28a28a0028a28a28a28a0028a28a28a28a0028a28a28a28a0028a28a28a28a0028a28a28a28a0028a28a28a28a0028a28a28a28a0028a28a28a28a0028a28a28a28a0028a28a28a28a0028a28a28a28a0028a28a28a28a0028a28a28a28a0028a28a28a28a0028a28a28a28a0028a28a28a28a0028a28a28a28a0028a28a28a28a0028a28a28a28a0028a28a28a28a0028a28a28a28a0028a28a28a28a0028a28a28a28a0028a28a28a28a0028a28a28a28a0028a28a28a28a0028a28a28a28a0028a28a28a28a0028a28a28a28a0028a28a28a28a0028a28a28a28a0028a28a28a28a0028a28a28a28a0028a28a28a28a0028a28a28a28a0028a28a28a28a0028a28a28a28a0028a28a28a28a0028a28a28a28a0028a28a28a28a0028a28a28a28a0028a28a28a28a0028a28a28a28a0028a28a28a28a0028a28a28a28a0028a28a28a28a0028a28a28a28a0028a28a28a28a0028a28a28a28a0028a28a28a28a0028a28a28a28a0028a28a28a28a0028a28a28a28a0028a28a28a28a0028a28a28a28a0028a28a28a28a0028a28a28a28a0028a28a28a28a0028a28a28a28a0028a28a28a28a0028a28a28a28a0028a28a28a28a0028a28a28a28a0028a28a28a28a0028a28a28a28a0028a28a28a28a0028a28a28a28a0028a28a28a28a0028a28a28a28a0028a28a28a28a0028a28a28a28a0028a28a28a28a0028a28a28a28a0028a28a28a28a0028a28a28a28a0028a28a28a28a0028a28a28a28a0028a28a28a28a0028a28a28a28a0028a28a28a28a0028a28a28a28a0028a28a28a28a0028a28a28a28a0028a28a28a28a0028a28a28a28a0028a28a28a28a0028a28a28a28a0028a28a28a28a0028a28a28a28a0028a28a28a28a0028a28a28a28a0028a28a28a28a0028a28a28a28a0028a28a28a28a0028a28a28a28a0028a28a28a28a0028a28a28a28a0028a28a28a28a0028a28a28a28a0028a28a28a28a0028a28a28a28a0028a28a28a28a0028a28a28a28a0028a28a28a28a0028a28a28a28a0028a28a28a28a0028a28a28a28a0028a28a28a28a0028a28a28a28a0028a28a28a28a0028a28a28a28a0028a28a28a28a0028a28a28a28a0028a28a28a28a0028a28a28a28a0028a28a28a28a0028a28a28a28a0028a28a28a28a0028a28a28a28a0028a28a28a28a0028a28a28a28a0028a28a28a28a0028a28a28a28a0028a28a28a28a0028a28a28a28a0028a28a28a28a0028a28a28a28a0028a28a28a28a0028a28a28a28a0028a28a28a28a0028a28a28a28a0028a28a28a28a0028a28a28a28a0028a28a28a28a0028a28a28a28a0028a28a28a28a0028a28a28a28a0028a28a28a28a0028a28a28a28a0028a28affd9', 'name 20', 'www.ya.ru');
                        insert into clicks (bannerid, counting) values (1000020, 80);
                        insert into shows (bannerid, counting) values (1000020, 120);
                        insert into banner (id, content, name, ref) values (1000021, X'01ffd8ffdb004300080606070605080707070909080a0c140d0c0b0b0c1912130f141d1a1f1e1d1a1c1c20242e2720222c231c1c2837292c30313434341f27393d38323c2e333432ffdb0043010909090c0b0c180d0d1832211c213232323232323232323232323232323232323232323232323232323232323232323232323232323232323232323232323232ffc000140800c800c804012200021101031101042200ffc4001f0000010501010101010100000000000000000102030405060708090a0bffc400b5100002010303020403050504040000017d01020300041105122131410613516107227114328191a1082342b1c11552d1f02433627282090a161718191a25262728292a3435363738393a434445464748494a535455565758595a636465666768696a737475767778797a838485868788898a92939495969798999aa2a3a4a5a6a7a8a9aab2b3b4b5b6b7b8b9bac2c3c4c5c6c7c8c9cad2d3d4d5d6d7d8d9dae1e2e3e4e5e6e7e8e9eaf1f2f3f4f5f6f7f8f9faffc4001f0100030101010101010101010000000000000102030405060708090a0bffc400b51100020102040403040705040400010277000102031104052131061241510761711322328108144291a1b1c109233352f0156272d10a162434e125f11718191a262728292a35363738393a434445464748494a535455565758595a636465666768696a737475767778797a82838485868788898a92939495969798999aa2a3a4a5a6a7a8a9aab2b3b4b5b6b7b8b9bac2c3c4c5c6c7c8c9cad2d3d4d5d6d7d8d9dae2e3e4e5e6e7e8e9eaf2f3f4f5f6f7f8f9faffda000e040100021103110400003f00f9fe8a28a00f9fe8a28a28a28a0028a28a28a28a0028a28a28a28a0028a28a28a28a0028a28a28a28a0028a28a28a28a0028a28a28a28a0028a28a28a28a0028a28a28a28a0028a28a28a28a0028a28a28a28a0028a28a28a28a0028a28a28a28a0028a28a28a28a0028a28a28a28a0028a28a28a28a0028a28a28a28a0028a28a28a28a0028a28a28a28a0028a28a28a28a0028a28a28a28a0028a28a28a28a0028a28a28a28a0028a28a28a28a0028a28a28a28a0028a28a28a28a0028a28a28a28a0028a28a28a28a0028a28a28a28a0028a28a28a28a0028a28a28a28a0028a28a28a28a0028a28a28a28a0028a28a28a28a0028a28a28a28a0028a28a28a28a0028a28a28a28a0028a28a28a28a0028a28a28a28a0028a28a28a28a0028a28a28a28a0028a28a28a28a0028a28a28a28a0028a28a28a28a0028a28a28a28a0028a28a28a28a0028a28a28a28a0028a28a28a28a0028a28a28a28a0028a28a28a28a0028a28a28a28a0028a28a28a28a0028a28a28a28a0028a28a28a28a0028a28a28a28a0028a28a28a28a0028a28a28a28a0028a28a28a28a0028a28a28a28a0028a28a28a28a0028a28a28a28a0028a28a28a28a0028a28a28a28a0028a28a28a28a0028a28a28a28a0028a28a28a28a0028a28a28a28a0028a28a28a28a0028a28a28a28a0028a28a28a28a0028a28a28a28a0028a28a28a28a0028a28a28a28a0028a28a28a28a0028a28a28a28a0028a28a28a28a0028a28a28a28a0028a28a28a28a0028a28a28a28a0028a28a28a28a0028a28a28a28a0028a28a28a28a0028a28a28a28a0028a28a28a28a0028a28a28a28a0028a28a28a28a0028a28a28a28a0028a28a28a28a0028a28a28a28a0028a28a28a28a0028a28a28a28a0028a28a28a28a0028a28a28a28a0028a28a28a28a0028a28a28a28a0028a28a28a28a0028a28a28a28a0028a28a28a28a0028a28a28a28a0028a28a28a28a0028a28a28a28a0028a28a28a28a0028a28a28a28a0028a28a28a28a0028a28a28a28a0028a28a28a28a0028a28a28a28a0028a28a28a28a0028a28a28a28a0028a28a28a28a0028a28a28a28a0028a28a28a28a0028a28a28a28a0028a28a28a28a0028a28a28a28a0028a28a28a28a0028a28a28a28a0028a28a28a28a0028a28a28a28a0028a28a28a28a0028a28a28a28a0028a28a28a28a0028a28a28a28a0028a28a28a28a0028a28a28a28a0028a28a28a28a0028a28a28a28a0028a28a28a28a0028a28a28a28a0028a28a28a28a0028a28a28a28a0028a28a28a28a0028a28a28a28a0028a28a28a28a0028a28a28a28a0028a28a28a28a0028a28a28a28a0028a28a28a28a0028a28a28a28a0028a28a28a28a0028a28a28a28a0028a28a28a28a0028a28a28a28a0028a28a28a28a0028a28a28a28a0028a28a28a28a0028a28a28a28a0028a28a28a28a0028a28a28a28a0028a28a28a28a0028a28a28a28a0028a28a28a28a0028a28a28a28a0028a28a28a28a0028a28a28a28a0028a28a28a28a0028a28a28a28a0028a28a28a28a0028a28a28a28a0028a28a28a28a0028a28a28a28a0028a28a28a28a0028a28a28a28a0028a28a28a28a0028a28a28a28a0028a28a28a28a0028a28a28a28a0028a28a28a28a0028a28affd9', 'name 21', 'www.ya.ru');
                        insert into clicks (bannerid, counting) values (1000021, 79);
                        insert into shows (bannerid, counting) values (1000021, 121);
                        insert into banner (id, content, name, ref) values (1000022, X'01ffd8ffdb004300080606070605080707070909080a0c140d0c0b0b0c1912130f141d1a1f1e1d1a1c1c20242e2720222c231c1c2837292c30313434341f27393d38323c2e333432ffdb0043010909090c0b0c180d0d1832211c213232323232323232323232323232323232323232323232323232323232323232323232323232323232323232323232323232ffc000140800c800c804012200021101031101042200ffc4001f0000010501010101010100000000000000000102030405060708090a0bffc400b5100002010303020403050504040000017d01020300041105122131410613516107227114328191a1082342b1c11552d1f02433627282090a161718191a25262728292a3435363738393a434445464748494a535455565758595a636465666768696a737475767778797a838485868788898a92939495969798999aa2a3a4a5a6a7a8a9aab2b3b4b5b6b7b8b9bac2c3c4c5c6c7c8c9cad2d3d4d5d6d7d8d9dae1e2e3e4e5e6e7e8e9eaf1f2f3f4f5f6f7f8f9faffc4001f0100030101010101010101010000000000000102030405060708090a0bffc400b51100020102040403040705040400010277000102031104052131061241510761711322328108144291a1b1c109233352f0156272d10a162434e125f11718191a262728292a35363738393a434445464748494a535455565758595a636465666768696a737475767778797a82838485868788898a92939495969798999aa2a3a4a5a6a7a8a9aab2b3b4b5b6b7b8b9bac2c3c4c5c6c7c8c9cad2d3d4d5d6d7d8d9dae2e3e4e5e6e7e8e9eaf2f3f4f5f6f7f8f9faffda000e040100021103110400003f00f9fe8a28a00f9fe8a28a28a28a0028a28a28a28a0028a28a28a28a0028a28a28a28a0028a28a28a28a0028a28a28a28a0028a28a28a28a0028a28a28a28a0028a28a28a28a0028a28a28a28a0028a28a28a28a0028a28a28a28a0028a28a28a28a0028a28a28a28a0028a28a28a28a0028a28a28a28a0028a28a28a28a0028a28a28a28a0028a28a28a28a0028a28a28a28a0028a28a28a28a0028a28a28a28a0028a28a28a28a0028a28a28a28a0028a28a28a28a0028a28a28a28a0028a28a28a28a0028a28a28a28a0028a28a28a28a0028a28a28a28a0028a28a28a28a0028a28a28a28a0028a28a28a28a0028a28a28a28a0028a28a28a28a0028a28a28a28a0028a28a28a28a0028a28a28a28a0028a28a28a28a0028a28a28a28a0028a28a28a28a0028a28a28a28a0028a28a28a28a0028a28a28a28a0028a28a28a28a0028a28a28a28a0028a28a28a28a0028a28a28a28a0028a28a28a28a0028a28a28a28a0028a28a28a28a0028a28a28a28a0028a28a28a28a0028a28a28a28a0028a28a28a28a0028a28a28a28a0028a28a28a28a0028a28a28a28a0028a28a28a28a0028a28a28a28a0028a28a28a28a0028a28a28a28a0028a28a28a28a0028a28a28a28a0028a28a28a28a0028a28a28a28a0028a28a28a28a0028a28a28a28a0028a28a28a28a0028a28a28a28a0028a28a28a28a0028a28a28a28a0028a28a28a28a0028a28a28a28a0028a28a28a28a0028a28a28a28a0028a28a28a28a0028a28a28a28a0028a28a28a28a0028a28a28a28a0028a28a28a28a0028a28a28a28a0028a28a28a28a0028a28a28a28a0028a28a28a28a0028a28a28a28a0028a28a28a28a0028a28a28a28a0028a28a28a28a0028a28a28a28a0028a28a28a28a0028a28a28a28a0028a28a28a28a0028a28a28a28a0028a28a28a28a0028a28a28a28a0028a28a28a28a0028a28a28a28a0028a28a28a28a0028a28a28a28a0028a28a28a28a0028a28a28a28a0028a28a28a28a0028a28a28a28a0028a28a28a28a0028a28a28a28a0028a28a28a28a0028a28a28a28a0028a28a28a28a0028a28a28a28a0028a28a28a28a0028a28a28a28a0028a28a28a28a0028a28a28a28a0028a28a28a28a0028a28a28a28a0028a28a28a28a0028a28a28a28a0028a28a28a28a0028a28a28a28a0028a28a28a28a0028a28a28a28a0028a28a28a28a0028a28a28a28a0028a28a28a28a0028a28a28a28a0028a28a28a28a0028a28a28a28a0028a28a28a28a0028a28a28a28a0028a28a28a28a0028a28a28a28a0028a28a28a28a0028a28a28a28a0028a28a28a28a0028a28a28a28a0028a28a28a28a0028a28a28a28a0028a28a28a28a0028a28a28a28a0028a28a28a28a0028a28a28a28a0028a28a28a28a0028a28a28a28a0028a28a28a28a0028a28a28a28a0028a28a28a28a0028a28a28a28a0028a28a28a28a0028a28a28a28a0028a28a28a28a0028a28a28a28a0028a28a28a28a0028a28a28a28a0028a28a28a28a0028a28a28a28a0028a28a28a28a0028a28a28a28a0028a28a28a28a0028a28a28a28a0028a28a28a28a0028a28a28a28a0028a28a28a28a0028a28a28a28a0028a28a28a28a0028a28a28a28a0028a28a28a28a0028a28a28a28a0028a28affd9', 'name 22', 'www.ya.ru');
                        insert into clicks (bannerid, counting) values (1000022, 78);
                        insert into shows (bannerid, counting) values (1000022, 122);
                        insert into banner (id, content, name, ref) values (1000023, X'01ffd8ffdb004300080606070605080707070909080a0c140d0c0b0b0c1912130f141d1a1f1e1d1a1c1c20242e2720222c231c1c2837292c30313434341f27393d38323c2e333432ffdb0043010909090c0b0c180d0d1832211c213232323232323232323232323232323232323232323232323232323232323232323232323232323232323232323232323232ffc000140800c800c804012200021101031101042200ffc4001f0000010501010101010100000000000000000102030405060708090a0bffc400b5100002010303020403050504040000017d01020300041105122131410613516107227114328191a1082342b1c11552d1f02433627282090a161718191a25262728292a3435363738393a434445464748494a535455565758595a636465666768696a737475767778797a838485868788898a92939495969798999aa2a3a4a5a6a7a8a9aab2b3b4b5b6b7b8b9bac2c3c4c5c6c7c8c9cad2d3d4d5d6d7d8d9dae1e2e3e4e5e6e7e8e9eaf1f2f3f4f5f6f7f8f9faffc4001f0100030101010101010101010000000000000102030405060708090a0bffc400b51100020102040403040705040400010277000102031104052131061241510761711322328108144291a1b1c109233352f0156272d10a162434e125f11718191a262728292a35363738393a434445464748494a535455565758595a636465666768696a737475767778797a82838485868788898a92939495969798999aa2a3a4a5a6a7a8a9aab2b3b4b5b6b7b8b9bac2c3c4c5c6c7c8c9cad2d3d4d5d6d7d8d9dae2e3e4e5e6e7e8e9eaf2f3f4f5f6f7f8f9faffda000e040100021103110400003f00f9fe8a28a00f9fe8a28a28a28a0028a28a28a28a0028a28a28a28a0028a28a28a28a0028a28a28a28a0028a28a28a28a0028a28a28a28a0028a28a28a28a0028a28a28a28a0028a28a28a28a0028a28a28a28a0028a28a28a28a0028a28a28a28a0028a28a28a28a0028a28a28a28a0028a28a28a28a0028a28a28a28a0028a28a28a28a0028a28a28a28a0028a28a28a28a0028a28a28a28a0028a28a28a28a0028a28a28a28a0028a28a28a28a0028a28a28a28a0028a28a28a28a0028a28a28a28a0028a28a28a28a0028a28a28a28a0028a28a28a28a0028a28a28a28a0028a28a28a28a0028a28a28a28a0028a28a28a28a0028a28a28a28a0028a28a28a28a0028a28a28a28a0028a28a28a28a0028a28a28a28a0028a28a28a28a0028a28a28a28a0028a28a28a28a0028a28a28a28a0028a28a28a28a0028a28a28a28a0028a28a28a28a0028a28a28a28a0028a28a28a28a0028a28a28a28a0028a28a28a28a0028a28a28a28a0028a28a28a28a0028a28a28a28a0028a28a28a28a0028a28a28a28a0028a28a28a28a0028a28a28a28a0028a28a28a28a0028a28a28a28a0028a28a28a28a0028a28a28a28a0028a28a28a28a0028a28a28a28a0028a28a28a28a0028a28a28a28a0028a28a28a28a0028a28a28a28a0028a28a28a28a0028a28a28a28a0028a28a28a28a0028a28a28a28a0028a28a28a28a0028a28a28a28a0028a28a28a28a0028a28a28a28a0028a28a28a28a0028a28a28a28a0028a28a28a28a0028a28a28a28a0028a28a28a28a0028a28a28a28a0028a28a28a28a0028a28a28a28a0028a28a28a28a0028a28a28a28a0028a28a28a28a0028a28a28a28a0028a28a28a28a0028a28a28a28a0028a28a28a28a0028a28a28a28a0028a28a28a28a0028a28a28a28a0028a28a28a28a0028a28a28a28a0028a28a28a28a0028a28a28a28a0028a28a28a28a0028a28a28a28a0028a28a28a28a0028a28a28a28a0028a28a28a28a0028a28a28a28a0028a28a28a28a0028a28a28a28a0028a28a28a28a0028a28a28a28a0028a28a28a28a0028a28a28a28a0028a28a28a28a0028a28a28a28a0028a28a28a28a0028a28a28a28a0028a28a28a28a0028a28a28a28a0028a28a28a28a0028a28a28a28a0028a28a28a28a0028a28a28a28a0028a28a28a28a0028a28a28a28a0028a28a28a28a0028a28a28a28a0028a28a28a28a0028a28a28a28a0028a28a28a28a0028a28a28a28a0028a28a28a28a0028a28a28a28a0028a28a28a28a0028a28a28a28a0028a28a28a28a0028a28a28a28a0028a28a28a28a0028a28a28a28a0028a28a28a28a0028a28a28a28a0028a28a28a28a0028a28a28a28a0028a28a28a28a0028a28a28a28a0028a28a28a28a0028a28a28a28a0028a28a28a28a0028a28a28a28a0028a28a28a28a0028a28a28a28a0028a28a28a28a0028a28a28a28a0028a28a28a28a0028a28a28a28a0028a28a28a28a0028a28a28a28a0028a28a28a28a0028a28a28a28a0028a28a28a28a0028a28a28a28a0028a28a28a28a0028a28a28a28a0028a28a28a28a0028a28a28a28a0028a28a28a28a0028a28a28a28a0028a28a28a28a0028a28a28a28a0028a28a28a28a0028a28a28a28a0028a28a28a28a0028a28affd9', 'name 23', 'www.ya.ru');
                        insert into clicks (bannerid, counting) values (1000023, 77);
                        insert into shows (bannerid, counting) values (1000023, 123);
                        insert into banner (id, content, name, ref) values (1000024, X'01ffd8ffdb004300080606070605080707070909080a0c140d0c0b0b0c1912130f141d1a1f1e1d1a1c1c20242e2720222c231c1c2837292c30313434341f27393d38323c2e333432ffdb0043010909090c0b0c180d0d1832211c213232323232323232323232323232323232323232323232323232323232323232323232323232323232323232323232323232ffc000140800c800c804012200021101031101042200ffc4001f0000010501010101010100000000000000000102030405060708090a0bffc400b5100002010303020403050504040000017d01020300041105122131410613516107227114328191a1082342b1c11552d1f02433627282090a161718191a25262728292a3435363738393a434445464748494a535455565758595a636465666768696a737475767778797a838485868788898a92939495969798999aa2a3a4a5a6a7a8a9aab2b3b4b5b6b7b8b9bac2c3c4c5c6c7c8c9cad2d3d4d5d6d7d8d9dae1e2e3e4e5e6e7e8e9eaf1f2f3f4f5f6f7f8f9faffc4001f0100030101010101010101010000000000000102030405060708090a0bffc400b51100020102040403040705040400010277000102031104052131061241510761711322328108144291a1b1c109233352f0156272d10a162434e125f11718191a262728292a35363738393a434445464748494a535455565758595a636465666768696a737475767778797a82838485868788898a92939495969798999aa2a3a4a5a6a7a8a9aab2b3b4b5b6b7b8b9bac2c3c4c5c6c7c8c9cad2d3d4d5d6d7d8d9dae2e3e4e5e6e7e8e9eaf2f3f4f5f6f7f8f9faffda000e040100021103110400003f00f9fe8a28a00f9fe8a28a28a28a0028a28a28a28a0028a28a28a28a0028a28a28a28a0028a28a28a28a0028a28a28a28a0028a28a28a28a0028a28a28a28a0028a28a28a28a0028a28a28a28a0028a28a28a28a0028a28a28a28a0028a28a28a28a0028a28a28a28a0028a28a28a28a0028a28a28a28a0028a28a28a28a0028a28a28a28a0028a28a28a28a0028a28a28a28a0028a28a28a28a0028a28a28a28a0028a28a28a28a0028a28a28a28a0028a28a28a28a0028a28a28a28a0028a28a28a28a0028a28a28a28a0028a28a28a28a0028a28a28a28a0028a28a28a28a0028a28a28a28a0028a28a28a28a0028a28a28a28a0028a28a28a28a0028a28a28a28a0028a28a28a28a0028a28a28a28a0028a28a28a28a0028a28a28a28a0028a28a28a28a0028a28a28a28a0028a28a28a28a0028a28a28a28a0028a28a28a28a0028a28a28a28a0028a28a28a28a0028a28a28a28a0028a28a28a28a0028a28a28a28a0028a28a28a28a0028a28a28a28a0028a28a28a28a0028a28a28a28a0028a28a28a28a0028a28a28a28a0028a28a28a28a0028a28a28a28a0028a28a28a28a0028a28a28a28a0028a28a28a28a0028a28a28a28a0028a28a28a28a0028a28a28a28a0028a28a28a28a0028a28a28a28a0028a28a28a28a0028a28a28a28a0028a28a28a28a0028a28a28a28a0028a28a28a28a0028a28a28a28a0028a28a28a28a0028a28a28a28a0028a28a28a28a0028a28a28a28a0028a28a28a28a0028a28a28a28a0028a28a28a28a0028a28a28a28a0028a28a28a28a0028a28a28a28a0028a28a28a28a0028a28a28a28a0028a28a28a28a0028a28a28a28a0028a28a28a28a0028a28a28a28a0028a28a28a28a0028a28a28a28a0028a28a28a28a0028a28a28a28a0028a28a28a28a0028a28a28a28a0028a28a28a28a0028a28a28a28a0028a28a28a28a0028a28a28a28a0028a28a28a28a0028a28a28a28a0028a28a28a28a0028a28a28a28a0028a28a28a28a0028a28a28a28a0028a28a28a28a0028a28a28a28a0028a28a28a28a0028a28a28a28a0028a28a28a28a0028a28a28a28a0028a28a28a28a0028a28a28a28a0028a28a28a28a0028a28a28a28a0028a28a28a28a0028a28a28a28a0028a28a28a28a0028a28a28a28a0028a28a28a28a0028a28a28a28a0028a28a28a28a0028a28a28a28a0028a28a28a28a0028a28a28a28a0028a28a28a28a0028a28a28a28a0028a28a28a28a0028a28a28a28a0028a28a28a28a0028a28a28a28a0028a28a28a28a0028a28a28a28a0028a28a28a28a0028a28a28a28a0028a28a28a28a0028a28a28a28a0028a28a28a28a0028a28a28a28a0028a28a28a28a0028a28a28a28a0028a28a28a28a0028a28a28a28a0028a28a28a28a0028a28a28a28a0028a28a28a28a0028a28a28a28a0028a28a28a28a0028a28a28a28a0028a28a28a28a0028a28a28a28a0028a28a28a28a0028a28a28a28a0028a28a28a28a0028a28a28a28a0028a28a28a28a0028a28a28a28a0028a28a28a28a0028a28a28a28a0028a28a28a28a0028a28a28a28a0028a28a28a28a0028a28a28a28a0028a28a28a28a0028a28a28a28a0028a28a28a28a0028a28a28a28a0028a28a28a28a0028a28a28a28a0028a28affd9', 'name 24', 'www.ya.ru');
                        insert into clicks (bannerid, counting) values (1000024, 76);
                        insert into shows (bannerid, counting) values (1000024, 124);
                        insert into banner (id, content, name, ref) values (1000025, X'01ffd8ffdb004300080606070605080707070909080a0c140d0c0b0b0c1912130f141d1a1f1e1d1a1c1c20242e2720222c231c1c2837292c30313434341f27393d38323c2e333432ffdb0043010909090c0b0c180d0d1832211c213232323232323232323232323232323232323232323232323232323232323232323232323232323232323232323232323232ffc000140800c800c804012200021101031101042200ffc4001f0000010501010101010100000000000000000102030405060708090a0bffc400b5100002010303020403050504040000017d01020300041105122131410613516107227114328191a1082342b1c11552d1f02433627282090a161718191a25262728292a3435363738393a434445464748494a535455565758595a636465666768696a737475767778797a838485868788898a92939495969798999aa2a3a4a5a6a7a8a9aab2b3b4b5b6b7b8b9bac2c3c4c5c6c7c8c9cad2d3d4d5d6d7d8d9dae1e2e3e4e5e6e7e8e9eaf1f2f3f4f5f6f7f8f9faffc4001f0100030101010101010101010000000000000102030405060708090a0bffc400b51100020102040403040705040400010277000102031104052131061241510761711322328108144291a1b1c109233352f0156272d10a162434e125f11718191a262728292a35363738393a434445464748494a535455565758595a636465666768696a737475767778797a82838485868788898a92939495969798999aa2a3a4a5a6a7a8a9aab2b3b4b5b6b7b8b9bac2c3c4c5c6c7c8c9cad2d3d4d5d6d7d8d9dae2e3e4e5e6e7e8e9eaf2f3f4f5f6f7f8f9faffda000e040100021103110400003f00f9fe8a28a00f9fe8a28a28a28a0028a28a28a28a0028a28a28a28a0028a28a28a28a0028a28a28a28a0028a28a28a28a0028a28a28a28a0028a28a28a28a0028a28a28a28a0028a28a28a28a0028a28a28a28a0028a28a28a28a0028a28a28a28a0028a28a28a28a0028a28a28a28a0028a28a28a28a0028a28a28a28a0028a28a28a28a0028a28a28a28a0028a28a28a28a0028a28a28a28a0028a28a28a28a0028a28a28a28a0028a28a28a28a0028a28a28a28a0028a28a28a28a0028a28a28a28a0028a28a28a28a0028a28a28a28a0028a28a28a28a0028a28a28a28a0028a28a28a28a0028a28a28a28a0028a28a28a28a0028a28a28a28a0028a28a28a28a0028a28a28a28a0028a28a28a28a0028a28a28a28a0028a28a28a28a0028a28a28a28a0028a28a28a28a0028a28a28a28a0028a28a28a28a0028a28a28a28a0028a28a28a28a0028a28a28a28a0028a28a28a28a0028a28a28a28a0028a28a28a28a0028a28a28a28a0028a28a28a28a0028a28a28a28a0028a28a28a28a0028a28a28a28a0028a28a28a28a0028a28a28a28a0028a28a28a28a0028a28a28a28a0028a28a28a28a0028a28a28a28a0028a28a28a28a0028a28a28a28a0028a28a28a28a0028a28a28a28a0028a28a28a28a0028a28a28a28a0028a28a28a28a0028a28a28a28a0028a28a28a28a0028a28a28a28a0028a28a28a28a0028a28a28a28a0028a28a28a28a0028a28a28a28a0028a28a28a28a0028a28a28a28a0028a28a28a28a0028a28a28a28a0028a28a28a28a0028a28a28a28a0028a28a28a28a0028a28a28a28a0028a28a28a28a0028a28a28a28a0028a28a28a28a0028a28a28a28a0028a28a28a28a0028a28a28a28a0028a28a28a28a0028a28a28a28a0028a28a28a28a0028a28a28a28a0028a28a28a28a0028a28a28a28a0028a28a28a28a0028a28a28a28a0028a28a28a28a0028a28a28a28a0028a28a28a28a0028a28a28a28a0028a28a28a28a0028a28a28a28a0028a28a28a28a0028a28a28a28a0028a28a28a28a0028a28a28a28a0028a28a28a28a0028a28a28a28a0028a28a28a28a0028a28a28a28a0028a28a28a28a0028a28a28a28a0028a28a28a28a0028a28a28a28a0028a28a28a28a0028a28a28a28a0028a28a28a28a0028a28a28a28a0028a28a28a28a0028a28a28a28a0028a28a28a28a0028a28a28a28a0028a28a28a28a0028a28a28a28a0028a28a28a28a0028a28a28a28a0028a28a28a28a0028a28a28a28a0028a28a28a28a0028a28a28a28a0028a28a28a28a0028a28a28a28a0028a28a28a28a0028a28a28a28a0028a28a28a28a0028a28a28a28a0028a28a28a28a0028a28a28a28a0028a28a28a28a0028a28a28a28a0028a28a28a28a0028a28a28a28a0028a28a28a28a0028a28a28a28a0028a28a28a28a0028a28a28a28a0028a28a28a28a0028a28a28a28a0028a28a28a28a0028a28a28a28a0028a28a28a28a0028a28a28a28a0028a28a28a28a0028a28a28a28a0028a28a28a28a0028a28a28a28a0028a28a28a28a0028a28a28a28a0028a28a28a28a0028a28a28a28a0028a28a28a28a0028a28a28a28a0028a28a28a28a0028a28a28a28a0028a28a28a28a0028a28a28a28a0028a28a28a28a0028a28affd9', 'name 25', 'www.ya.ru');
                        insert into clicks (bannerid, counting) values (1000025, 75);
                        insert into shows (bannerid, counting) values (1000025, 125);
                        insert into banner (id, content, name, ref) values (1000026, X'01ffd8ffdb004300080606070605080707070909080a0c140d0c0b0b0c1912130f141d1a1f1e1d1a1c1c20242e2720222c231c1c2837292c30313434341f27393d38323c2e333432ffdb0043010909090c0b0c180d0d1832211c213232323232323232323232323232323232323232323232323232323232323232323232323232323232323232323232323232ffc000140800c800c804012200021101031101042200ffc4001f0000010501010101010100000000000000000102030405060708090a0bffc400b5100002010303020403050504040000017d01020300041105122131410613516107227114328191a1082342b1c11552d1f02433627282090a161718191a25262728292a3435363738393a434445464748494a535455565758595a636465666768696a737475767778797a838485868788898a92939495969798999aa2a3a4a5a6a7a8a9aab2b3b4b5b6b7b8b9bac2c3c4c5c6c7c8c9cad2d3d4d5d6d7d8d9dae1e2e3e4e5e6e7e8e9eaf1f2f3f4f5f6f7f8f9faffc4001f0100030101010101010101010000000000000102030405060708090a0bffc400b51100020102040403040705040400010277000102031104052131061241510761711322328108144291a1b1c109233352f0156272d10a162434e125f11718191a262728292a35363738393a434445464748494a535455565758595a636465666768696a737475767778797a82838485868788898a92939495969798999aa2a3a4a5a6a7a8a9aab2b3b4b5b6b7b8b9bac2c3c4c5c6c7c8c9cad2d3d4d5d6d7d8d9dae2e3e4e5e6e7e8e9eaf2f3f4f5f6f7f8f9faffda000e040100021103110400003f00f9fe8a28a00f9fe8a28a28a28a0028a28a28a28a0028a28a28a28a0028a28a28a28a0028a28a28a28a0028a28a28a28a0028a28a28a28a0028a28a28a28a0028a28a28a28a0028a28a28a28a0028a28a28a28a0028a28a28a28a0028a28a28a28a0028a28a28a28a0028a28a28a28a0028a28a28a28a0028a28a28a28a0028a28a28a28a0028a28a28a28a0028a28a28a28a0028a28a28a28a0028a28a28a28a0028a28a28a28a0028a28a28a28a0028a28a28a28a0028a28a28a28a0028a28a28a28a0028a28a28a28a0028a28a28a28a0028a28a28a28a0028a28a28a28a0028a28a28a28a0028a28a28a28a0028a28a28a28a0028a28a28a28a0028a28a28a28a0028a28a28a28a0028a28a28a28a0028a28a28a28a0028a28a28a28a0028a28a28a28a0028a28a28a28a0028a28a28a28a0028a28a28a28a0028a28a28a28a0028a28a28a28a0028a28a28a28a0028a28a28a28a0028a28a28a28a0028a28a28a28a0028a28a28a28a0028a28a28a28a0028a28a28a28a0028a28a28a28a0028a28a28a28a0028a28a28a28a0028a28a28a28a0028a28a28a28a0028a28a28a28a0028a28a28a28a0028a28a28a28a0028a28a28a28a0028a28a28a28a0028a28a28a28a0028a28a28a28a0028a28a28a28a0028a28a28a28a0028a28a28a28a0028a28a28a28a0028a28a28a28a0028a28a28a28a0028a28a28a28a0028a28a28a28a0028a28a28a28a0028a28a28a28a0028a28a28a28a0028a28a28a28a0028a28a28a28a0028a28a28a28a0028a28a28a28a0028a28a28a28a0028a28a28a28a0028a28a28a28a0028a28a28a28a0028a28a28a28a0028a28a28a28a0028a28a28a28a0028a28a28a28a0028a28a28a28a0028a28a28a28a0028a28a28a28a0028a28a28a28a0028a28a28a28a0028a28a28a28a0028a28a28a28a0028a28a28a28a0028a28a28a28a0028a28a28a28a0028a28a28a28a0028a28a28a28a0028a28a28a28a0028a28a28a28a0028a28a28a28a0028a28a28a28a0028a28a28a28a0028a28a28a28a0028a28a28a28a0028a28a28a28a0028a28a28a28a0028a28a28a28a0028a28a28a28a0028a28a28a28a0028a28a28a28a0028a28a28a28a0028a28a28a28a0028a28a28a28a0028a28a28a28a0028a28a28a28a0028a28a28a28a0028a28a28a28a0028a28a28a28a0028a28a28a28a0028a28a28a28a0028a28a28a28a0028a28a28a28a0028a28a28a28a0028a28a28a28a0028a28a28a28a0028a28a28a28a0028a28a28a28a0028a28a28a28a0028a28a28a28a0028a28a28a28a0028a28a28a28a0028a28a28a28a0028a28a28a28a0028a28a28a28a0028a28a28a28a0028a28a28a28a0028a28a28a28a0028a28a28a28a0028a28a28a28a0028a28a28a28a0028a28a28a28a0028a28a28a28a0028a28a28a28a0028a28a28a28a0028a28a28a28a0028a28a28a28a0028a28a28a28a0028a28a28a28a0028a28a28a28a0028a28a28a28a0028a28a28a28a0028a28a28a28a0028a28a28a28a0028a28a28a28a0028a28a28a28a0028a28a28a28a0028a28a28a28a0028a28a28a28a0028a28a28a28a0028a28a28a28a0028a28a28a28a0028a28a28a28a0028a28a28a28a0028a28a28a28a0028a28a28a28a0028a28affd9', 'name 26', 'www.ya.ru');
                        insert into clicks (bannerid, counting) values (1000026, 74);
                        insert into shows (bannerid, counting) values (1000026, 126);
                        insert into banner (id, content, name, ref) values (1000027, X'01ffd8ffdb004300080606070605080707070909080a0c140d0c0b0b0c1912130f141d1a1f1e1d1a1c1c20242e2720222c231c1c2837292c30313434341f27393d38323c2e333432ffdb0043010909090c0b0c180d0d1832211c213232323232323232323232323232323232323232323232323232323232323232323232323232323232323232323232323232ffc000140800c800c804012200021101031101042200ffc4001f0000010501010101010100000000000000000102030405060708090a0bffc400b5100002010303020403050504040000017d01020300041105122131410613516107227114328191a1082342b1c11552d1f02433627282090a161718191a25262728292a3435363738393a434445464748494a535455565758595a636465666768696a737475767778797a838485868788898a92939495969798999aa2a3a4a5a6a7a8a9aab2b3b4b5b6b7b8b9bac2c3c4c5c6c7c8c9cad2d3d4d5d6d7d8d9dae1e2e3e4e5e6e7e8e9eaf1f2f3f4f5f6f7f8f9faffc4001f0100030101010101010101010000000000000102030405060708090a0bffc400b51100020102040403040705040400010277000102031104052131061241510761711322328108144291a1b1c109233352f0156272d10a162434e125f11718191a262728292a35363738393a434445464748494a535455565758595a636465666768696a737475767778797a82838485868788898a92939495969798999aa2a3a4a5a6a7a8a9aab2b3b4b5b6b7b8b9bac2c3c4c5c6c7c8c9cad2d3d4d5d6d7d8d9dae2e3e4e5e6e7e8e9eaf2f3f4f5f6f7f8f9faffda000e040100021103110400003f00f9fe8a28a00f9fe8a28a28a28a0028a28a28a28a0028a28a28a28a0028a28a28a28a0028a28a28a28a0028a28a28a28a0028a28a28a28a0028a28a28a28a0028a28a28a28a0028a28a28a28a0028a28a28a28a0028a28a28a28a0028a28a28a28a0028a28a28a28a0028a28a28a28a0028a28a28a28a0028a28a28a28a0028a28a28a28a0028a28a28a28a0028a28a28a28a0028a28a28a28a0028a28a28a28a0028a28a28a28a0028a28a28a28a0028a28a28a28a0028a28a28a28a0028a28a28a28a0028a28a28a28a0028a28a28a28a0028a28a28a28a0028a28a28a28a0028a28a28a28a0028a28a28a28a0028a28a28a28a0028a28a28a28a0028a28a28a28a0028a28a28a28a0028a28a28a28a0028a28a28a28a0028a28a28a28a0028a28a28a28a0028a28a28a28a0028a28a28a28a0028a28a28a28a0028a28a28a28a0028a28a28a28a0028a28a28a28a0028a28a28a28a0028a28a28a28a0028a28a28a28a0028a28a28a28a0028a28a28a28a0028a28a28a28a0028a28a28a28a0028a28a28a28a0028a28a28a28a0028a28a28a28a0028a28a28a28a0028a28a28a28a0028a28a28a28a0028a28a28a28a0028a28a28a28a0028a28a28a28a0028a28a28a28a0028a28a28a28a0028a28a28a28a0028a28a28a28a0028a28a28a28a0028a28a28a28a0028a28a28a28a0028a28a28a28a0028a28a28a28a0028a28a28a28a0028a28a28a28a0028a28a28a28a0028a28a28a28a0028a28a28a28a0028a28a28a28a0028a28a28a28a0028a28a28a28a0028a28a28a28a0028a28a28a28a0028a28a28a28a0028a28a28a28a0028a28a28a28a0028a28a28a28a0028a28a28a28a0028a28a28a28a0028a28a28a28a0028a28a28a28a0028a28a28a28a0028a28a28a28a0028a28a28a28a0028a28a28a28a0028a28a28a28a0028a28a28a28a0028a28a28a28a0028a28a28a28a0028a28a28a28a0028a28a28a28a0028a28a28a28a0028a28a28a28a0028a28a28a28a0028a28a28a28a0028a28a28a28a0028a28a28a28a0028a28a28a28a0028a28a28a28a0028a28a28a28a0028a28a28a28a0028a28a28a28a0028a28a28a28a0028a28a28a28a0028a28a28a28a0028a28a28a28a0028a28a28a28a0028a28a28a28a0028a28a28a28a0028a28a28a28a0028a28a28a28a0028a28a28a28a0028a28a28a28a0028a28a28a28a0028a28a28a28a0028a28a28a28a0028a28a28a28a0028a28a28a28a0028a28a28a28a0028a28a28a28a0028a28a28a28a0028a28a28a28a0028a28a28a28a0028a28a28a28a0028a28a28a28a0028a28a28a28a0028a28a28a28a0028a28a28a28a0028a28a28a28a0028a28a28a28a0028a28a28a28a0028a28a28a28a0028a28a28a28a0028a28a28a28a0028a28a28a28a0028a28a28a28a0028a28a28a28a0028a28a28a28a0028a28a28a28a0028a28a28a28a0028a28a28a28a0028a28a28a28a0028a28a28a28a0028a28a28a28a0028a28a28a28a0028a28a28a28a0028a28a28a28a0028a28a28a28a0028a28a28a28a0028a28a28a28a0028a28a28a28a0028a28a28a28a0028a28a28a28a0028a28a28a28a0028a28a28a28a0028a28a28a28a0028a28a28a28a0028a28a28a28a0028a28a28a28a0028a28affd9', 'name 27', 'www.ya.ru');
                        insert into clicks (bannerid, counting) values (1000027, 73);
                        insert into shows (bannerid, counting) values (1000027, 127);
                        insert into banner (id, content, name, ref) values (1000028, X'01ffd8ffdb004300080606070605080707070909080a0c140d0c0b0b0c1912130f141d1a1f1e1d1a1c1c20242e2720222c231c1c2837292c30313434341f27393d38323c2e333432ffdb0043010909090c0b0c180d0d1832211c213232323232323232323232323232323232323232323232323232323232323232323232323232323232323232323232323232ffc000140800c800c804012200021101031101042200ffc4001f0000010501010101010100000000000000000102030405060708090a0bffc400b5100002010303020403050504040000017d01020300041105122131410613516107227114328191a1082342b1c11552d1f02433627282090a161718191a25262728292a3435363738393a434445464748494a535455565758595a636465666768696a737475767778797a838485868788898a92939495969798999aa2a3a4a5a6a7a8a9aab2b3b4b5b6b7b8b9bac2c3c4c5c6c7c8c9cad2d3d4d5d6d7d8d9dae1e2e3e4e5e6e7e8e9eaf1f2f3f4f5f6f7f8f9faffc4001f0100030101010101010101010000000000000102030405060708090a0bffc400b51100020102040403040705040400010277000102031104052131061241510761711322328108144291a1b1c109233352f0156272d10a162434e125f11718191a262728292a35363738393a434445464748494a535455565758595a636465666768696a737475767778797a82838485868788898a92939495969798999aa2a3a4a5a6a7a8a9aab2b3b4b5b6b7b8b9bac2c3c4c5c6c7c8c9cad2d3d4d5d6d7d8d9dae2e3e4e5e6e7e8e9eaf2f3f4f5f6f7f8f9faffda000e040100021103110400003f00f9fe8a28a00f9fe8a28a28a28a0028a28a28a28a0028a28a28a28a0028a28a28a28a0028a28a28a28a0028a28a28a28a0028a28a28a28a0028a28a28a28a0028a28a28a28a0028a28a28a28a0028a28a28a28a0028a28a28a28a0028a28a28a28a0028a28a28a28a0028a28a28a28a0028a28a28a28a0028a28a28a28a0028a28a28a28a0028a28a28a28a0028a28a28a28a0028a28a28a28a0028a28a28a28a0028a28a28a28a0028a28a28a28a0028a28a28a28a0028a28a28a28a0028a28a28a28a0028a28a28a28a0028a28a28a28a0028a28a28a28a0028a28a28a28a0028a28a28a28a0028a28a28a28a0028a28a28a28a0028a28a28a28a0028a28a28a28a0028a28a28a28a0028a28a28a28a0028a28a28a28a0028a28a28a28a0028a28a28a28a0028a28a28a28a0028a28a28a28a0028a28a28a28a0028a28a28a28a0028a28a28a28a0028a28a28a28a0028a28a28a28a0028a28a28a28a0028a28a28a28a0028a28a28a28a0028a28a28a28a0028a28a28a28a0028a28a28a28a0028a28a28a28a0028a28a28a28a0028a28a28a28a0028a28a28a28a0028a28a28a28a0028a28a28a28a0028a28a28a28a0028a28a28a28a0028a28a28a28a0028a28a28a28a0028a28a28a28a0028a28a28a28a0028a28a28a28a0028a28a28a28a0028a28a28a28a0028a28a28a28a0028a28a28a28a0028a28a28a28a0028a28a28a28a0028a28a28a28a0028a28a28a28a0028a28a28a28a0028a28a28a28a0028a28a28a28a0028a28a28a28a0028a28a28a28a0028a28a28a28a0028a28a28a28a0028a28a28a28a0028a28a28a28a0028a28a28a28a0028a28a28a28a0028a28a28a28a0028a28a28a28a0028a28a28a28a0028a28a28a28a0028a28a28a28a0028a28a28a28a0028a28a28a28a0028a28a28a28a0028a28a28a28a0028a28a28a28a0028a28a28a28a0028a28a28a28a0028a28a28a28a0028a28a28a28a0028a28a28a28a0028a28a28a28a0028a28a28a28a0028a28a28a28a0028a28a28a28a0028a28a28a28a0028a28a28a28a0028a28a28a28a0028a28a28a28a0028a28a28a28a0028a28a28a28a0028a28a28a28a0028a28a28a28a0028a28a28a28a0028a28a28a28a0028a28a28a28a0028a28a28a28a0028a28a28a28a0028a28a28a28a0028a28a28a28a0028a28a28a28a0028a28a28a28a0028a28a28a28a0028a28a28a28a0028a28a28a28a0028a28a28a28a0028a28a28a28a0028a28a28a28a0028a28a28a28a0028a28a28a28a0028a28a28a28a0028a28a28a28a0028a28a28a28a0028a28a28a28a0028a28a28a28a0028a28a28a28a0028a28a28a28a0028a28a28a28a0028a28a28a28a0028a28a28a28a0028a28a28a28a0028a28a28a28a0028a28a28a28a0028a28a28a28a0028a28a28a28a0028a28a28a28a0028a28a28a28a0028a28a28a28a0028a28a28a28a0028a28a28a28a0028a28a28a28a0028a28a28a28a0028a28a28a28a0028a28a28a28a0028a28a28a28a0028a28a28a28a0028a28a28a28a0028a28a28a28a0028a28a28a28a0028a28a28a28a0028a28a28a28a0028a28a28a28a0028a28a28a28a0028a28a28a28a0028a28a28a28a0028a28a28a28a0028a28a28a28a0028a28a28a28a0028a28affd9', 'name 28', 'www.ya.ru');
                        insert into clicks (bannerid, counting) values (1000028, 72);
                        insert into shows (bannerid, counting) values (1000028, 128);
                        insert into banner (id, content, name, ref) values (1000029, X'01ffd8ffdb004300080606070605080707070909080a0c140d0c0b0b0c1912130f141d1a1f1e1d1a1c1c20242e2720222c231c1c2837292c30313434341f27393d38323c2e333432ffdb0043010909090c0b0c180d0d1832211c213232323232323232323232323232323232323232323232323232323232323232323232323232323232323232323232323232ffc000140800c800c804012200021101031101042200ffc4001f0000010501010101010100000000000000000102030405060708090a0bffc400b5100002010303020403050504040000017d01020300041105122131410613516107227114328191a1082342b1c11552d1f02433627282090a161718191a25262728292a3435363738393a434445464748494a535455565758595a636465666768696a737475767778797a838485868788898a92939495969798999aa2a3a4a5a6a7a8a9aab2b3b4b5b6b7b8b9bac2c3c4c5c6c7c8c9cad2d3d4d5d6d7d8d9dae1e2e3e4e5e6e7e8e9eaf1f2f3f4f5f6f7f8f9faffc4001f0100030101010101010101010000000000000102030405060708090a0bffc400b51100020102040403040705040400010277000102031104052131061241510761711322328108144291a1b1c109233352f0156272d10a162434e125f11718191a262728292a35363738393a434445464748494a535455565758595a636465666768696a737475767778797a82838485868788898a92939495969798999aa2a3a4a5a6a7a8a9aab2b3b4b5b6b7b8b9bac2c3c4c5c6c7c8c9cad2d3d4d5d6d7d8d9dae2e3e4e5e6e7e8e9eaf2f3f4f5f6f7f8f9faffda000e040100021103110400003f00f9fe8a28a00f9fe8a28a28a28a0028a28a28a28a0028a28a28a28a0028a28a28a28a0028a28a28a28a0028a28a28a28a0028a28a28a28a0028a28a28a28a0028a28a28a28a0028a28a28a28a0028a28a28a28a0028a28a28a28a0028a28a28a28a0028a28a28a28a0028a28a28a28a0028a28a28a28a0028a28a28a28a0028a28a28a28a0028a28a28a28a0028a28a28a28a0028a28a28a28a0028a28a28a28a0028a28a28a28a0028a28a28a28a0028a28a28a28a0028a28a28a28a0028a28a28a28a0028a28a28a28a0028a28a28a28a0028a28a28a28a0028a28a28a28a0028a28a28a28a0028a28a28a28a0028a28a28a28a0028a28a28a28a0028a28a28a28a0028a28a28a28a0028a28a28a28a0028a28a28a28a0028a28a28a28a0028a28a28a28a0028a28a28a28a0028a28a28a28a0028a28a28a28a0028a28a28a28a0028a28a28a28a0028a28a28a28a0028a28a28a28a0028a28a28a28a0028a28a28a28a0028a28a28a28a0028a28a28a28a0028a28a28a28a0028a28a28a28a0028a28a28a28a0028a28a28a28a0028a28a28a28a0028a28a28a28a0028a28a28a28a0028a28a28a28a0028a28a28a28a0028a28a28a28a0028a28a28a28a0028a28a28a28a0028a28a28a28a0028a28a28a28a0028a28a28a28a0028a28a28a28a0028a28a28a28a0028a28a28a28a0028a28a28a28a0028a28a28a28a0028a28a28a28a0028a28a28a28a0028a28a28a28a0028a28a28a28a0028a28a28a28a0028a28a28a28a0028a28a28a28a0028a28a28a28a0028a28a28a28a0028a28a28a28a0028a28a28a28a0028a28a28a28a0028a28a28a28a0028a28a28a28a0028a28a28a28a0028a28a28a28a0028a28a28a28a0028a28a28a28a0028a28a28a28a0028a28a28a28a0028a28a28a28a0028a28a28a28a0028a28a28a28a0028a28a28a28a0028a28a28a28a0028a28a28a28a0028a28a28a28a0028a28a28a28a0028a28a28a28a0028a28a28a28a0028a28a28a28a0028a28a28a28a0028a28a28a28a0028a28a28a28a0028a28a28a28a0028a28a28a28a0028a28a28a28a0028a28a28a28a0028a28a28a28a0028a28a28a28a0028a28a28a28a0028a28a28a28a0028a28a28a28a0028a28a28a28a0028a28a28a28a0028a28a28a28a0028a28a28a28a0028a28a28a28a0028a28a28a28a0028a28a28a28a0028a28a28a28a0028a28a28a28a0028a28a28a28a0028a28a28a28a0028a28a28a28a0028a28a28a28a0028a28a28a28a0028a28a28a28a0028a28a28a28a0028a28a28a28a0028a28a28a28a0028a28a28a28a0028a28a28a28a0028a28a28a28a0028a28a28a28a0028a28a28a28a0028a28a28a28a0028a28a28a28a0028a28a28a28a0028a28a28a28a0028a28a28a28a0028a28a28a28a0028a28a28a28a0028a28a28a28a0028a28a28a28a0028a28a28a28a0028a28a28a28a0028a28a28a28a0028a28a28a28a0028a28a28a28a0028a28a28a28a0028a28a28a28a0028a28a28a28a0028a28a28a28a0028a28a28a28a0028a28a28a28a0028a28a28a28a0028a28a28a28a0028a28a28a28a0028a28a28a28a0028a28a28a28a0028a28a28a28a0028a28a28a28a0028a28a28a28a0028a28a28a28a0028a28a28a28a0028a28affd9', 'name 29', 'www.ya.ru');
                        insert into clicks (bannerid, counting) values (1000029, 71);
                        insert into shows (bannerid, counting) values (1000029, 129);
                        insert into banner (id, content, name, ref) values (1000030, X'01ffd8ffdb004300080606070605080707070909080a0c140d0c0b0b0c1912130f141d1a1f1e1d1a1c1c20242e2720222c231c1c2837292c30313434341f27393d38323c2e333432ffdb0043010909090c0b0c180d0d1832211c213232323232323232323232323232323232323232323232323232323232323232323232323232323232323232323232323232ffc000140800c800c804012200021101031101042200ffc4001f0000010501010101010100000000000000000102030405060708090a0bffc400b5100002010303020403050504040000017d01020300041105122131410613516107227114328191a1082342b1c11552d1f02433627282090a161718191a25262728292a3435363738393a434445464748494a535455565758595a636465666768696a737475767778797a838485868788898a92939495969798999aa2a3a4a5a6a7a8a9aab2b3b4b5b6b7b8b9bac2c3c4c5c6c7c8c9cad2d3d4d5d6d7d8d9dae1e2e3e4e5e6e7e8e9eaf1f2f3f4f5f6f7f8f9faffc4001f0100030101010101010101010000000000000102030405060708090a0bffc400b51100020102040403040705040400010277000102031104052131061241510761711322328108144291a1b1c109233352f0156272d10a162434e125f11718191a262728292a35363738393a434445464748494a535455565758595a636465666768696a737475767778797a82838485868788898a92939495969798999aa2a3a4a5a6a7a8a9aab2b3b4b5b6b7b8b9bac2c3c4c5c6c7c8c9cad2d3d4d5d6d7d8d9dae2e3e4e5e6e7e8e9eaf2f3f4f5f6f7f8f9faffda000e040100021103110400003f00f9fe8a28a00f9fe8a28a28a28a0028a28a28a28a0028a28a28a28a0028a28a28a28a0028a28a28a28a0028a28a28a28a0028a28a28a28a0028a28a28a28a0028a28a28a28a0028a28a28a28a0028a28a28a28a0028a28a28a28a0028a28a28a28a0028a28a28a28a0028a28a28a28a0028a28a28a28a0028a28a28a28a0028a28a28a28a0028a28a28a28a0028a28a28a28a0028a28a28a28a0028a28a28a28a0028a28a28a28a0028a28a28a28a0028a28a28a28a0028a28a28a28a0028a28a28a28a0028a28a28a28a0028a28a28a28a0028a28a28a28a0028a28a28a28a0028a28a28a28a0028a28a28a28a0028a28a28a28a0028a28a28a28a0028a28a28a28a0028a28a28a28a0028a28a28a28a0028a28a28a28a0028a28a28a28a0028a28a28a28a0028a28a28a28a0028a28a28a28a0028a28a28a28a0028a28a28a28a0028a28a28a28a0028a28a28a28a0028a28a28a28a0028a28a28a28a0028a28a28a28a0028a28a28a28a0028a28a28a28a0028a28a28a28a0028a28a28a28a0028a28a28a28a0028a28a28a28a0028a28a28a28a0028a28a28a28a0028a28a28a28a0028a28a28a28a0028a28a28a28a0028a28a28a28a0028a28a28a28a0028a28a28a28a0028a28a28a28a0028a28a28a28a0028a28a28a28a0028a28a28a28a0028a28a28a28a0028a28a28a28a0028a28a28a28a0028a28a28a28a0028a28a28a28a0028a28a28a28a0028a28a28a28a0028a28a28a28a0028a28a28a28a0028a28a28a28a0028a28a28a28a0028a28a28a28a0028a28a28a28a0028a28a28a28a0028a28a28a28a0028a28a28a28a0028a28a28a28a0028a28a28a28a0028a28a28a28a0028a28a28a28a0028a28a28a28a0028a28a28a28a0028a28a28a28a0028a28a28a28a0028a28a28a28a0028a28a28a28a0028a28a28a28a0028a28a28a28a0028a28a28a28a0028a28a28a28a0028a28a28a28a0028a28a28a28a0028a28a28a28a0028a28a28a28a0028a28a28a28a0028a28a28a28a0028a28a28a28a0028a28a28a28a0028a28a28a28a0028a28a28a28a0028a28a28a28a0028a28a28a28a0028a28a28a28a0028a28a28a28a0028a28a28a28a0028a28a28a28a0028a28a28a28a0028a28a28a28a0028a28a28a28a0028a28a28a28a0028a28a28a28a0028a28a28a28a0028a28a28a28a0028a28a28a28a0028a28a28a28a0028a28a28a28a0028a28a28a28a0028a28a28a28a0028a28a28a28a0028a28a28a28a0028a28a28a28a0028a28a28a28a0028a28a28a28a0028a28a28a28a0028a28a28a28a0028a28a28a28a0028a28a28a28a0028a28a28a28a0028a28a28a28a0028a28a28a28a0028a28a28a28a0028a28a28a28a0028a28a28a28a0028a28a28a28a0028a28a28a28a0028a28a28a28a0028a28a28a28a0028a28a28a28a0028a28a28a28a0028a28a28a28a0028a28a28a28a0028a28a28a28a0028a28a28a28a0028a28a28a28a0028a28a28a28a0028a28a28a28a0028a28a28a28a0028a28a28a28a0028a28a28a28a0028a28a28a28a0028a28a28a28a0028a28a28a28a0028a28a28a28a0028a28a28a28a0028a28a28a28a0028a28a28a28a0028a28a28a28a0028a28a28a28a0028a28a28a28a0028a28a28a28a0028a28affd9', 'name 30', 'www.ya.ru');
                        insert into clicks (bannerid, counting) values (1000030, 70);
                        insert into shows (bannerid, counting) values (1000030, 130);
                        insert into banner (id, content, name, ref) values (1000031, X'01ffd8ffdb004300080606070605080707070909080a0c140d0c0b0b0c1912130f141d1a1f1e1d1a1c1c20242e2720222c231c1c2837292c30313434341f27393d38323c2e333432ffdb0043010909090c0b0c180d0d1832211c213232323232323232323232323232323232323232323232323232323232323232323232323232323232323232323232323232ffc000140800c800c804012200021101031101042200ffc4001f0000010501010101010100000000000000000102030405060708090a0bffc400b5100002010303020403050504040000017d01020300041105122131410613516107227114328191a1082342b1c11552d1f02433627282090a161718191a25262728292a3435363738393a434445464748494a535455565758595a636465666768696a737475767778797a838485868788898a92939495969798999aa2a3a4a5a6a7a8a9aab2b3b4b5b6b7b8b9bac2c3c4c5c6c7c8c9cad2d3d4d5d6d7d8d9dae1e2e3e4e5e6e7e8e9eaf1f2f3f4f5f6f7f8f9faffc4001f0100030101010101010101010000000000000102030405060708090a0bffc400b51100020102040403040705040400010277000102031104052131061241510761711322328108144291a1b1c109233352f0156272d10a162434e125f11718191a262728292a35363738393a434445464748494a535455565758595a636465666768696a737475767778797a82838485868788898a92939495969798999aa2a3a4a5a6a7a8a9aab2b3b4b5b6b7b8b9bac2c3c4c5c6c7c8c9cad2d3d4d5d6d7d8d9dae2e3e4e5e6e7e8e9eaf2f3f4f5f6f7f8f9faffda000e040100021103110400003f00f9fe8a28a00f9fe8a28a28a28a0028a28a28a28a0028a28a28a28a0028a28a28a28a0028a28a28a28a0028a28a28a28a0028a28a28a28a0028a28a28a28a0028a28a28a28a0028a28a28a28a0028a28a28a28a0028a28a28a28a0028a28a28a28a0028a28a28a28a0028a28a28a28a0028a28a28a28a0028a28a28a28a0028a28a28a28a0028a28a28a28a0028a28a28a28a0028a28a28a28a0028a28a28a28a0028a28a28a28a0028a28a28a28a0028a28a28a28a0028a28a28a28a0028a28a28a28a0028a28a28a28a0028a28a28a28a0028a28a28a28a0028a28a28a28a0028a28a28a28a0028a28a28a28a0028a28a28a28a0028a28a28a28a0028a28a28a28a0028a28a28a28a0028a28a28a28a0028a28a28a28a0028a28a28a28a0028a28a28a28a0028a28a28a28a0028a28a28a28a0028a28a28a28a0028a28a28a28a0028a28a28a28a0028a28a28a28a0028a28a28a28a0028a28a28a28a0028a28a28a28a0028a28a28a28a0028a28a28a28a0028a28a28a28a0028a28a28a28a0028a28a28a28a0028a28a28a28a0028a28a28a28a0028a28a28a28a0028a28a28a28a0028a28a28a28a0028a28a28a28a0028a28a28a28a0028a28a28a28a0028a28a28a28a0028a28a28a28a0028a28a28a28a0028a28a28a28a0028a28a28a28a0028a28a28a28a0028a28a28a28a0028a28a28a28a0028a28a28a28a0028a28a28a28a0028a28a28a28a0028a28a28a28a0028a28a28a28a0028a28a28a28a0028a28a28a28a0028a28a28a28a0028a28a28a28a0028a28a28a28a0028a28a28a28a0028a28a28a28a0028a28a28a28a0028a28a28a28a0028a28a28a28a0028a28a28a28a0028a28a28a28a0028a28a28a28a0028a28a28a28a0028a28a28a28a0028a28a28a28a0028a28a28a28a0028a28a28a28a0028a28a28a28a0028a28a28a28a0028a28a28a28a0028a28a28a28a0028a28a28a28a0028a28a28a28a0028a28a28a28a0028a28a28a28a0028a28a28a28a0028a28a28a28a0028a28a28a28a0028a28a28a28a0028a28a28a28a0028a28a28a28a0028a28a28a28a0028a28a28a28a0028a28a28a28a0028a28a28a28a0028a28a28a28a0028a28a28a28a0028a28a28a28a0028a28a28a28a0028a28a28a28a0028a28a28a28a0028a28a28a28a0028a28a28a28a0028a28a28a28a0028a28a28a28a0028a28a28a28a0028a28a28a28a0028a28a28a28a0028a28a28a28a0028a28a28a28a0028a28a28a28a0028a28a28a28a0028a28a28a28a0028a28a28a28a0028a28a28a28a0028a28a28a28a0028a28a28a28a0028a28a28a28a0028a28a28a28a0028a28a28a28a0028a28a28a28a0028a28a28a28a0028a28a28a28a0028a28a28a28a0028a28a28a28a0028a28a28a28a0028a28a28a28a0028a28a28a28a0028a28a28a28a0028a28a28a28a0028a28a28a28a0028a28a28a28a0028a28a28a28a0028a28a28a28a0028a28a28a28a0028a28a28a28a0028a28a28a28a0028a28a28a28a0028a28a28a28a0028a28a28a28a0028a28a28a28a0028a28a28a28a0028a28a28a28a0028a28a28a28a0028a28a28a28a0028a28a28a28a0028a28a28a28a0028a28a28a28a0028a28a28a28a0028a28a28a28a0028a28a28a28a0028a28affd9', 'name 31', 'www.ya.ru');
                        insert into clicks (bannerid, counting) values (1000031, 69);
                        insert into shows (bannerid, counting) values (1000031, 131);
                        insert into banner (id, content, name, ref) values (1000032, X'01ffd8ffdb004300080606070605080707070909080a0c140d0c0b0b0c1912130f141d1a1f1e1d1a1c1c20242e2720222c231c1c2837292c30313434341f27393d38323c2e333432ffdb0043010909090c0b0c180d0d1832211c213232323232323232323232323232323232323232323232323232323232323232323232323232323232323232323232323232ffc000140800c800c804012200021101031101042200ffc4001f0000010501010101010100000000000000000102030405060708090a0bffc400b5100002010303020403050504040000017d01020300041105122131410613516107227114328191a1082342b1c11552d1f02433627282090a161718191a25262728292a3435363738393a434445464748494a535455565758595a636465666768696a737475767778797a838485868788898a92939495969798999aa2a3a4a5a6a7a8a9aab2b3b4b5b6b7b8b9bac2c3c4c5c6c7c8c9cad2d3d4d5d6d7d8d9dae1e2e3e4e5e6e7e8e9eaf1f2f3f4f5f6f7f8f9faffc4001f0100030101010101010101010000000000000102030405060708090a0bffc400b51100020102040403040705040400010277000102031104052131061241510761711322328108144291a1b1c109233352f0156272d10a162434e125f11718191a262728292a35363738393a434445464748494a535455565758595a636465666768696a737475767778797a82838485868788898a92939495969798999aa2a3a4a5a6a7a8a9aab2b3b4b5b6b7b8b9bac2c3c4c5c6c7c8c9cad2d3d4d5d6d7d8d9dae2e3e4e5e6e7e8e9eaf2f3f4f5f6f7f8f9faffda000e040100021103110400003f00f9fe8a28a00f9fe8a28a28a28a0028a28a28a28a0028a28a28a28a0028a28a28a28a0028a28a28a28a0028a28a28a28a0028a28a28a28a0028a28a28a28a0028a28a28a28a0028a28a28a28a0028a28a28a28a0028a28a28a28a0028a28a28a28a0028a28a28a28a0028a28a28a28a0028a28a28a28a0028a28a28a28a0028a28a28a28a0028a28a28a28a0028a28a28a28a0028a28a28a28a0028a28a28a28a0028a28a28a28a0028a28a28a28a0028a28a28a28a0028a28a28a28a0028a28a28a28a0028a28a28a28a0028a28a28a28a0028a28a28a28a0028a28a28a28a0028a28a28a28a0028a28a28a28a0028a28a28a28a0028a28a28a28a0028a28a28a28a0028a28a28a28a0028a28a28a28a0028a28a28a28a0028a28a28a28a0028a28a28a28a0028a28a28a28a0028a28a28a28a0028a28a28a28a0028a28a28a28a0028a28a28a28a0028a28a28a28a0028a28a28a28a0028a28a28a28a0028a28a28a28a0028a28a28a28a0028a28a28a28a0028a28a28a28a0028a28a28a28a0028a28a28a28a0028a28a28a28a0028a28a28a28a0028a28a28a28a0028a28a28a28a0028a28a28a28a0028a28a28a28a0028a28a28a28a0028a28a28a28a0028a28a28a28a0028a28a28a28a0028a28a28a28a0028a28a28a28a0028a28a28a28a0028a28a28a28a0028a28a28a28a0028a28a28a28a0028a28a28a28a0028a28a28a28a0028a28a28a28a0028a28a28a28a0028a28a28a28a0028a28a28a28a0028a28a28a28a0028a28a28a28a0028a28a28a28a0028a28a28a28a0028a28a28a28a0028a28a28a28a0028a28a28a28a0028a28a28a28a0028a28a28a28a0028a28a28a28a0028a28a28a28a0028a28a28a28a0028a28a28a28a0028a28a28a28a0028a28a28a28a0028a28a28a28a0028a28a28a28a0028a28a28a28a0028a28a28a28a0028a28a28a28a0028a28a28a28a0028a28a28a28a0028a28a28a28a0028a28a28a28a0028a28a28a28a0028a28a28a28a0028a28a28a28a0028a28a28a28a0028a28a28a28a0028a28a28a28a0028a28a28a28a0028a28a28a28a0028a28a28a28a0028a28a28a28a0028a28a28a28a0028a28a28a28a0028a28a28a28a0028a28a28a28a0028a28a28a28a0028a28a28a28a0028a28a28a28a0028a28a28a28a0028a28a28a28a0028a28a28a28a0028a28a28a28a0028a28a28a28a0028a28a28a28a0028a28a28a28a0028a28a28a28a0028a28a28a28a0028a28a28a28a0028a28a28a28a0028a28a28a28a0028a28a28a28a0028a28a28a28a0028a28a28a28a0028a28a28a28a0028a28a28a28a0028a28a28a28a0028a28a28a28a0028a28a28a28a0028a28a28a28a0028a28a28a28a0028a28a28a28a0028a28a28a28a0028a28a28a28a0028a28a28a28a0028a28a28a28a0028a28a28a28a0028a28a28a28a0028a28a28a28a0028a28a28a28a0028a28a28a28a0028a28a28a28a0028a28a28a28a0028a28a28a28a0028a28a28a28a0028a28a28a28a0028a28a28a28a0028a28a28a28a0028a28a28a28a0028a28a28a28a0028a28a28a28a0028a28a28a28a0028a28a28a28a0028a28a28a28a0028a28a28a28a0028a28a28a28a0028a28a28a28a0028a28a28a28a0028a28a28a28a0028a28affd9', 'name 32', 'www.ya.ru');
                        insert into clicks (bannerid, counting) values (1000032, 68);
                        insert into shows (bannerid, counting) values (1000032, 132);
                        insert into banner (id, content, name, ref) values (1000033, X'01ffd8ffdb004300080606070605080707070909080a0c140d0c0b0b0c1912130f141d1a1f1e1d1a1c1c20242e2720222c231c1c2837292c30313434341f27393d38323c2e333432ffdb0043010909090c0b0c180d0d1832211c213232323232323232323232323232323232323232323232323232323232323232323232323232323232323232323232323232ffc000140800c800c804012200021101031101042200ffc4001f0000010501010101010100000000000000000102030405060708090a0bffc400b5100002010303020403050504040000017d01020300041105122131410613516107227114328191a1082342b1c11552d1f02433627282090a161718191a25262728292a3435363738393a434445464748494a535455565758595a636465666768696a737475767778797a838485868788898a92939495969798999aa2a3a4a5a6a7a8a9aab2b3b4b5b6b7b8b9bac2c3c4c5c6c7c8c9cad2d3d4d5d6d7d8d9dae1e2e3e4e5e6e7e8e9eaf1f2f3f4f5f6f7f8f9faffc4001f0100030101010101010101010000000000000102030405060708090a0bffc400b51100020102040403040705040400010277000102031104052131061241510761711322328108144291a1b1c109233352f0156272d10a162434e125f11718191a262728292a35363738393a434445464748494a535455565758595a636465666768696a737475767778797a82838485868788898a92939495969798999aa2a3a4a5a6a7a8a9aab2b3b4b5b6b7b8b9bac2c3c4c5c6c7c8c9cad2d3d4d5d6d7d8d9dae2e3e4e5e6e7e8e9eaf2f3f4f5f6f7f8f9faffda000e040100021103110400003f00f9fe8a28a00f9fe8a28a28a28a0028a28a28a28a0028a28a28a28a0028a28a28a28a0028a28a28a28a0028a28a28a28a0028a28a28a28a0028a28a28a28a0028a28a28a28a0028a28a28a28a0028a28a28a28a0028a28a28a28a0028a28a28a28a0028a28a28a28a0028a28a28a28a0028a28a28a28a0028a28a28a28a0028a28a28a28a0028a28a28a28a0028a28a28a28a0028a28a28a28a0028a28a28a28a0028a28a28a28a0028a28a28a28a0028a28a28a28a0028a28a28a28a0028a28a28a28a0028a28a28a28a0028a28a28a28a0028a28a28a28a0028a28a28a28a0028a28a28a28a0028a28a28a28a0028a28a28a28a0028a28a28a28a0028a28a28a28a0028a28a28a28a0028a28a28a28a0028a28a28a28a0028a28a28a28a0028a28a28a28a0028a28a28a28a0028a28a28a28a0028a28a28a28a0028a28a28a28a0028a28a28a28a0028a28a28a28a0028a28a28a28a0028a28a28a28a0028a28a28a28a0028a28a28a28a0028a28a28a28a0028a28a28a28a0028a28a28a28a0028a28a28a28a0028a28a28a28a0028a28a28a28a0028a28a28a28a0028a28a28a28a0028a28a28a28a0028a28a28a28a0028a28a28a28a0028a28a28a28a0028a28a28a28a0028a28a28a28a0028a28a28a28a0028a28a28a28a0028a28a28a28a0028a28a28a28a0028a28a28a28a0028a28a28a28a0028a28a28a28a0028a28a28a28a0028a28a28a28a0028a28a28a28a0028a28a28a28a0028a28a28a28a0028a28a28a28a0028a28a28a28a0028a28a28a28a0028a28a28a28a0028a28a28a28a0028a28a28a28a0028a28a28a28a0028a28a28a28a0028a28a28a28a0028a28a28a28a0028a28a28a28a0028a28a28a28a0028a28a28a28a0028a28a28a28a0028a28a28a28a0028a28a28a28a0028a28a28a28a0028a28a28a28a0028a28a28a28a0028a28a28a28a0028a28a28a28a0028a28a28a28a0028a28a28a28a0028a28a28a28a0028a28a28a28a0028a28a28a28a0028a28a28a28a0028a28a28a28a0028a28a28a28a0028a28a28a28a0028a28a28a28a0028a28a28a28a0028a28a28a28a0028a28a28a28a0028a28a28a28a0028a28a28a28a0028a28a28a28a0028a28a28a28a0028a28a28a28a0028a28a28a28a0028a28a28a28a0028a28a28a28a0028a28a28a28a0028a28a28a28a0028a28a28a28a0028a28a28a28a0028a28a28a28a0028a28a28a28a0028a28a28a28a0028a28a28a28a0028a28a28a28a0028a28a28a28a0028a28a28a28a0028a28a28a28a0028a28a28a28a0028a28a28a28a0028a28a28a28a0028a28a28a28a0028a28a28a28a0028a28a28a28a0028a28a28a28a0028a28a28a28a0028a28a28a28a0028a28a28a28a0028a28a28a28a0028a28a28a28a0028a28a28a28a0028a28a28a28a0028a28a28a28a0028a28a28a28a0028a28a28a28a0028a28a28a28a0028a28a28a28a0028a28a28a28a0028a28a28a28a0028a28a28a28a0028a28a28a28a0028a28a28a28a0028a28a28a28a0028a28a28a28a0028a28a28a28a0028a28a28a28a0028a28a28a28a0028a28a28a28a0028a28a28a28a0028a28a28a28a0028a28a28a28a0028a28a28a28a0028a28a28a28a0028a28a28a28a0028a28a28a28a0028a28affd9', 'name 33', 'www.ya.ru');
                        insert into clicks (bannerid, counting) values (1000033, 67);
                        insert into shows (bannerid, counting) values (1000033, 133);
                        insert into banner (id, content, name, ref) values (1000034, X'01ffd8ffdb004300080606070605080707070909080a0c140d0c0b0b0c1912130f141d1a1f1e1d1a1c1c20242e2720222c231c1c2837292c30313434341f27393d38323c2e333432ffdb0043010909090c0b0c180d0d1832211c213232323232323232323232323232323232323232323232323232323232323232323232323232323232323232323232323232ffc000140800c800c804012200021101031101042200ffc4001f0000010501010101010100000000000000000102030405060708090a0bffc400b5100002010303020403050504040000017d01020300041105122131410613516107227114328191a1082342b1c11552d1f02433627282090a161718191a25262728292a3435363738393a434445464748494a535455565758595a636465666768696a737475767778797a838485868788898a92939495969798999aa2a3a4a5a6a7a8a9aab2b3b4b5b6b7b8b9bac2c3c4c5c6c7c8c9cad2d3d4d5d6d7d8d9dae1e2e3e4e5e6e7e8e9eaf1f2f3f4f5f6f7f8f9faffc4001f0100030101010101010101010000000000000102030405060708090a0bffc400b51100020102040403040705040400010277000102031104052131061241510761711322328108144291a1b1c109233352f0156272d10a162434e125f11718191a262728292a35363738393a434445464748494a535455565758595a636465666768696a737475767778797a82838485868788898a92939495969798999aa2a3a4a5a6a7a8a9aab2b3b4b5b6b7b8b9bac2c3c4c5c6c7c8c9cad2d3d4d5d6d7d8d9dae2e3e4e5e6e7e8e9eaf2f3f4f5f6f7f8f9faffda000e040100021103110400003f00f9fe8a28a00f9fe8a28a28a28a0028a28a28a28a0028a28a28a28a0028a28a28a28a0028a28a28a28a0028a28a28a28a0028a28a28a28a0028a28a28a28a0028a28a28a28a0028a28a28a28a0028a28a28a28a0028a28a28a28a0028a28a28a28a0028a28a28a28a0028a28a28a28a0028a28a28a28a0028a28a28a28a0028a28a28a28a0028a28a28a28a0028a28a28a28a0028a28a28a28a0028a28a28a28a0028a28a28a28a0028a28a28a28a0028a28a28a28a0028a28a28a28a0028a28a28a28a0028a28a28a28a0028a28a28a28a0028a28a28a28a0028a28a28a28a0028a28a28a28a0028a28a28a28a0028a28a28a28a0028a28a28a28a0028a28a28a28a0028a28a28a28a0028a28a28a28a0028a28a28a28a0028a28a28a28a0028a28a28a28a0028a28a28a28a0028a28a28a28a0028a28a28a28a0028a28a28a28a0028a28a28a28a0028a28a28a28a0028a28a28a28a0028a28a28a28a0028a28a28a28a0028a28a28a28a0028a28a28a28a0028a28a28a28a0028a28a28a28a0028a28a28a28a0028a28a28a28a0028a28a28a28a0028a28a28a28a0028a28a28a28a0028a28a28a28a0028a28a28a28a0028a28a28a28a0028a28a28a28a0028a28a28a28a0028a28a28a28a0028a28a28a28a0028a28a28a28a0028a28a28a28a0028a28a28a28a0028a28a28a28a0028a28a28a28a0028a28a28a28a0028a28a28a28a0028a28a28a28a0028a28a28a28a0028a28a28a28a0028a28a28a28a0028a28a28a28a0028a28a28a28a0028a28a28a28a0028a28a28a28a0028a28a28a28a0028a28a28a28a0028a28a28a28a0028a28a28a28a0028a28a28a28a0028a28a28a28a0028a28a28a28a0028a28a28a28a0028a28a28a28a0028a28a28a28a0028a28a28a28a0028a28a28a28a0028a28a28a28a0028a28a28a28a0028a28a28a28a0028a28a28a28a0028a28a28a28a0028a28a28a28a0028a28a28a28a0028a28a28a28a0028a28a28a28a0028a28a28a28a0028a28a28a28a0028a28a28a28a0028a28a28a28a0028a28a28a28a0028a28a28a28a0028a28a28a28a0028a28a28a28a0028a28a28a28a0028a28a28a28a0028a28a28a28a0028a28a28a28a0028a28a28a28a0028a28a28a28a0028a28a28a28a0028a28a28a28a0028a28a28a28a0028a28a28a28a0028a28a28a28a0028a28a28a28a0028a28a28a28a0028a28a28a28a0028a28a28a28a0028a28a28a28a0028a28a28a28a0028a28a28a28a0028a28a28a28a0028a28a28a28a0028a28a28a28a0028a28a28a28a0028a28a28a28a0028a28a28a28a0028a28a28a28a0028a28a28a28a0028a28a28a28a0028a28a28a28a0028a28a28a28a0028a28a28a28a0028a28a28a28a0028a28a28a28a0028a28a28a28a0028a28a28a28a0028a28a28a28a0028a28a28a28a0028a28a28a28a0028a28a28a28a0028a28a28a28a0028a28a28a28a0028a28a28a28a0028a28a28a28a0028a28a28a28a0028a28a28a28a0028a28a28a28a0028a28a28a28a0028a28a28a28a0028a28a28a28a0028a28a28a28a0028a28a28a28a0028a28a28a28a0028a28a28a28a0028a28a28a28a0028a28a28a28a0028a28a28a28a0028a28a28a28a0028a28a28a28a0028a28a28a28a0028a28affd9', 'name 34', 'www.ya.ru');
                        insert into clicks (bannerid, counting) values (1000034, 66);
                        insert into shows (bannerid, counting) values (1000034, 134);
                        insert into banner (id, content, name, ref) values (1000035, X'01ffd8ffdb004300080606070605080707070909080a0c140d0c0b0b0c1912130f141d1a1f1e1d1a1c1c20242e2720222c231c1c2837292c30313434341f27393d38323c2e333432ffdb0043010909090c0b0c180d0d1832211c213232323232323232323232323232323232323232323232323232323232323232323232323232323232323232323232323232ffc000140800c800c804012200021101031101042200ffc4001f0000010501010101010100000000000000000102030405060708090a0bffc400b5100002010303020403050504040000017d01020300041105122131410613516107227114328191a1082342b1c11552d1f02433627282090a161718191a25262728292a3435363738393a434445464748494a535455565758595a636465666768696a737475767778797a838485868788898a92939495969798999aa2a3a4a5a6a7a8a9aab2b3b4b5b6b7b8b9bac2c3c4c5c6c7c8c9cad2d3d4d5d6d7d8d9dae1e2e3e4e5e6e7e8e9eaf1f2f3f4f5f6f7f8f9faffc4001f0100030101010101010101010000000000000102030405060708090a0bffc400b51100020102040403040705040400010277000102031104052131061241510761711322328108144291a1b1c109233352f0156272d10a162434e125f11718191a262728292a35363738393a434445464748494a535455565758595a636465666768696a737475767778797a82838485868788898a92939495969798999aa2a3a4a5a6a7a8a9aab2b3b4b5b6b7b8b9bac2c3c4c5c6c7c8c9cad2d3d4d5d6d7d8d9dae2e3e4e5e6e7e8e9eaf2f3f4f5f6f7f8f9faffda000e040100021103110400003f00f9fe8a28a00f9fe8a28a28a28a0028a28a28a28a0028a28a28a28a0028a28a28a28a0028a28a28a28a0028a28a28a28a0028a28a28a28a0028a28a28a28a0028a28a28a28a0028a28a28a28a0028a28a28a28a0028a28a28a28a0028a28a28a28a0028a28a28a28a0028a28a28a28a0028a28a28a28a0028a28a28a28a0028a28a28a28a0028a28a28a28a0028a28a28a28a0028a28a28a28a0028a28a28a28a0028a28a28a28a0028a28a28a28a0028a28a28a28a0028a28a28a28a0028a28a28a28a0028a28a28a28a0028a28a28a28a0028a28a28a28a0028a28a28a28a0028a28a28a28a0028a28a28a28a0028a28a28a28a0028a28a28a28a0028a28a28a28a0028a28a28a28a0028a28a28a28a0028a28a28a28a0028a28a28a28a0028a28a28a28a0028a28a28a28a0028a28a28a28a0028a28a28a28a0028a28a28a28a0028a28a28a28a0028a28a28a28a0028a28a28a28a0028a28a28a28a0028a28a28a28a0028a28a28a28a0028a28a28a28a0028a28a28a28a0028a28a28a28a0028a28a28a28a0028a28a28a28a0028a28a28a28a0028a28a28a28a0028a28a28a28a0028a28a28a28a0028a28a28a28a0028a28a28a28a0028a28a28a28a0028a28a28a28a0028a28a28a28a0028a28a28a28a0028a28a28a28a0028a28a28a28a0028a28a28a28a0028a28a28a28a0028a28a28a28a0028a28a28a28a0028a28a28a28a0028a28a28a28a0028a28a28a28a0028a28a28a28a0028a28a28a28a0028a28a28a28a0028a28a28a28a0028a28a28a28a0028a28a28a28a0028a28a28a28a0028a28a28a28a0028a28a28a28a0028a28a28a28a0028a28a28a28a0028a28a28a28a0028a28a28a28a0028a28a28a28a0028a28a28a28a0028a28a28a28a0028a28a28a28a0028a28a28a28a0028a28a28a28a0028a28a28a28a0028a28a28a28a0028a28a28a28a0028a28a28a28a0028a28a28a28a0028a28a28a28a0028a28a28a28a0028a28a28a28a0028a28a28a28a0028a28a28a28a0028a28a28a28a0028a28a28a28a0028a28a28a28a0028a28a28a28a0028a28a28a28a0028a28a28a28a0028a28a28a28a0028a28a28a28a0028a28a28a28a0028a28a28a28a0028a28a28a28a0028a28a28a28a0028a28a28a28a0028a28a28a28a0028a28a28a28a0028a28a28a28a0028a28a28a28a0028a28a28a28a0028a28a28a28a0028a28a28a28a0028a28a28a28a0028a28a28a28a0028a28a28a28a0028a28a28a28a0028a28a28a28a0028a28a28a28a0028a28a28a28a0028a28a28a28a0028a28a28a28a0028a28a28a28a0028a28a28a28a0028a28a28a28a0028a28a28a28a0028a28a28a28a0028a28a28a28a0028a28a28a28a0028a28a28a28a0028a28a28a28a0028a28a28a28a0028a28a28a28a0028a28a28a28a0028a28a28a28a0028a28a28a28a0028a28a28a28a0028a28a28a28a0028a28a28a28a0028a28a28a28a0028a28a28a28a0028a28a28a28a0028a28a28a28a0028a28a28a28a0028a28a28a28a0028a28a28a28a0028a28a28a28a0028a28a28a28a0028a28a28a28a0028a28a28a28a0028a28a28a28a0028a28a28a28a0028a28a28a28a0028a28a28a28a0028a28a28a28a0028a28a28a28a0028a28a28a28a0028a28affd9', 'name 35', 'www.ya.ru');
                        insert into clicks (bannerid, counting) values (1000035, 65);
                        insert into shows (bannerid, counting) values (1000035, 135);
                        insert into banner (id, content, name, ref) values (1000036, X'01ffd8ffdb004300080606070605080707070909080a0c140d0c0b0b0c1912130f141d1a1f1e1d1a1c1c20242e2720222c231c1c2837292c30313434341f27393d38323c2e333432ffdb0043010909090c0b0c180d0d1832211c213232323232323232323232323232323232323232323232323232323232323232323232323232323232323232323232323232ffc000140800c800c804012200021101031101042200ffc4001f0000010501010101010100000000000000000102030405060708090a0bffc400b5100002010303020403050504040000017d01020300041105122131410613516107227114328191a1082342b1c11552d1f02433627282090a161718191a25262728292a3435363738393a434445464748494a535455565758595a636465666768696a737475767778797a838485868788898a92939495969798999aa2a3a4a5a6a7a8a9aab2b3b4b5b6b7b8b9bac2c3c4c5c6c7c8c9cad2d3d4d5d6d7d8d9dae1e2e3e4e5e6e7e8e9eaf1f2f3f4f5f6f7f8f9faffc4001f0100030101010101010101010000000000000102030405060708090a0bffc400b51100020102040403040705040400010277000102031104052131061241510761711322328108144291a1b1c109233352f0156272d10a162434e125f11718191a262728292a35363738393a434445464748494a535455565758595a636465666768696a737475767778797a82838485868788898a92939495969798999aa2a3a4a5a6a7a8a9aab2b3b4b5b6b7b8b9bac2c3c4c5c6c7c8c9cad2d3d4d5d6d7d8d9dae2e3e4e5e6e7e8e9eaf2f3f4f5f6f7f8f9faffda000e040100021103110400003f00f9fe8a28a00f9fe8a28a28a28a0028a28a28a28a0028a28a28a28a0028a28a28a28a0028a28a28a28a0028a28a28a28a0028a28a28a28a0028a28a28a28a0028a28a28a28a0028a28a28a28a0028a28a28a28a0028a28a28a28a0028a28a28a28a0028a28a28a28a0028a28a28a28a0028a28a28a28a0028a28a28a28a0028a28a28a28a0028a28a28a28a0028a28a28a28a0028a28a28a28a0028a28a28a28a0028a28a28a28a0028a28a28a28a0028a28a28a28a0028a28a28a28a0028a28a28a28a0028a28a28a28a0028a28a28a28a0028a28a28a28a0028a28a28a28a0028a28a28a28a0028a28a28a28a0028a28a28a28a0028a28a28a28a0028a28a28a28a0028a28a28a28a0028a28a28a28a0028a28a28a28a0028a28a28a28a0028a28a28a28a0028a28a28a28a0028a28a28a28a0028a28a28a28a0028a28a28a28a0028a28a28a28a0028a28a28a28a0028a28a28a28a0028a28a28a28a0028a28a28a28a0028a28a28a28a0028a28a28a28a0028a28a28a28a0028a28a28a28a0028a28a28a28a0028a28a28a28a0028a28a28a28a0028a28a28a28a0028a28a28a28a0028a28a28a28a0028a28a28a28a0028a28a28a28a0028a28a28a28a0028a28a28a28a0028a28a28a28a0028a28a28a28a0028a28a28a28a0028a28a28a28a0028a28a28a28a0028a28a28a28a0028a28a28a28a0028a28a28a28a0028a28a28a28a0028a28a28a28a0028a28a28a28a0028a28a28a28a0028a28a28a28a0028a28a28a28a0028a28a28a28a0028a28a28a28a0028a28a28a28a0028a28a28a28a0028a28a28a28a0028a28a28a28a0028a28a28a28a0028a28a28a28a0028a28a28a28a0028a28a28a28a0028a28a28a28a0028a28a28a28a0028a28a28a28a0028a28a28a28a0028a28a28a28a0028a28a28a28a0028a28a28a28a0028a28a28a28a0028a28a28a28a0028a28a28a28a0028a28a28a28a0028a28a28a28a0028a28a28a28a0028a28a28a28a0028a28a28a28a0028a28a28a28a0028a28a28a28a0028a28a28a28a0028a28a28a28a0028a28a28a28a0028a28a28a28a0028a28a28a28a0028a28a28a28a0028a28a28a28a0028a28a28a28a0028a28a28a28a0028a28a28a28a0028a28a28a28a0028a28a28a28a0028a28a28a28a0028a28a28a28a0028a28a28a28a0028a28a28a28a0028a28a28a28a0028a28a28a28a0028a28a28a28a0028a28a28a28a0028a28a28a28a0028a28a28a28a0028a28a28a28a0028a28a28a28a0028a28a28a28a0028a28a28a28a0028a28a28a28a0028a28a28a28a0028a28a28a28a0028a28a28a28a0028a28a28a28a0028a28a28a28a0028a28a28a28a0028a28a28a28a0028a28a28a28a0028a28a28a28a0028a28a28a28a0028a28a28a28a0028a28a28a28a0028a28a28a28a0028a28a28a28a0028a28a28a28a0028a28a28a28a0028a28a28a28a0028a28a28a28a0028a28a28a28a0028a28a28a28a0028a28a28a28a0028a28a28a28a0028a28a28a28a0028a28a28a28a0028a28a28a28a0028a28a28a28a0028a28a28a28a0028a28a28a28a0028a28a28a28a0028a28a28a28a0028a28a28a28a0028a28a28a28a0028a28a28a28a0028a28a28a28a0028a28a28a28a0028a28a28a28a0028a28affd9', 'name 36', 'www.ya.ru');
                        insert into clicks (bannerid, counting) values (1000036, 64);
                        insert into shows (bannerid, counting) values (1000036, 136);
                        insert into banner (id, content, name, ref) values (1000037, X'01ffd8ffdb004300080606070605080707070909080a0c140d0c0b0b0c1912130f141d1a1f1e1d1a1c1c20242e2720222c231c1c2837292c30313434341f27393d38323c2e333432ffdb0043010909090c0b0c180d0d1832211c213232323232323232323232323232323232323232323232323232323232323232323232323232323232323232323232323232ffc000140800c800c804012200021101031101042200ffc4001f0000010501010101010100000000000000000102030405060708090a0bffc400b5100002010303020403050504040000017d01020300041105122131410613516107227114328191a1082342b1c11552d1f02433627282090a161718191a25262728292a3435363738393a434445464748494a535455565758595a636465666768696a737475767778797a838485868788898a92939495969798999aa2a3a4a5a6a7a8a9aab2b3b4b5b6b7b8b9bac2c3c4c5c6c7c8c9cad2d3d4d5d6d7d8d9dae1e2e3e4e5e6e7e8e9eaf1f2f3f4f5f6f7f8f9faffc4001f0100030101010101010101010000000000000102030405060708090a0bffc400b51100020102040403040705040400010277000102031104052131061241510761711322328108144291a1b1c109233352f0156272d10a162434e125f11718191a262728292a35363738393a434445464748494a535455565758595a636465666768696a737475767778797a82838485868788898a92939495969798999aa2a3a4a5a6a7a8a9aab2b3b4b5b6b7b8b9bac2c3c4c5c6c7c8c9cad2d3d4d5d6d7d8d9dae2e3e4e5e6e7e8e9eaf2f3f4f5f6f7f8f9faffda000e040100021103110400003f00f9fe8a28a00f9fe8a28a28a28a0028a28a28a28a0028a28a28a28a0028a28a28a28a0028a28a28a28a0028a28a28a28a0028a28a28a28a0028a28a28a28a0028a28a28a28a0028a28a28a28a0028a28a28a28a0028a28a28a28a0028a28a28a28a0028a28a28a28a0028a28a28a28a0028a28a28a28a0028a28a28a28a0028a28a28a28a0028a28a28a28a0028a28a28a28a0028a28a28a28a0028a28a28a28a0028a28a28a28a0028a28a28a28a0028a28a28a28a0028a28a28a28a0028a28a28a28a0028a28a28a28a0028a28a28a28a0028a28a28a28a0028a28a28a28a0028a28a28a28a0028a28a28a28a0028a28a28a28a0028a28a28a28a0028a28a28a28a0028a28a28a28a0028a28a28a28a0028a28a28a28a0028a28a28a28a0028a28a28a28a0028a28a28a28a0028a28a28a28a0028a28a28a28a0028a28a28a28a0028a28a28a28a0028a28a28a28a0028a28a28a28a0028a28a28a28a0028a28a28a28a0028a28a28a28a0028a28a28a28a0028a28a28a28a0028a28a28a28a0028a28a28a28a0028a28a28a28a0028a28a28a28a0028a28a28a28a0028a28a28a28a0028a28a28a28a0028a28a28a28a0028a28a28a28a0028a28a28a28a0028a28a28a28a0028a28a28a28a0028a28a28a28a0028a28a28a28a0028a28a28a28a0028a28a28a28a0028a28a28a28a0028a28a28a28a0028a28a28a28a0028a28a28a28a0028a28a28a28a0028a28a28a28a0028a28a28a28a0028a28a28a28a0028a28a28a28a0028a28a28a28a0028a28a28a28a0028a28a28a28a0028a28a28a28a0028a28a28a28a0028a28a28a28a0028a28a28a28a0028a28a28a28a0028a28a28a28a0028a28a28a28a0028a28a28a28a0028a28a28a28a0028a28a28a28a0028a28a28a28a0028a28a28a28a0028a28a28a28a0028a28a28a28a0028a28a28a28a0028a28a28a28a0028a28a28a28a0028a28a28a28a0028a28a28a28a0028a28a28a28a0028a28a28a28a0028a28a28a28a0028a28a28a28a0028a28a28a28a0028a28a28a28a0028a28a28a28a0028a28a28a28a0028a28a28a28a0028a28a28a28a0028a28a28a28a0028a28a28a28a0028a28a28a28a0028a28a28a28a0028a28a28a28a0028a28a28a28a0028a28a28a28a0028a28a28a28a0028a28a28a28a0028a28a28a28a0028a28a28a28a0028a28a28a28a0028a28a28a28a0028a28a28a28a0028a28a28a28a0028a28a28a28a0028a28a28a28a0028a28a28a28a0028a28a28a28a0028a28a28a28a0028a28a28a28a0028a28a28a28a0028a28a28a28a0028a28a28a28a0028a28a28a28a0028a28a28a28a0028a28a28a28a0028a28a28a28a0028a28a28a28a0028a28a28a28a0028a28a28a28a0028a28a28a28a0028a28a28a28a0028a28a28a28a0028a28a28a28a0028a28a28a28a0028a28a28a28a0028a28a28a28a0028a28a28a28a0028a28a28a28a0028a28a28a28a0028a28a28a28a0028a28a28a28a0028a28a28a28a0028a28a28a28a0028a28a28a28a0028a28a28a28a0028a28a28a28a0028a28a28a28a0028a28a28a28a0028a28a28a28a0028a28a28a28a0028a28a28a28a0028a28a28a28a0028a28a28a28a0028a28a28a28a0028a28a28a28a0028a28a28a28a0028a28affd9', 'name 37', 'www.ya.ru');
                        insert into clicks (bannerid, counting) values (1000037, 63);
                        insert into shows (bannerid, counting) values (1000037, 137);
                        insert into banner (id, content, name, ref) values (1000038, X'01ffd8ffdb004300080606070605080707070909080a0c140d0c0b0b0c1912130f141d1a1f1e1d1a1c1c20242e2720222c231c1c2837292c30313434341f27393d38323c2e333432ffdb0043010909090c0b0c180d0d1832211c213232323232323232323232323232323232323232323232323232323232323232323232323232323232323232323232323232ffc000140800c800c804012200021101031101042200ffc4001f0000010501010101010100000000000000000102030405060708090a0bffc400b5100002010303020403050504040000017d01020300041105122131410613516107227114328191a1082342b1c11552d1f02433627282090a161718191a25262728292a3435363738393a434445464748494a535455565758595a636465666768696a737475767778797a838485868788898a92939495969798999aa2a3a4a5a6a7a8a9aab2b3b4b5b6b7b8b9bac2c3c4c5c6c7c8c9cad2d3d4d5d6d7d8d9dae1e2e3e4e5e6e7e8e9eaf1f2f3f4f5f6f7f8f9faffc4001f0100030101010101010101010000000000000102030405060708090a0bffc400b51100020102040403040705040400010277000102031104052131061241510761711322328108144291a1b1c109233352f0156272d10a162434e125f11718191a262728292a35363738393a434445464748494a535455565758595a636465666768696a737475767778797a82838485868788898a92939495969798999aa2a3a4a5a6a7a8a9aab2b3b4b5b6b7b8b9bac2c3c4c5c6c7c8c9cad2d3d4d5d6d7d8d9dae2e3e4e5e6e7e8e9eaf2f3f4f5f6f7f8f9faffda000e040100021103110400003f00f9fe8a28a00f9fe8a28a28a28a0028a28a28a28a0028a28a28a28a0028a28a28a28a0028a28a28a28a0028a28a28a28a0028a28a28a28a0028a28a28a28a0028a28a28a28a0028a28a28a28a0028a28a28a28a0028a28a28a28a0028a28a28a28a0028a28a28a28a0028a28a28a28a0028a28a28a28a0028a28a28a28a0028a28a28a28a0028a28a28a28a0028a28a28a28a0028a28a28a28a0028a28a28a28a0028a28a28a28a0028a28a28a28a0028a28a28a28a0028a28a28a28a0028a28a28a28a0028a28a28a28a0028a28a28a28a0028a28a28a28a0028a28a28a28a0028a28a28a28a0028a28a28a28a0028a28a28a28a0028a28a28a28a0028a28a28a28a0028a28a28a28a0028a28a28a28a0028a28a28a28a0028a28a28a28a0028a28a28a28a0028a28a28a28a0028a28a28a28a0028a28a28a28a0028a28a28a28a0028a28a28a28a0028a28a28a28a0028a28a28a28a0028a28a28a28a0028a28a28a28a0028a28a28a28a0028a28a28a28a0028a28a28a28a0028a28a28a28a0028a28a28a28a0028a28a28a28a0028a28a28a28a0028a28a28a28a0028a28a28a28a0028a28a28a28a0028a28a28a28a0028a28a28a28a0028a28a28a28a0028a28a28a28a0028a28a28a28a0028a28a28a28a0028a28a28a28a0028a28a28a28a0028a28a28a28a0028a28a28a28a0028a28a28a28a0028a28a28a28a0028a28a28a28a0028a28a28a28a0028a28a28a28a0028a28a28a28a0028a28a28a28a0028a28a28a28a0028a28a28a28a0028a28a28a28a0028a28a28a28a0028a28a28a28a0028a28a28a28a0028a28a28a28a0028a28a28a28a0028a28a28a28a0028a28a28a28a0028a28a28a28a0028a28a28a28a0028a28a28a28a0028a28a28a28a0028a28a28a28a0028a28a28a28a0028a28a28a28a0028a28a28a28a0028a28a28a28a0028a28a28a28a0028a28a28a28a0028a28a28a28a0028a28a28a28a0028a28a28a28a0028a28a28a28a0028a28a28a28a0028a28a28a28a0028a28a28a28a0028a28a28a28a0028a28a28a28a0028a28a28a28a0028a28a28a28a0028a28a28a28a0028a28a28a28a0028a28a28a28a0028a28a28a28a0028a28a28a28a0028a28a28a28a0028a28a28a28a0028a28a28a28a0028a28a28a28a0028a28a28a28a0028a28a28a28a0028a28a28a28a0028a28a28a28a0028a28a28a28a0028a28a28a28a0028a28a28a28a0028a28a28a28a0028a28a28a28a0028a28a28a28a0028a28a28a28a0028a28a28a28a0028a28a28a28a0028a28a28a28a0028a28a28a28a0028a28a28a28a0028a28a28a28a0028a28a28a28a0028a28a28a28a0028a28a28a28a0028a28a28a28a0028a28a28a28a0028a28a28a28a0028a28a28a28a0028a28a28a28a0028a28a28a28a0028a28a28a28a0028a28a28a28a0028a28a28a28a0028a28a28a28a0028a28a28a28a0028a28a28a28a0028a28a28a28a0028a28a28a28a0028a28a28a28a0028a28a28a28a0028a28a28a28a0028a28a28a28a0028a28a28a28a0028a28a28a28a0028a28a28a28a0028a28a28a28a0028a28a28a28a0028a28a28a28a0028a28a28a28a0028a28a28a28a0028a28a28a28a0028a28a28a28a0028a28a28a28a0028a28a28a28a0028a28affd9', 'name 38', 'www.ya.ru');
                        insert into clicks (bannerid, counting) values (1000038, 62);
                        insert into shows (bannerid, counting) values (1000038, 138);
                        insert into banner (id, content, name, ref) values (1000039, X'01ffd8ffdb004300080606070605080707070909080a0c140d0c0b0b0c1912130f141d1a1f1e1d1a1c1c20242e2720222c231c1c2837292c30313434341f27393d38323c2e333432ffdb0043010909090c0b0c180d0d1832211c213232323232323232323232323232323232323232323232323232323232323232323232323232323232323232323232323232ffc000140800c800c804012200021101031101042200ffc4001f0000010501010101010100000000000000000102030405060708090a0bffc400b5100002010303020403050504040000017d01020300041105122131410613516107227114328191a1082342b1c11552d1f02433627282090a161718191a25262728292a3435363738393a434445464748494a535455565758595a636465666768696a737475767778797a838485868788898a92939495969798999aa2a3a4a5a6a7a8a9aab2b3b4b5b6b7b8b9bac2c3c4c5c6c7c8c9cad2d3d4d5d6d7d8d9dae1e2e3e4e5e6e7e8e9eaf1f2f3f4f5f6f7f8f9faffc4001f0100030101010101010101010000000000000102030405060708090a0bffc400b51100020102040403040705040400010277000102031104052131061241510761711322328108144291a1b1c109233352f0156272d10a162434e125f11718191a262728292a35363738393a434445464748494a535455565758595a636465666768696a737475767778797a82838485868788898a92939495969798999aa2a3a4a5a6a7a8a9aab2b3b4b5b6b7b8b9bac2c3c4c5c6c7c8c9cad2d3d4d5d6d7d8d9dae2e3e4e5e6e7e8e9eaf2f3f4f5f6f7f8f9faffda000e040100021103110400003f00f9fe8a28a00f9fe8a28a28a28a0028a28a28a28a0028a28a28a28a0028a28a28a28a0028a28a28a28a0028a28a28a28a0028a28a28a28a0028a28a28a28a0028a28a28a28a0028a28a28a28a0028a28a28a28a0028a28a28a28a0028a28a28a28a0028a28a28a28a0028a28a28a28a0028a28a28a28a0028a28a28a28a0028a28a28a28a0028a28a28a28a0028a28a28a28a0028a28a28a28a0028a28a28a28a0028a28a28a28a0028a28a28a28a0028a28a28a28a0028a28a28a28a0028a28a28a28a0028a28a28a28a0028a28a28a28a0028a28a28a28a0028a28a28a28a0028a28a28a28a0028a28a28a28a0028a28a28a28a0028a28a28a28a0028a28a28a28a0028a28a28a28a0028a28a28a28a0028a28a28a28a0028a28a28a28a0028a28a28a28a0028a28a28a28a0028a28a28a28a0028a28a28a28a0028a28a28a28a0028a28a28a28a0028a28a28a28a0028a28a28a28a0028a28a28a28a0028a28a28a28a0028a28a28a28a0028a28a28a28a0028a28a28a28a0028a28a28a28a0028a28a28a28a0028a28a28a28a0028a28a28a28a0028a28a28a28a0028a28a28a28a0028a28a28a28a0028a28a28a28a0028a28a28a28a0028a28a28a28a0028a28a28a28a0028a28a28a28a0028a28a28a28a0028a28a28a28a0028a28a28a28a0028a28a28a28a0028a28a28a28a0028a28a28a28a0028a28a28a28a0028a28a28a28a0028a28a28a28a0028a28a28a28a0028a28a28a28a0028a28a28a28a0028a28a28a28a0028a28a28a28a0028a28a28a28a0028a28a28a28a0028a28a28a28a0028a28a28a28a0028a28a28a28a0028a28a28a28a0028a28a28a28a0028a28a28a28a0028a28a28a28a0028a28a28a28a0028a28a28a28a0028a28a28a28a0028a28a28a28a0028a28a28a28a0028a28a28a28a0028a28a28a28a0028a28a28a28a0028a28a28a28a0028a28a28a28a0028a28a28a28a0028a28a28a28a0028a28a28a28a0028a28a28a28a0028a28a28a28a0028a28a28a28a0028a28a28a28a0028a28a28a28a0028a28a28a28a0028a28a28a28a0028a28a28a28a0028a28a28a28a0028a28a28a28a0028a28a28a28a0028a28a28a28a0028a28a28a28a0028a28a28a28a0028a28a28a28a0028a28a28a28a0028a28a28a28a0028a28a28a28a0028a28a28a28a0028a28a28a28a0028a28a28a28a0028a28a28a28a0028a28a28a28a0028a28a28a28a0028a28a28a28a0028a28a28a28a0028a28a28a28a0028a28a28a28a0028a28a28a28a0028a28a28a28a0028a28a28a28a0028a28a28a28a0028a28a28a28a0028a28a28a28a0028a28a28a28a0028a28a28a28a0028a28a28a28a0028a28a28a28a0028a28a28a28a0028a28a28a28a0028a28a28a28a0028a28a28a28a0028a28a28a28a0028a28a28a28a0028a28a28a28a0028a28a28a28a0028a28a28a28a0028a28a28a28a0028a28a28a28a0028a28a28a28a0028a28a28a28a0028a28a28a28a0028a28a28a28a0028a28a28a28a0028a28a28a28a0028a28a28a28a0028a28a28a28a0028a28a28a28a0028a28a28a28a0028a28a28a28a0028a28a28a28a0028a28a28a28a0028a28a28a28a0028a28a28a28a0028a28a28a28a0028a28a28a28a0028a28a28a28a0028a28affd9', 'name 39', 'www.ya.ru');
                        insert into clicks (bannerid, counting) values (1000039, 61);
                        insert into shows (bannerid, counting) values (1000039, 139);
                        insert into banner (id, content, name, ref) values (1000040, X'01ffd8ffdb004300080606070605080707070909080a0c140d0c0b0b0c1912130f141d1a1f1e1d1a1c1c20242e2720222c231c1c2837292c30313434341f27393d38323c2e333432ffdb0043010909090c0b0c180d0d1832211c213232323232323232323232323232323232323232323232323232323232323232323232323232323232323232323232323232ffc000140800c800c804012200021101031101042200ffc4001f0000010501010101010100000000000000000102030405060708090a0bffc400b5100002010303020403050504040000017d01020300041105122131410613516107227114328191a1082342b1c11552d1f02433627282090a161718191a25262728292a3435363738393a434445464748494a535455565758595a636465666768696a737475767778797a838485868788898a92939495969798999aa2a3a4a5a6a7a8a9aab2b3b4b5b6b7b8b9bac2c3c4c5c6c7c8c9cad2d3d4d5d6d7d8d9dae1e2e3e4e5e6e7e8e9eaf1f2f3f4f5f6f7f8f9faffc4001f0100030101010101010101010000000000000102030405060708090a0bffc400b51100020102040403040705040400010277000102031104052131061241510761711322328108144291a1b1c109233352f0156272d10a162434e125f11718191a262728292a35363738393a434445464748494a535455565758595a636465666768696a737475767778797a82838485868788898a92939495969798999aa2a3a4a5a6a7a8a9aab2b3b4b5b6b7b8b9bac2c3c4c5c6c7c8c9cad2d3d4d5d6d7d8d9dae2e3e4e5e6e7e8e9eaf2f3f4f5f6f7f8f9faffda000e040100021103110400003f00f9fe8a28a00f9fe8a28a28a28a0028a28a28a28a0028a28a28a28a0028a28a28a28a0028a28a28a28a0028a28a28a28a0028a28a28a28a0028a28a28a28a0028a28a28a28a0028a28a28a28a0028a28a28a28a0028a28a28a28a0028a28a28a28a0028a28a28a28a0028a28a28a28a0028a28a28a28a0028a28a28a28a0028a28a28a28a0028a28a28a28a0028a28a28a28a0028a28a28a28a0028a28a28a28a0028a28a28a28a0028a28a28a28a0028a28a28a28a0028a28a28a28a0028a28a28a28a0028a28a28a28a0028a28a28a28a0028a28a28a28a0028a28a28a28a0028a28a28a28a0028a28a28a28a0028a28a28a28a0028a28a28a28a0028a28a28a28a0028a28a28a28a0028a28a28a28a0028a28a28a28a0028a28a28a28a0028a28a28a28a0028a28a28a28a0028a28a28a28a0028a28a28a28a0028a28a28a28a0028a28a28a28a0028a28a28a28a0028a28a28a28a0028a28a28a28a0028a28a28a28a0028a28a28a28a0028a28a28a28a0028a28a28a28a0028a28a28a28a0028a28a28a28a0028a28a28a28a0028a28a28a28a0028a28a28a28a0028a28a28a28a0028a28a28a28a0028a28a28a28a0028a28a28a28a0028a28a28a28a0028a28a28a28a0028a28a28a28a0028a28a28a28a0028a28a28a28a0028a28a28a28a0028a28a28a28a0028a28a28a28a0028a28a28a28a0028a28a28a28a0028a28a28a28a0028a28a28a28a0028a28a28a28a0028a28a28a28a0028a28a28a28a0028a28a28a28a0028a28a28a28a0028a28a28a28a0028a28a28a28a0028a28a28a28a0028a28a28a28a0028a28a28a28a0028a28a28a28a0028a28a28a28a0028a28a28a28a0028a28a28a28a0028a28a28a28a0028a28a28a28a0028a28a28a28a0028a28a28a28a0028a28a28a28a0028a28a28a28a0028a28a28a28a0028a28a28a28a0028a28a28a28a0028a28a28a28a0028a28a28a28a0028a28a28a28a0028a28a28a28a0028a28a28a28a0028a28a28a28a0028a28a28a28a0028a28a28a28a0028a28a28a28a0028a28a28a28a0028a28a28a28a0028a28a28a28a0028a28a28a28a0028a28a28a28a0028a28a28a28a0028a28a28a28a0028a28a28a28a0028a28a28a28a0028a28a28a28a0028a28a28a28a0028a28a28a28a0028a28a28a28a0028a28a28a28a0028a28a28a28a0028a28a28a28a0028a28a28a28a0028a28a28a28a0028a28a28a28a0028a28a28a28a0028a28a28a28a0028a28a28a28a0028a28a28a28a0028a28a28a28a0028a28a28a28a0028a28a28a28a0028a28a28a28a0028a28a28a28a0028a28a28a28a0028a28a28a28a0028a28a28a28a0028a28a28a28a0028a28a28a28a0028a28a28a28a0028a28a28a28a0028a28a28a28a0028a28a28a28a0028a28a28a28a0028a28a28a28a0028a28a28a28a0028a28a28a28a0028a28a28a28a0028a28a28a28a0028a28a28a28a0028a28a28a28a0028a28a28a28a0028a28a28a28a0028a28a28a28a0028a28a28a28a0028a28a28a28a0028a28a28a28a0028a28a28a28a0028a28a28a28a0028a28a28a28a0028a28a28a28a0028a28a28a28a0028a28a28a28a0028a28a28a28a0028a28a28a28a0028a28a28a28a0028a28a28a28a0028a28a28a28a0028a28affd9', 'name 40', 'www.ya.ru');
                        insert into clicks (bannerid, counting) values (1000040, 60);
                        insert into shows (bannerid, counting) values (1000040, 140);
                        insert into banner (id, content, name, ref) values (1000041, X'01ffd8ffdb004300080606070605080707070909080a0c140d0c0b0b0c1912130f141d1a1f1e1d1a1c1c20242e2720222c231c1c2837292c30313434341f27393d38323c2e333432ffdb0043010909090c0b0c180d0d1832211c213232323232323232323232323232323232323232323232323232323232323232323232323232323232323232323232323232ffc000140800c800c804012200021101031101042200ffc4001f0000010501010101010100000000000000000102030405060708090a0bffc400b5100002010303020403050504040000017d01020300041105122131410613516107227114328191a1082342b1c11552d1f02433627282090a161718191a25262728292a3435363738393a434445464748494a535455565758595a636465666768696a737475767778797a838485868788898a92939495969798999aa2a3a4a5a6a7a8a9aab2b3b4b5b6b7b8b9bac2c3c4c5c6c7c8c9cad2d3d4d5d6d7d8d9dae1e2e3e4e5e6e7e8e9eaf1f2f3f4f5f6f7f8f9faffc4001f0100030101010101010101010000000000000102030405060708090a0bffc400b51100020102040403040705040400010277000102031104052131061241510761711322328108144291a1b1c109233352f0156272d10a162434e125f11718191a262728292a35363738393a434445464748494a535455565758595a636465666768696a737475767778797a82838485868788898a92939495969798999aa2a3a4a5a6a7a8a9aab2b3b4b5b6b7b8b9bac2c3c4c5c6c7c8c9cad2d3d4d5d6d7d8d9dae2e3e4e5e6e7e8e9eaf2f3f4f5f6f7f8f9faffda000e040100021103110400003f00f9fe8a28a00f9fe8a28a28a28a0028a28a28a28a0028a28a28a28a0028a28a28a28a0028a28a28a28a0028a28a28a28a0028a28a28a28a0028a28a28a28a0028a28a28a28a0028a28a28a28a0028a28a28a28a0028a28a28a28a0028a28a28a28a0028a28a28a28a0028a28a28a28a0028a28a28a28a0028a28a28a28a0028a28a28a28a0028a28a28a28a0028a28a28a28a0028a28a28a28a0028a28a28a28a0028a28a28a28a0028a28a28a28a0028a28a28a28a0028a28a28a28a0028a28a28a28a0028a28a28a28a0028a28a28a28a0028a28a28a28a0028a28a28a28a0028a28a28a28a0028a28a28a28a0028a28a28a28a0028a28a28a28a0028a28a28a28a0028a28a28a28a0028a28a28a28a0028a28a28a28a0028a28a28a28a0028a28a28a28a0028a28a28a28a0028a28a28a28a0028a28a28a28a0028a28a28a28a0028a28a28a28a0028a28a28a28a0028a28a28a28a0028a28a28a28a0028a28a28a28a0028a28a28a28a0028a28a28a28a0028a28a28a28a0028a28a28a28a0028a28a28a28a0028a28a28a28a0028a28a28a28a0028a28a28a28a0028a28a28a28a0028a28a28a28a0028a28a28a28a0028a28a28a28a0028a28a28a28a0028a28a28a28a0028a28a28a28a0028a28a28a28a0028a28a28a28a0028a28a28a28a0028a28a28a28a0028a28a28a28a0028a28a28a28a0028a28a28a28a0028a28a28a28a0028a28a28a28a0028a28a28a28a0028a28a28a28a0028a28a28a28a0028a28a28a28a0028a28a28a28a0028a28a28a28a0028a28a28a28a0028a28a28a28a0028a28a28a28a0028a28a28a28a0028a28a28a28a0028a28a28a28a0028a28a28a28a0028a28a28a28a0028a28a28a28a0028a28a28a28a0028a28a28a28a0028a28a28a28a0028a28a28a28a0028a28a28a28a0028a28a28a28a0028a28a28a28a0028a28a28a28a0028a28a28a28a0028a28a28a28a0028a28a28a28a0028a28a28a28a0028a28a28a28a0028a28a28a28a0028a28a28a28a0028a28a28a28a0028a28a28a28a0028a28a28a28a0028a28a28a28a0028a28a28a28a0028a28a28a28a0028a28a28a28a0028a28a28a28a0028a28a28a28a0028a28a28a28a0028a28a28a28a0028a28a28a28a0028a28a28a28a0028a28a28a28a0028a28a28a28a0028a28a28a28a0028a28a28a28a0028a28a28a28a0028a28a28a28a0028a28a28a28a0028a28a28a28a0028a28a28a28a0028a28a28a28a0028a28a28a28a0028a28a28a28a0028a28a28a28a0028a28a28a28a0028a28a28a28a0028a28a28a28a0028a28a28a28a0028a28a28a28a0028a28a28a28a0028a28a28a28a0028a28a28a28a0028a28a28a28a0028a28a28a28a0028a28a28a28a0028a28a28a28a0028a28a28a28a0028a28a28a28a0028a28a28a28a0028a28a28a28a0028a28a28a28a0028a28a28a28a0028a28a28a28a0028a28a28a28a0028a28a28a28a0028a28a28a28a0028a28a28a28a0028a28a28a28a0028a28a28a28a0028a28a28a28a0028a28a28a28a0028a28a28a28a0028a28a28a28a0028a28a28a28a0028a28a28a28a0028a28a28a28a0028a28a28a28a0028a28a28a28a0028a28a28a28a0028a28a28a28a0028a28a28a28a0028a28a28a28a0028a28affd9', 'name 41', 'www.ya.ru');
                        insert into clicks (bannerid, counting) values (1000041, 59);
                        insert into shows (bannerid, counting) values (1000041, 141);
                        insert into banner (id, content, name, ref) values (1000042, X'01ffd8ffdb004300080606070605080707070909080a0c140d0c0b0b0c1912130f141d1a1f1e1d1a1c1c20242e2720222c231c1c2837292c30313434341f27393d38323c2e333432ffdb0043010909090c0b0c180d0d1832211c213232323232323232323232323232323232323232323232323232323232323232323232323232323232323232323232323232ffc000140800c800c804012200021101031101042200ffc4001f0000010501010101010100000000000000000102030405060708090a0bffc400b5100002010303020403050504040000017d01020300041105122131410613516107227114328191a1082342b1c11552d1f02433627282090a161718191a25262728292a3435363738393a434445464748494a535455565758595a636465666768696a737475767778797a838485868788898a92939495969798999aa2a3a4a5a6a7a8a9aab2b3b4b5b6b7b8b9bac2c3c4c5c6c7c8c9cad2d3d4d5d6d7d8d9dae1e2e3e4e5e6e7e8e9eaf1f2f3f4f5f6f7f8f9faffc4001f0100030101010101010101010000000000000102030405060708090a0bffc400b51100020102040403040705040400010277000102031104052131061241510761711322328108144291a1b1c109233352f0156272d10a162434e125f11718191a262728292a35363738393a434445464748494a535455565758595a636465666768696a737475767778797a82838485868788898a92939495969798999aa2a3a4a5a6a7a8a9aab2b3b4b5b6b7b8b9bac2c3c4c5c6c7c8c9cad2d3d4d5d6d7d8d9dae2e3e4e5e6e7e8e9eaf2f3f4f5f6f7f8f9faffda000e040100021103110400003f00f9fe8a28a00f9fe8a28a28a28a0028a28a28a28a0028a28a28a28a0028a28a28a28a0028a28a28a28a0028a28a28a28a0028a28a28a28a0028a28a28a28a0028a28a28a28a0028a28a28a28a0028a28a28a28a0028a28a28a28a0028a28a28a28a0028a28a28a28a0028a28a28a28a0028a28a28a28a0028a28a28a28a0028a28a28a28a0028a28a28a28a0028a28a28a28a0028a28a28a28a0028a28a28a28a0028a28a28a28a0028a28a28a28a0028a28a28a28a0028a28a28a28a0028a28a28a28a0028a28a28a28a0028a28a28a28a0028a28a28a28a0028a28a28a28a0028a28a28a28a0028a28a28a28a0028a28a28a28a0028a28a28a28a0028a28a28a28a0028a28a28a28a0028a28a28a28a0028a28a28a28a0028a28a28a28a0028a28a28a28a0028a28a28a28a0028a28a28a28a0028a28a28a28a0028a28a28a28a0028a28a28a28a0028a28a28a28a0028a28a28a28a0028a28a28a28a0028a28a28a28a0028a28a28a28a0028a28a28a28a0028a28a28a28a0028a28a28a28a0028a28a28a28a0028a28a28a28a0028a28a28a28a0028a28a28a28a0028a28a28a28a0028a28a28a28a0028a28a28a28a0028a28a28a28a0028a28a28a28a0028a28a28a28a0028a28a28a28a0028a28a28a28a0028a28a28a28a0028a28a28a28a0028a28a28a28a0028a28a28a28a0028a28a28a28a0028a28a28a28a0028a28a28a28a0028a28a28a28a0028a28a28a28a0028a28a28a28a0028a28a28a28a0028a28a28a28a0028a28a28a28a0028a28a28a28a0028a28a28a28a0028a28a28a28a0028a28a28a28a0028a28a28a28a0028a28a28a28a0028a28a28a28a0028a28a28a28a0028a28a28a28a0028a28a28a28a0028a28a28a28a0028a28a28a28a0028a28a28a28a0028a28a28a28a0028a28a28a28a0028a28a28a28a0028a28a28a28a0028a28a28a28a0028a28a28a28a0028a28a28a28a0028a28a28a28a0028a28a28a28a0028a28a28a28a0028a28a28a28a0028a28a28a28a0028a28a28a28a0028a28a28a28a0028a28a28a28a0028a28a28a28a0028a28a28a28a0028a28a28a28a0028a28a28a28a0028a28a28a28a0028a28a28a28a0028a28a28a28a0028a28a28a28a0028a28a28a28a0028a28a28a28a0028a28a28a28a0028a28a28a28a0028a28a28a28a0028a28a28a28a0028a28a28a28a0028a28a28a28a0028a28a28a28a0028a28a28a28a0028a28a28a28a0028a28a28a28a0028a28a28a28a0028a28a28a28a0028a28a28a28a0028a28a28a28a0028a28a28a28a0028a28a28a28a0028a28a28a28a0028a28a28a28a0028a28a28a28a0028a28a28a28a0028a28a28a28a0028a28a28a28a0028a28a28a28a0028a28a28a28a0028a28a28a28a0028a28a28a28a0028a28a28a28a0028a28a28a28a0028a28a28a28a0028a28a28a28a0028a28a28a28a0028a28a28a28a0028a28a28a28a0028a28a28a28a0028a28a28a28a0028a28a28a28a0028a28a28a28a0028a28a28a28a0028a28a28a28a0028a28a28a28a0028a28a28a28a0028a28a28a28a0028a28a28a28a0028a28a28a28a0028a28a28a28a0028a28a28a28a0028a28a28a28a0028a28a28a28a0028a28a28a28a0028a28a28a28a0028a28a28a28a0028a28affd9', 'name 42', 'www.ya.ru');
                        insert into clicks (bannerid, counting) values (1000042, 58);
                        insert into shows (bannerid, counting) values (1000042, 142);
                        insert into banner (id, content, name, ref) values (1000043, X'01ffd8ffdb004300080606070605080707070909080a0c140d0c0b0b0c1912130f141d1a1f1e1d1a1c1c20242e2720222c231c1c2837292c30313434341f27393d38323c2e333432ffdb0043010909090c0b0c180d0d1832211c213232323232323232323232323232323232323232323232323232323232323232323232323232323232323232323232323232ffc000140800c800c804012200021101031101042200ffc4001f0000010501010101010100000000000000000102030405060708090a0bffc400b5100002010303020403050504040000017d01020300041105122131410613516107227114328191a1082342b1c11552d1f02433627282090a161718191a25262728292a3435363738393a434445464748494a535455565758595a636465666768696a737475767778797a838485868788898a92939495969798999aa2a3a4a5a6a7a8a9aab2b3b4b5b6b7b8b9bac2c3c4c5c6c7c8c9cad2d3d4d5d6d7d8d9dae1e2e3e4e5e6e7e8e9eaf1f2f3f4f5f6f7f8f9faffc4001f0100030101010101010101010000000000000102030405060708090a0bffc400b51100020102040403040705040400010277000102031104052131061241510761711322328108144291a1b1c109233352f0156272d10a162434e125f11718191a262728292a35363738393a434445464748494a535455565758595a636465666768696a737475767778797a82838485868788898a92939495969798999aa2a3a4a5a6a7a8a9aab2b3b4b5b6b7b8b9bac2c3c4c5c6c7c8c9cad2d3d4d5d6d7d8d9dae2e3e4e5e6e7e8e9eaf2f3f4f5f6f7f8f9faffda000e040100021103110400003f00f9fe8a28a00f9fe8a28a28a28a0028a28a28a28a0028a28a28a28a0028a28a28a28a0028a28a28a28a0028a28a28a28a0028a28a28a28a0028a28a28a28a0028a28a28a28a0028a28a28a28a0028a28a28a28a0028a28a28a28a0028a28a28a28a0028a28a28a28a0028a28a28a28a0028a28a28a28a0028a28a28a28a0028a28a28a28a0028a28a28a28a0028a28a28a28a0028a28a28a28a0028a28a28a28a0028a28a28a28a0028a28a28a28a0028a28a28a28a0028a28a28a28a0028a28a28a28a0028a28a28a28a0028a28a28a28a0028a28a28a28a0028a28a28a28a0028a28a28a28a0028a28a28a28a0028a28a28a28a0028a28a28a28a0028a28a28a28a0028a28a28a28a0028a28a28a28a0028a28a28a28a0028a28a28a28a0028a28a28a28a0028a28a28a28a0028a28a28a28a0028a28a28a28a0028a28a28a28a0028a28a28a28a0028a28a28a28a0028a28a28a28a0028a28a28a28a0028a28a28a28a0028a28a28a28a0028a28a28a28a0028a28a28a28a0028a28a28a28a0028a28a28a28a0028a28a28a28a0028a28a28a28a0028a28a28a28a0028a28a28a28a0028a28a28a28a0028a28a28a28a0028a28a28a28a0028a28a28a28a0028a28a28a28a0028a28a28a28a0028a28a28a28a0028a28a28a28a0028a28a28a28a0028a28a28a28a0028a28a28a28a0028a28a28a28a0028a28a28a28a0028a28a28a28a0028a28a28a28a0028a28a28a28a0028a28a28a28a0028a28a28a28a0028a28a28a28a0028a28a28a28a0028a28a28a28a0028a28a28a28a0028a28a28a28a0028a28a28a28a0028a28a28a28a0028a28a28a28a0028a28a28a28a0028a28a28a28a0028a28a28a28a0028a28a28a28a0028a28a28a28a0028a28a28a28a0028a28a28a28a0028a28a28a28a0028a28a28a28a0028a28a28a28a0028a28a28a28a0028a28a28a28a0028a28a28a28a0028a28a28a28a0028a28a28a28a0028a28a28a28a0028a28a28a28a0028a28a28a28a0028a28a28a28a0028a28a28a28a0028a28a28a28a0028a28a28a28a0028a28a28a28a0028a28a28a28a0028a28a28a28a0028a28a28a28a0028a28a28a28a0028a28a28a28a0028a28a28a28a0028a28a28a28a0028a28a28a28a0028a28a28a28a0028a28a28a28a0028a28a28a28a0028a28a28a28a0028a28a28a28a0028a28a28a28a0028a28a28a28a0028a28a28a28a0028a28a28a28a0028a28a28a28a0028a28a28a28a0028a28a28a28a0028a28a28a28a0028a28a28a28a0028a28a28a28a0028a28a28a28a0028a28a28a28a0028a28a28a28a0028a28a28a28a0028a28a28a28a0028a28a28a28a0028a28a28a28a0028a28a28a28a0028a28a28a28a0028a28a28a28a0028a28a28a28a0028a28a28a28a0028a28a28a28a0028a28a28a28a0028a28a28a28a0028a28a28a28a0028a28a28a28a0028a28a28a28a0028a28a28a28a0028a28a28a28a0028a28a28a28a0028a28a28a28a0028a28a28a28a0028a28a28a28a0028a28a28a28a0028a28a28a28a0028a28a28a28a0028a28a28a28a0028a28a28a28a0028a28a28a28a0028a28a28a28a0028a28a28a28a0028a28a28a28a0028a28a28a28a0028a28a28a28a0028a28a28a28a0028a28a28a28a0028a28affd9', 'name 43', 'www.ya.ru');
                        insert into clicks (bannerid, counting) values (1000043, 57);
                        insert into shows (bannerid, counting) values (1000043, 143);
                        insert into banner (id, content, name, ref) values (1000044, X'01ffd8ffdb004300080606070605080707070909080a0c140d0c0b0b0c1912130f141d1a1f1e1d1a1c1c20242e2720222c231c1c2837292c30313434341f27393d38323c2e333432ffdb0043010909090c0b0c180d0d1832211c213232323232323232323232323232323232323232323232323232323232323232323232323232323232323232323232323232ffc000140800c800c804012200021101031101042200ffc4001f0000010501010101010100000000000000000102030405060708090a0bffc400b5100002010303020403050504040000017d01020300041105122131410613516107227114328191a1082342b1c11552d1f02433627282090a161718191a25262728292a3435363738393a434445464748494a535455565758595a636465666768696a737475767778797a838485868788898a92939495969798999aa2a3a4a5a6a7a8a9aab2b3b4b5b6b7b8b9bac2c3c4c5c6c7c8c9cad2d3d4d5d6d7d8d9dae1e2e3e4e5e6e7e8e9eaf1f2f3f4f5f6f7f8f9faffc4001f0100030101010101010101010000000000000102030405060708090a0bffc400b51100020102040403040705040400010277000102031104052131061241510761711322328108144291a1b1c109233352f0156272d10a162434e125f11718191a262728292a35363738393a434445464748494a535455565758595a636465666768696a737475767778797a82838485868788898a92939495969798999aa2a3a4a5a6a7a8a9aab2b3b4b5b6b7b8b9bac2c3c4c5c6c7c8c9cad2d3d4d5d6d7d8d9dae2e3e4e5e6e7e8e9eaf2f3f4f5f6f7f8f9faffda000e040100021103110400003f00f9fe8a28a00f9fe8a28a28a28a0028a28a28a28a0028a28a28a28a0028a28a28a28a0028a28a28a28a0028a28a28a28a0028a28a28a28a0028a28a28a28a0028a28a28a28a0028a28a28a28a0028a28a28a28a0028a28a28a28a0028a28a28a28a0028a28a28a28a0028a28a28a28a0028a28a28a28a0028a28a28a28a0028a28a28a28a0028a28a28a28a0028a28a28a28a0028a28a28a28a0028a28a28a28a0028a28a28a28a0028a28a28a28a0028a28a28a28a0028a28a28a28a0028a28a28a28a0028a28a28a28a0028a28a28a28a0028a28a28a28a0028a28a28a28a0028a28a28a28a0028a28a28a28a0028a28a28a28a0028a28a28a28a0028a28a28a28a0028a28a28a28a0028a28a28a28a0028a28a28a28a0028a28a28a28a0028a28a28a28a0028a28a28a28a0028a28a28a28a0028a28a28a28a0028a28a28a28a0028a28a28a28a0028a28a28a28a0028a28a28a28a0028a28a28a28a0028a28a28a28a0028a28a28a28a0028a28a28a28a0028a28a28a28a0028a28a28a28a0028a28a28a28a0028a28a28a28a0028a28a28a28a0028a28a28a28a0028a28a28a28a0028a28a28a28a0028a28a28a28a0028a28a28a28a0028a28a28a28a0028a28a28a28a0028a28a28a28a0028a28a28a28a0028a28a28a28a0028a28a28a28a0028a28a28a28a0028a28a28a28a0028a28a28a28a0028a28a28a28a0028a28a28a28a0028a28a28a28a0028a28a28a28a0028a28a28a28a0028a28a28a28a0028a28a28a28a0028a28a28a28a0028a28a28a28a0028a28a28a28a0028a28a28a28a0028a28a28a28a0028a28a28a28a0028a28a28a28a0028a28a28a28a0028a28a28a28a0028a28a28a28a0028a28a28a28a0028a28a28a28a0028a28a28a28a0028a28a28a28a0028a28a28a28a0028a28a28a28a0028a28a28a28a0028a28a28a28a0028a28a28a28a0028a28a28a28a0028a28a28a28a0028a28a28a28a0028a28a28a28a0028a28a28a28a0028a28a28a28a0028a28a28a28a0028a28a28a28a0028a28a28a28a0028a28a28a28a0028a28a28a28a0028a28a28a28a0028a28a28a28a0028a28a28a28a0028a28a28a28a0028a28a28a28a0028a28a28a28a0028a28a28a28a0028a28a28a28a0028a28a28a28a0028a28a28a28a0028a28a28a28a0028a28a28a28a0028a28a28a28a0028a28a28a28a0028a28a28a28a0028a28a28a28a0028a28a28a28a0028a28a28a28a0028a28a28a28a0028a28a28a28a0028a28a28a28a0028a28a28a28a0028a28a28a28a0028a28a28a28a0028a28a28a28a0028a28a28a28a0028a28a28a28a0028a28a28a28a0028a28a28a28a0028a28a28a28a0028a28a28a28a0028a28a28a28a0028a28a28a28a0028a28a28a28a0028a28a28a28a0028a28a28a28a0028a28a28a28a0028a28a28a28a0028a28a28a28a0028a28a28a28a0028a28a28a28a0028a28a28a28a0028a28a28a28a0028a28a28a28a0028a28a28a28a0028a28a28a28a0028a28a28a28a0028a28a28a28a0028a28a28a28a0028a28a28a28a0028a28a28a28a0028a28a28a28a0028a28a28a28a0028a28a28a28a0028a28a28a28a0028a28a28a28a0028a28a28a28a0028a28a28a28a0028a28a28a28a0028a28a28a28a0028a28affd9', 'name 44', 'www.ya.ru');
                        insert into clicks (bannerid, counting) values (1000044, 56);
                        insert into shows (bannerid, counting) values (1000044, 144);
                        insert into banner (id, content, name, ref) values (1000045, X'01ffd8ffdb004300080606070605080707070909080a0c140d0c0b0b0c1912130f141d1a1f1e1d1a1c1c20242e2720222c231c1c2837292c30313434341f27393d38323c2e333432ffdb0043010909090c0b0c180d0d1832211c213232323232323232323232323232323232323232323232323232323232323232323232323232323232323232323232323232ffc000140800c800c804012200021101031101042200ffc4001f0000010501010101010100000000000000000102030405060708090a0bffc400b5100002010303020403050504040000017d01020300041105122131410613516107227114328191a1082342b1c11552d1f02433627282090a161718191a25262728292a3435363738393a434445464748494a535455565758595a636465666768696a737475767778797a838485868788898a92939495969798999aa2a3a4a5a6a7a8a9aab2b3b4b5b6b7b8b9bac2c3c4c5c6c7c8c9cad2d3d4d5d6d7d8d9dae1e2e3e4e5e6e7e8e9eaf1f2f3f4f5f6f7f8f9faffc4001f0100030101010101010101010000000000000102030405060708090a0bffc400b51100020102040403040705040400010277000102031104052131061241510761711322328108144291a1b1c109233352f0156272d10a162434e125f11718191a262728292a35363738393a434445464748494a535455565758595a636465666768696a737475767778797a82838485868788898a92939495969798999aa2a3a4a5a6a7a8a9aab2b3b4b5b6b7b8b9bac2c3c4c5c6c7c8c9cad2d3d4d5d6d7d8d9dae2e3e4e5e6e7e8e9eaf2f3f4f5f6f7f8f9faffda000e040100021103110400003f00f9fe8a28a00f9fe8a28a28a28a0028a28a28a28a0028a28a28a28a0028a28a28a28a0028a28a28a28a0028a28a28a28a0028a28a28a28a0028a28a28a28a0028a28a28a28a0028a28a28a28a0028a28a28a28a0028a28a28a28a0028a28a28a28a0028a28a28a28a0028a28a28a28a0028a28a28a28a0028a28a28a28a0028a28a28a28a0028a28a28a28a0028a28a28a28a0028a28a28a28a0028a28a28a28a0028a28a28a28a0028a28a28a28a0028a28a28a28a0028a28a28a28a0028a28a28a28a0028a28a28a28a0028a28a28a28a0028a28a28a28a0028a28a28a28a0028a28a28a28a0028a28a28a28a0028a28a28a28a0028a28a28a28a0028a28a28a28a0028a28a28a28a0028a28a28a28a0028a28a28a28a0028a28a28a28a0028a28a28a28a0028a28a28a28a0028a28a28a28a0028a28a28a28a0028a28a28a28a0028a28a28a28a0028a28a28a28a0028a28a28a28a0028a28a28a28a0028a28a28a28a0028a28a28a28a0028a28a28a28a0028a28a28a28a0028a28a28a28a0028a28a28a28a0028a28a28a28a0028a28a28a28a0028a28a28a28a0028a28a28a28a0028a28a28a28a0028a28a28a28a0028a28a28a28a0028a28a28a28a0028a28a28a28a0028a28a28a28a0028a28a28a28a0028a28a28a28a0028a28a28a28a0028a28a28a28a0028a28a28a28a0028a28a28a28a0028a28a28a28a0028a28a28a28a0028a28a28a28a0028a28a28a28a0028a28a28a28a0028a28a28a28a0028a28a28a28a0028a28a28a28a0028a28a28a28a0028a28a28a28a0028a28a28a28a0028a28a28a28a0028a28a28a28a0028a28a28a28a0028a28a28a28a0028a28a28a28a0028a28a28a28a0028a28a28a28a0028a28a28a28a0028a28a28a28a0028a28a28a28a0028a28a28a28a0028a28a28a28a0028a28a28a28a0028a28a28a28a0028a28a28a28a0028a28a28a28a0028a28a28a28a0028a28a28a28a0028a28a28a28a0028a28a28a28a0028a28a28a28a0028a28a28a28a0028a28a28a28a0028a28a28a28a0028a28a28a28a0028a28a28a28a0028a28a28a28a0028a28a28a28a0028a28a28a28a0028a28a28a28a0028a28a28a28a0028a28a28a28a0028a28a28a28a0028a28a28a28a0028a28a28a28a0028a28a28a28a0028a28a28a28a0028a28a28a28a0028a28a28a28a0028a28a28a28a0028a28a28a28a0028a28a28a28a0028a28a28a28a0028a28a28a28a0028a28a28a28a0028a28a28a28a0028a28a28a28a0028a28a28a28a0028a28a28a28a0028a28a28a28a0028a28a28a28a0028a28a28a28a0028a28a28a28a0028a28a28a28a0028a28a28a28a0028a28a28a28a0028a28a28a28a0028a28a28a28a0028a28a28a28a0028a28a28a28a0028a28a28a28a0028a28a28a28a0028a28a28a28a0028a28a28a28a0028a28a28a28a0028a28a28a28a0028a28a28a28a0028a28a28a28a0028a28a28a28a0028a28a28a28a0028a28a28a28a0028a28a28a28a0028a28a28a28a0028a28a28a28a0028a28a28a28a0028a28a28a28a0028a28a28a28a0028a28a28a28a0028a28a28a28a0028a28a28a28a0028a28a28a28a0028a28a28a28a0028a28a28a28a0028a28a28a28a0028a28a28a28a0028a28a28a28a0028a28affd9', 'name 45', 'www.ya.ru');
                        insert into clicks (bannerid, counting) values (1000045, 55);
                        insert into shows (bannerid, counting) values (1000045, 145);
                        insert into banner (id, content, name, ref) values (1000046, X'01ffd8ffdb004300080606070605080707070909080a0c140d0c0b0b0c1912130f141d1a1f1e1d1a1c1c20242e2720222c231c1c2837292c30313434341f27393d38323c2e333432ffdb0043010909090c0b0c180d0d1832211c213232323232323232323232323232323232323232323232323232323232323232323232323232323232323232323232323232ffc000140800c800c804012200021101031101042200ffc4001f0000010501010101010100000000000000000102030405060708090a0bffc400b5100002010303020403050504040000017d01020300041105122131410613516107227114328191a1082342b1c11552d1f02433627282090a161718191a25262728292a3435363738393a434445464748494a535455565758595a636465666768696a737475767778797a838485868788898a92939495969798999aa2a3a4a5a6a7a8a9aab2b3b4b5b6b7b8b9bac2c3c4c5c6c7c8c9cad2d3d4d5d6d7d8d9dae1e2e3e4e5e6e7e8e9eaf1f2f3f4f5f6f7f8f9faffc4001f0100030101010101010101010000000000000102030405060708090a0bffc400b51100020102040403040705040400010277000102031104052131061241510761711322328108144291a1b1c109233352f0156272d10a162434e125f11718191a262728292a35363738393a434445464748494a535455565758595a636465666768696a737475767778797a82838485868788898a92939495969798999aa2a3a4a5a6a7a8a9aab2b3b4b5b6b7b8b9bac2c3c4c5c6c7c8c9cad2d3d4d5d6d7d8d9dae2e3e4e5e6e7e8e9eaf2f3f4f5f6f7f8f9faffda000e040100021103110400003f00f9fe8a28a00f9fe8a28a28a28a0028a28a28a28a0028a28a28a28a0028a28a28a28a0028a28a28a28a0028a28a28a28a0028a28a28a28a0028a28a28a28a0028a28a28a28a0028a28a28a28a0028a28a28a28a0028a28a28a28a0028a28a28a28a0028a28a28a28a0028a28a28a28a0028a28a28a28a0028a28a28a28a0028a28a28a28a0028a28a28a28a0028a28a28a28a0028a28a28a28a0028a28a28a28a0028a28a28a28a0028a28a28a28a0028a28a28a28a0028a28a28a28a0028a28a28a28a0028a28a28a28a0028a28a28a28a0028a28a28a28a0028a28a28a28a0028a28a28a28a0028a28a28a28a0028a28a28a28a0028a28a28a28a0028a28a28a28a0028a28a28a28a0028a28a28a28a0028a28a28a28a0028a28a28a28a0028a28a28a28a0028a28a28a28a0028a28a28a28a0028a28a28a28a0028a28a28a28a0028a28a28a28a0028a28a28a28a0028a28a28a28a0028a28a28a28a0028a28a28a28a0028a28a28a28a0028a28a28a28a0028a28a28a28a0028a28a28a28a0028a28a28a28a0028a28a28a28a0028a28a28a28a0028a28a28a28a0028a28a28a28a0028a28a28a28a0028a28a28a28a0028a28a28a28a0028a28a28a28a0028a28a28a28a0028a28a28a28a0028a28a28a28a0028a28a28a28a0028a28a28a28a0028a28a28a28a0028a28a28a28a0028a28a28a28a0028a28a28a28a0028a28a28a28a0028a28a28a28a0028a28a28a28a0028a28a28a28a0028a28a28a28a0028a28a28a28a0028a28a28a28a0028a28a28a28a0028a28a28a28a0028a28a28a28a0028a28a28a28a0028a28a28a28a0028a28a28a28a0028a28a28a28a0028a28a28a28a0028a28a28a28a0028a28a28a28a0028a28a28a28a0028a28a28a28a0028a28a28a28a0028a28a28a28a0028a28a28a28a0028a28a28a28a0028a28a28a28a0028a28a28a28a0028a28a28a28a0028a28a28a28a0028a28a28a28a0028a28a28a28a0028a28a28a28a0028a28a28a28a0028a28a28a28a0028a28a28a28a0028a28a28a28a0028a28a28a28a0028a28a28a28a0028a28a28a28a0028a28a28a28a0028a28a28a28a0028a28a28a28a0028a28a28a28a0028a28a28a28a0028a28a28a28a0028a28a28a28a0028a28a28a28a0028a28a28a28a0028a28a28a28a0028a28a28a28a0028a28a28a28a0028a28a28a28a0028a28a28a28a0028a28a28a28a0028a28a28a28a0028a28a28a28a0028a28a28a28a0028a28a28a28a0028a28a28a28a0028a28a28a28a0028a28a28a28a0028a28a28a28a0028a28a28a28a0028a28a28a28a0028a28a28a28a0028a28a28a28a0028a28a28a28a0028a28a28a28a0028a28a28a28a0028a28a28a28a0028a28a28a28a0028a28a28a28a0028a28a28a28a0028a28a28a28a0028a28a28a28a0028a28a28a28a0028a28a28a28a0028a28a28a28a0028a28a28a28a0028a28a28a28a0028a28a28a28a0028a28a28a28a0028a28a28a28a0028a28a28a28a0028a28a28a28a0028a28a28a28a0028a28a28a28a0028a28a28a28a0028a28a28a28a0028a28a28a28a0028a28a28a28a0028a28a28a28a0028a28a28a28a0028a28a28a28a0028a28a28a28a0028a28a28a28a0028a28a28a28a0028a28a28a28a0028a28affd9', 'name 46', 'www.ya.ru');
                        insert into clicks (bannerid, counting) values (1000046, 54);
                        insert into shows (bannerid, counting) values (1000046, 146);
                        insert into banner (id, content, name, ref) values (1000047, X'01ffd8ffdb004300080606070605080707070909080a0c140d0c0b0b0c1912130f141d1a1f1e1d1a1c1c20242e2720222c231c1c2837292c30313434341f27393d38323c2e333432ffdb0043010909090c0b0c180d0d1832211c213232323232323232323232323232323232323232323232323232323232323232323232323232323232323232323232323232ffc000140800c800c804012200021101031101042200ffc4001f0000010501010101010100000000000000000102030405060708090a0bffc400b5100002010303020403050504040000017d01020300041105122131410613516107227114328191a1082342b1c11552d1f02433627282090a161718191a25262728292a3435363738393a434445464748494a535455565758595a636465666768696a737475767778797a838485868788898a92939495969798999aa2a3a4a5a6a7a8a9aab2b3b4b5b6b7b8b9bac2c3c4c5c6c7c8c9cad2d3d4d5d6d7d8d9dae1e2e3e4e5e6e7e8e9eaf1f2f3f4f5f6f7f8f9faffc4001f0100030101010101010101010000000000000102030405060708090a0bffc400b51100020102040403040705040400010277000102031104052131061241510761711322328108144291a1b1c109233352f0156272d10a162434e125f11718191a262728292a35363738393a434445464748494a535455565758595a636465666768696a737475767778797a82838485868788898a92939495969798999aa2a3a4a5a6a7a8a9aab2b3b4b5b6b7b8b9bac2c3c4c5c6c7c8c9cad2d3d4d5d6d7d8d9dae2e3e4e5e6e7e8e9eaf2f3f4f5f6f7f8f9faffda000e040100021103110400003f00f9fe8a28a00f9fe8a28a28a28a0028a28a28a28a0028a28a28a28a0028a28a28a28a0028a28a28a28a0028a28a28a28a0028a28a28a28a0028a28a28a28a0028a28a28a28a0028a28a28a28a0028a28a28a28a0028a28a28a28a0028a28a28a28a0028a28a28a28a0028a28a28a28a0028a28a28a28a0028a28a28a28a0028a28a28a28a0028a28a28a28a0028a28a28a28a0028a28a28a28a0028a28a28a28a0028a28a28a28a0028a28a28a28a0028a28a28a28a0028a28a28a28a0028a28a28a28a0028a28a28a28a0028a28a28a28a0028a28a28a28a0028a28a28a28a0028a28a28a28a0028a28a28a28a0028a28a28a28a0028a28a28a28a0028a28a28a28a0028a28a28a28a0028a28a28a28a0028a28a28a28a0028a28a28a28a0028a28a28a28a0028a28a28a28a0028a28a28a28a0028a28a28a28a0028a28a28a28a0028a28a28a28a0028a28a28a28a0028a28a28a28a0028a28a28a28a0028a28a28a28a0028a28a28a28a0028a28a28a28a0028a28a28a28a0028a28a28a28a0028a28a28a28a0028a28a28a28a0028a28a28a28a0028a28a28a28a0028a28a28a28a0028a28a28a28a0028a28a28a28a0028a28a28a28a0028a28a28a28a0028a28a28a28a0028a28a28a28a0028a28a28a28a0028a28a28a28a0028a28a28a28a0028a28a28a28a0028a28a28a28a0028a28a28a28a0028a28a28a28a0028a28a28a28a0028a28a28a28a0028a28a28a28a0028a28a28a28a0028a28a28a28a0028a28a28a28a0028a28a28a28a0028a28a28a28a0028a28a28a28a0028a28a28a28a0028a28a28a28a0028a28a28a28a0028a28a28a28a0028a28a28a28a0028a28a28a28a0028a28a28a28a0028a28a28a28a0028a28a28a28a0028a28a28a28a0028a28a28a28a0028a28a28a28a0028a28a28a28a0028a28a28a28a0028a28a28a28a0028a28a28a28a0028a28a28a28a0028a28a28a28a0028a28a28a28a0028a28a28a28a0028a28a28a28a0028a28a28a28a0028a28a28a28a0028a28a28a28a0028a28a28a28a0028a28a28a28a0028a28a28a28a0028a28a28a28a0028a28a28a28a0028a28a28a28a0028a28a28a28a0028a28a28a28a0028a28a28a28a0028a28a28a28a0028a28a28a28a0028a28a28a28a0028a28a28a28a0028a28a28a28a0028a28a28a28a0028a28a28a28a0028a28a28a28a0028a28a28a28a0028a28a28a28a0028a28a28a28a0028a28a28a28a0028a28a28a28a0028a28a28a28a0028a28a28a28a0028a28a28a28a0028a28a28a28a0028a28a28a28a0028a28a28a28a0028a28a28a28a0028a28a28a28a0028a28a28a28a0028a28a28a28a0028a28a28a28a0028a28a28a28a0028a28a28a28a0028a28a28a28a0028a28a28a28a0028a28a28a28a0028a28a28a28a0028a28a28a28a0028a28a28a28a0028a28a28a28a0028a28a28a28a0028a28a28a28a0028a28a28a28a0028a28a28a28a0028a28a28a28a0028a28a28a28a0028a28a28a28a0028a28a28a28a0028a28a28a28a0028a28a28a28a0028a28a28a28a0028a28a28a28a0028a28a28a28a0028a28a28a28a0028a28a28a28a0028a28a28a28a0028a28a28a28a0028a28a28a28a0028a28a28a28a0028a28a28a28a0028a28a28a28a0028a28affd9', 'name 47', 'www.ya.ru');
                        insert into clicks (bannerid, counting) values (1000047, 53);
                        insert into shows (bannerid, counting) values (1000047, 147);
                        insert into banner (id, content, name, ref) values (1000048, X'01ffd8ffdb004300080606070605080707070909080a0c140d0c0b0b0c1912130f141d1a1f1e1d1a1c1c20242e2720222c231c1c2837292c30313434341f27393d38323c2e333432ffdb0043010909090c0b0c180d0d1832211c213232323232323232323232323232323232323232323232323232323232323232323232323232323232323232323232323232ffc000140800c800c804012200021101031101042200ffc4001f0000010501010101010100000000000000000102030405060708090a0bffc400b5100002010303020403050504040000017d01020300041105122131410613516107227114328191a1082342b1c11552d1f02433627282090a161718191a25262728292a3435363738393a434445464748494a535455565758595a636465666768696a737475767778797a838485868788898a92939495969798999aa2a3a4a5a6a7a8a9aab2b3b4b5b6b7b8b9bac2c3c4c5c6c7c8c9cad2d3d4d5d6d7d8d9dae1e2e3e4e5e6e7e8e9eaf1f2f3f4f5f6f7f8f9faffc4001f0100030101010101010101010000000000000102030405060708090a0bffc400b51100020102040403040705040400010277000102031104052131061241510761711322328108144291a1b1c109233352f0156272d10a162434e125f11718191a262728292a35363738393a434445464748494a535455565758595a636465666768696a737475767778797a82838485868788898a92939495969798999aa2a3a4a5a6a7a8a9aab2b3b4b5b6b7b8b9bac2c3c4c5c6c7c8c9cad2d3d4d5d6d7d8d9dae2e3e4e5e6e7e8e9eaf2f3f4f5f6f7f8f9faffda000e040100021103110400003f00f9fe8a28a00f9fe8a28a28a28a0028a28a28a28a0028a28a28a28a0028a28a28a28a0028a28a28a28a0028a28a28a28a0028a28a28a28a0028a28a28a28a0028a28a28a28a0028a28a28a28a0028a28a28a28a0028a28a28a28a0028a28a28a28a0028a28a28a28a0028a28a28a28a0028a28a28a28a0028a28a28a28a0028a28a28a28a0028a28a28a28a0028a28a28a28a0028a28a28a28a0028a28a28a28a0028a28a28a28a0028a28a28a28a0028a28a28a28a0028a28a28a28a0028a28a28a28a0028a28a28a28a0028a28a28a28a0028a28a28a28a0028a28a28a28a0028a28a28a28a0028a28a28a28a0028a28a28a28a0028a28a28a28a0028a28a28a28a0028a28a28a28a0028a28a28a28a0028a28a28a28a0028a28a28a28a0028a28a28a28a0028a28a28a28a0028a28a28a28a0028a28a28a28a0028a28a28a28a0028a28a28a28a0028a28a28a28a0028a28a28a28a0028a28a28a28a0028a28a28a28a0028a28a28a28a0028a28a28a28a0028a28a28a28a0028a28a28a28a0028a28a28a28a0028a28a28a28a0028a28a28a28a0028a28a28a28a0028a28a28a28a0028a28a28a28a0028a28a28a28a0028a28a28a28a0028a28a28a28a0028a28a28a28a0028a28a28a28a0028a28a28a28a0028a28a28a28a0028a28a28a28a0028a28a28a28a0028a28a28a28a0028a28a28a28a0028a28a28a28a0028a28a28a28a0028a28a28a28a0028a28a28a28a0028a28a28a28a0028a28a28a28a0028a28a28a28a0028a28a28a28a0028a28a28a28a0028a28a28a28a0028a28a28a28a0028a28a28a28a0028a28a28a28a0028a28a28a28a0028a28a28a28a0028a28a28a28a0028a28a28a28a0028a28a28a28a0028a28a28a28a0028a28a28a28a0028a28a28a28a0028a28a28a28a0028a28a28a28a0028a28a28a28a0028a28a28a28a0028a28a28a28a0028a28a28a28a0028a28a28a28a0028a28a28a28a0028a28a28a28a0028a28a28a28a0028a28a28a28a0028a28a28a28a0028a28a28a28a0028a28a28a28a0028a28a28a28a0028a28a28a28a0028a28a28a28a0028a28a28a28a0028a28a28a28a0028a28a28a28a0028a28a28a28a0028a28a28a28a0028a28a28a28a0028a28a28a28a0028a28a28a28a0028a28a28a28a0028a28a28a28a0028a28a28a28a0028a28a28a28a0028a28a28a28a0028a28a28a28a0028a28a28a28a0028a28a28a28a0028a28a28a28a0028a28a28a28a0028a28a28a28a0028a28a28a28a0028a28a28a28a0028a28a28a28a0028a28a28a28a0028a28a28a28a0028a28a28a28a0028a28a28a28a0028a28a28a28a0028a28a28a28a0028a28a28a28a0028a28a28a28a0028a28a28a28a0028a28a28a28a0028a28a28a28a0028a28a28a28a0028a28a28a28a0028a28a28a28a0028a28a28a28a0028a28a28a28a0028a28a28a28a0028a28a28a28a0028a28a28a28a0028a28a28a28a0028a28a28a28a0028a28a28a28a0028a28a28a28a0028a28a28a28a0028a28a28a28a0028a28a28a28a0028a28a28a28a0028a28a28a28a0028a28a28a28a0028a28a28a28a0028a28a28a28a0028a28a28a28a0028a28a28a28a0028a28a28a28a0028a28a28a28a0028a28a28a28a0028a28a28a28a0028a28affd9', 'name 48', 'www.ya.ru');
                        insert into clicks (bannerid, counting) values (1000048, 52);
                        insert into shows (bannerid, counting) values (1000048, 148);
                        insert into banner (id, content, name, ref) values (1000049, X'01ffd8ffdb004300080606070605080707070909080a0c140d0c0b0b0c1912130f141d1a1f1e1d1a1c1c20242e2720222c231c1c2837292c30313434341f27393d38323c2e333432ffdb0043010909090c0b0c180d0d1832211c213232323232323232323232323232323232323232323232323232323232323232323232323232323232323232323232323232ffc000140800c800c804012200021101031101042200ffc4001f0000010501010101010100000000000000000102030405060708090a0bffc400b5100002010303020403050504040000017d01020300041105122131410613516107227114328191a1082342b1c11552d1f02433627282090a161718191a25262728292a3435363738393a434445464748494a535455565758595a636465666768696a737475767778797a838485868788898a92939495969798999aa2a3a4a5a6a7a8a9aab2b3b4b5b6b7b8b9bac2c3c4c5c6c7c8c9cad2d3d4d5d6d7d8d9dae1e2e3e4e5e6e7e8e9eaf1f2f3f4f5f6f7f8f9faffc4001f0100030101010101010101010000000000000102030405060708090a0bffc400b51100020102040403040705040400010277000102031104052131061241510761711322328108144291a1b1c109233352f0156272d10a162434e125f11718191a262728292a35363738393a434445464748494a535455565758595a636465666768696a737475767778797a82838485868788898a92939495969798999aa2a3a4a5a6a7a8a9aab2b3b4b5b6b7b8b9bac2c3c4c5c6c7c8c9cad2d3d4d5d6d7d8d9dae2e3e4e5e6e7e8e9eaf2f3f4f5f6f7f8f9faffda000e040100021103110400003f00f9fe8a28a00f9fe8a28a28a28a0028a28a28a28a0028a28a28a28a0028a28a28a28a0028a28a28a28a0028a28a28a28a0028a28a28a28a0028a28a28a28a0028a28a28a28a0028a28a28a28a0028a28a28a28a0028a28a28a28a0028a28a28a28a0028a28a28a28a0028a28a28a28a0028a28a28a28a0028a28a28a28a0028a28a28a28a0028a28a28a28a0028a28a28a28a0028a28a28a28a0028a28a28a28a0028a28a28a28a0028a28a28a28a0028a28a28a28a0028a28a28a28a0028a28a28a28a0028a28a28a28a0028a28a28a28a0028a28a28a28a0028a28a28a28a0028a28a28a28a0028a28a28a28a0028a28a28a28a0028a28a28a28a0028a28a28a28a0028a28a28a28a0028a28a28a28a0028a28a28a28a0028a28a28a28a0028a28a28a28a0028a28a28a28a0028a28a28a28a0028a28a28a28a0028a28a28a28a0028a28a28a28a0028a28a28a28a0028a28a28a28a0028a28a28a28a0028a28a28a28a0028a28a28a28a0028a28a28a28a0028a28a28a28a0028a28a28a28a0028a28a28a28a0028a28a28a28a0028a28a28a28a0028a28a28a28a0028a28a28a28a0028a28a28a28a0028a28a28a28a0028a28a28a28a0028a28a28a28a0028a28a28a28a0028a28a28a28a0028a28a28a28a0028a28a28a28a0028a28a28a28a0028a28a28a28a0028a28a28a28a0028a28a28a28a0028a28a28a28a0028a28a28a28a0028a28a28a28a0028a28a28a28a0028a28a28a28a0028a28a28a28a0028a28a28a28a0028a28a28a28a0028a28a28a28a0028a28a28a28a0028a28a28a28a0028a28a28a28a0028a28a28a28a0028a28a28a28a0028a28a28a28a0028a28a28a28a0028a28a28a28a0028a28a28a28a0028a28a28a28a0028a28a28a28a0028a28a28a28a0028a28a28a28a0028a28a28a28a0028a28a28a28a0028a28a28a28a0028a28a28a28a0028a28a28a28a0028a28a28a28a0028a28a28a28a0028a28a28a28a0028a28a28a28a0028a28a28a28a0028a28a28a28a0028a28a28a28a0028a28a28a28a0028a28a28a28a0028a28a28a28a0028a28a28a28a0028a28a28a28a0028a28a28a28a0028a28a28a28a0028a28a28a28a0028a28a28a28a0028a28a28a28a0028a28a28a28a0028a28a28a28a0028a28a28a28a0028a28a28a28a0028a28a28a28a0028a28a28a28a0028a28a28a28a0028a28a28a28a0028a28a28a28a0028a28a28a28a0028a28a28a28a0028a28a28a28a0028a28a28a28a0028a28a28a28a0028a28a28a28a0028a28a28a28a0028a28a28a28a0028a28a28a28a0028a28a28a28a0028a28a28a28a0028a28a28a28a0028a28a28a28a0028a28a28a28a0028a28a28a28a0028a28a28a28a0028a28a28a28a0028a28a28a28a0028a28a28a28a0028a28a28a28a0028a28a28a28a0028a28a28a28a0028a28a28a28a0028a28a28a28a0028a28a28a28a0028a28a28a28a0028a28a28a28a0028a28a28a28a0028a28a28a28a0028a28a28a28a0028a28a28a28a0028a28a28a28a0028a28a28a28a0028a28a28a28a0028a28a28a28a0028a28a28a28a0028a28a28a28a0028a28a28a28a0028a28a28a28a0028a28a28a28a0028a28a28a28a0028a28a28a28a0028a28a28a28a0028a28a28a28a0028a28affd9', 'name 49', 'www.ya.ru');
                        insert into clicks (bannerid, counting) values (1000049, 51);
                        insert into shows (bannerid, counting) values (1000049, 149);
                        insert into banner (id, content, name, ref) values (1000050, X'01ffd8ffdb004300080606070605080707070909080a0c140d0c0b0b0c1912130f141d1a1f1e1d1a1c1c20242e2720222c231c1c2837292c30313434341f27393d38323c2e333432ffdb0043010909090c0b0c180d0d1832211c213232323232323232323232323232323232323232323232323232323232323232323232323232323232323232323232323232ffc000140800c800c804012200021101031101042200ffc4001f0000010501010101010100000000000000000102030405060708090a0bffc400b5100002010303020403050504040000017d01020300041105122131410613516107227114328191a1082342b1c11552d1f02433627282090a161718191a25262728292a3435363738393a434445464748494a535455565758595a636465666768696a737475767778797a838485868788898a92939495969798999aa2a3a4a5a6a7a8a9aab2b3b4b5b6b7b8b9bac2c3c4c5c6c7c8c9cad2d3d4d5d6d7d8d9dae1e2e3e4e5e6e7e8e9eaf1f2f3f4f5f6f7f8f9faffc4001f0100030101010101010101010000000000000102030405060708090a0bffc400b51100020102040403040705040400010277000102031104052131061241510761711322328108144291a1b1c109233352f0156272d10a162434e125f11718191a262728292a35363738393a434445464748494a535455565758595a636465666768696a737475767778797a82838485868788898a92939495969798999aa2a3a4a5a6a7a8a9aab2b3b4b5b6b7b8b9bac2c3c4c5c6c7c8c9cad2d3d4d5d6d7d8d9dae2e3e4e5e6e7e8e9eaf2f3f4f5f6f7f8f9faffda000e040100021103110400003f00f9fe8a28a00f9fe8a28a28a28a0028a28a28a28a0028a28a28a28a0028a28a28a28a0028a28a28a28a0028a28a28a28a0028a28a28a28a0028a28a28a28a0028a28a28a28a0028a28a28a28a0028a28a28a28a0028a28a28a28a0028a28a28a28a0028a28a28a28a0028a28a28a28a0028a28a28a28a0028a28a28a28a0028a28a28a28a0028a28a28a28a0028a28a28a28a0028a28a28a28a0028a28a28a28a0028a28a28a28a0028a28a28a28a0028a28a28a28a0028a28a28a28a0028a28a28a28a0028a28a28a28a0028a28a28a28a0028a28a28a28a0028a28a28a28a0028a28a28a28a0028a28a28a28a0028a28a28a28a0028a28a28a28a0028a28a28a28a0028a28a28a28a0028a28a28a28a0028a28a28a28a0028a28a28a28a0028a28a28a28a0028a28a28a28a0028a28a28a28a0028a28a28a28a0028a28a28a28a0028a28a28a28a0028a28a28a28a0028a28a28a28a0028a28a28a28a0028a28a28a28a0028a28a28a28a0028a28a28a28a0028a28a28a28a0028a28a28a28a0028a28a28a28a0028a28a28a28a0028a28a28a28a0028a28a28a28a0028a28a28a28a0028a28a28a28a0028a28a28a28a0028a28a28a28a0028a28a28a28a0028a28a28a28a0028a28a28a28a0028a28a28a28a0028a28a28a28a0028a28a28a28a0028a28a28a28a0028a28a28a28a0028a28a28a28a0028a28a28a28a0028a28a28a28a0028a28a28a28a0028a28a28a28a0028a28a28a28a0028a28a28a28a0028a28a28a28a0028a28a28a28a0028a28a28a28a0028a28a28a28a0028a28a28a28a0028a28a28a28a0028a28a28a28a0028a28a28a28a0028a28a28a28a0028a28a28a28a0028a28a28a28a0028a28a28a28a0028a28a28a28a0028a28a28a28a0028a28a28a28a0028a28a28a28a0028a28a28a28a0028a28a28a28a0028a28a28a28a0028a28a28a28a0028a28a28a28a0028a28a28a28a0028a28a28a28a0028a28a28a28a0028a28a28a28a0028a28a28a28a0028a28a28a28a0028a28a28a28a0028a28a28a28a0028a28a28a28a0028a28a28a28a0028a28a28a28a0028a28a28a28a0028a28a28a28a0028a28a28a28a0028a28a28a28a0028a28a28a28a0028a28a28a28a0028a28a28a28a0028a28a28a28a0028a28a28a28a0028a28a28a28a0028a28a28a28a0028a28a28a28a0028a28a28a28a0028a28a28a28a0028a28a28a28a0028a28a28a28a0028a28a28a28a0028a28a28a28a0028a28a28a28a0028a28a28a28a0028a28a28a28a0028a28a28a28a0028a28a28a28a0028a28a28a28a0028a28a28a28a0028a28a28a28a0028a28a28a28a0028a28a28a28a0028a28a28a28a0028a28a28a28a0028a28a28a28a0028a28a28a28a0028a28a28a28a0028a28a28a28a0028a28a28a28a0028a28a28a28a0028a28a28a28a0028a28a28a28a0028a28a28a28a0028a28a28a28a0028a28a28a28a0028a28a28a28a0028a28a28a28a0028a28a28a28a0028a28a28a28a0028a28a28a28a0028a28a28a28a0028a28a28a28a0028a28a28a28a0028a28a28a28a0028a28a28a28a0028a28a28a28a0028a28a28a28a0028a28a28a28a0028a28a28a28a0028a28a28a28a0028a28a28a28a0028a28a28a28a0028a28a28a28a0028a28affd9', 'name 50', 'www.ya.ru');
                        insert into clicks (bannerid, counting) values (1000050, 50);
                        insert into shows (bannerid, counting) values (1000050, 150);
                        insert into banner (id, content, name, ref) values (1000051, X'01ffd8ffdb004300080606070605080707070909080a0c140d0c0b0b0c1912130f141d1a1f1e1d1a1c1c20242e2720222c231c1c2837292c30313434341f27393d38323c2e333432ffdb0043010909090c0b0c180d0d1832211c213232323232323232323232323232323232323232323232323232323232323232323232323232323232323232323232323232ffc000140800c800c804012200021101031101042200ffc4001f0000010501010101010100000000000000000102030405060708090a0bffc400b5100002010303020403050504040000017d01020300041105122131410613516107227114328191a1082342b1c11552d1f02433627282090a161718191a25262728292a3435363738393a434445464748494a535455565758595a636465666768696a737475767778797a838485868788898a92939495969798999aa2a3a4a5a6a7a8a9aab2b3b4b5b6b7b8b9bac2c3c4c5c6c7c8c9cad2d3d4d5d6d7d8d9dae1e2e3e4e5e6e7e8e9eaf1f2f3f4f5f6f7f8f9faffc4001f0100030101010101010101010000000000000102030405060708090a0bffc400b51100020102040403040705040400010277000102031104052131061241510761711322328108144291a1b1c109233352f0156272d10a162434e125f11718191a262728292a35363738393a434445464748494a535455565758595a636465666768696a737475767778797a82838485868788898a92939495969798999aa2a3a4a5a6a7a8a9aab2b3b4b5b6b7b8b9bac2c3c4c5c6c7c8c9cad2d3d4d5d6d7d8d9dae2e3e4e5e6e7e8e9eaf2f3f4f5f6f7f8f9faffda000e040100021103110400003f00f9fe8a28a00f9fe8a28a28a28a0028a28a28a28a0028a28a28a28a0028a28a28a28a0028a28a28a28a0028a28a28a28a0028a28a28a28a0028a28a28a28a0028a28a28a28a0028a28a28a28a0028a28a28a28a0028a28a28a28a0028a28a28a28a0028a28a28a28a0028a28a28a28a0028a28a28a28a0028a28a28a28a0028a28a28a28a0028a28a28a28a0028a28a28a28a0028a28a28a28a0028a28a28a28a0028a28a28a28a0028a28a28a28a0028a28a28a28a0028a28a28a28a0028a28a28a28a0028a28a28a28a0028a28a28a28a0028a28a28a28a0028a28a28a28a0028a28a28a28a0028a28a28a28a0028a28a28a28a0028a28a28a28a0028a28a28a28a0028a28a28a28a0028a28a28a28a0028a28a28a28a0028a28a28a28a0028a28a28a28a0028a28a28a28a0028a28a28a28a0028a28a28a28a0028a28a28a28a0028a28a28a28a0028a28a28a28a0028a28a28a28a0028a28a28a28a0028a28a28a28a0028a28a28a28a0028a28a28a28a0028a28a28a28a0028a28a28a28a0028a28a28a28a0028a28a28a28a0028a28a28a28a0028a28a28a28a0028a28a28a28a0028a28a28a28a0028a28a28a28a0028a28a28a28a0028a28a28a28a0028a28a28a28a0028a28a28a28a0028a28a28a28a0028a28a28a28a0028a28a28a28a0028a28a28a28a0028a28a28a28a0028a28a28a28a0028a28a28a28a0028a28a28a28a0028a28a28a28a0028a28a28a28a0028a28a28a28a0028a28a28a28a0028a28a28a28a0028a28a28a28a0028a28a28a28a0028a28a28a28a0028a28a28a28a0028a28a28a28a0028a28a28a28a0028a28a28a28a0028a28a28a28a0028a28a28a28a0028a28a28a28a0028a28a28a28a0028a28a28a28a0028a28a28a28a0028a28a28a28a0028a28a28a28a0028a28a28a28a0028a28a28a28a0028a28a28a28a0028a28a28a28a0028a28a28a28a0028a28a28a28a0028a28a28a28a0028a28a28a28a0028a28a28a28a0028a28a28a28a0028a28a28a28a0028a28a28a28a0028a28a28a28a0028a28a28a28a0028a28a28a28a0028a28a28a28a0028a28a28a28a0028a28a28a28a0028a28a28a28a0028a28a28a28a0028a28a28a28a0028a28a28a28a0028a28a28a28a0028a28a28a28a0028a28a28a28a0028a28a28a28a0028a28a28a28a0028a28a28a28a0028a28a28a28a0028a28a28a28a0028a28a28a28a0028a28a28a28a0028a28a28a28a0028a28a28a28a0028a28a28a28a0028a28a28a28a0028a28a28a28a0028a28a28a28a0028a28a28a28a0028a28a28a28a0028a28a28a28a0028a28a28a28a0028a28a28a28a0028a28a28a28a0028a28a28a28a0028a28a28a28a0028a28a28a28a0028a28a28a28a0028a28a28a28a0028a28a28a28a0028a28a28a28a0028a28a28a28a0028a28a28a28a0028a28a28a28a0028a28a28a28a0028a28a28a28a0028a28a28a28a0028a28a28a28a0028a28a28a28a0028a28a28a28a0028a28a28a28a0028a28a28a28a0028a28a28a28a0028a28a28a28a0028a28a28a28a0028a28a28a28a0028a28a28a28a0028a28a28a28a0028a28a28a28a0028a28a28a28a0028a28a28a28a0028a28a28a28a0028a28a28a28a0028a28a28a28a0028a28a28a28a0028a28affd9', 'name 51', 'www.ya.ru');
                        insert into clicks (bannerid, counting) values (1000051, 49);
                        insert into shows (bannerid, counting) values (1000051, 151);
                        insert into banner (id, content, name, ref) values (1000052, X'01ffd8ffdb004300080606070605080707070909080a0c140d0c0b0b0c1912130f141d1a1f1e1d1a1c1c20242e2720222c231c1c2837292c30313434341f27393d38323c2e333432ffdb0043010909090c0b0c180d0d1832211c213232323232323232323232323232323232323232323232323232323232323232323232323232323232323232323232323232ffc000140800c800c804012200021101031101042200ffc4001f0000010501010101010100000000000000000102030405060708090a0bffc400b5100002010303020403050504040000017d01020300041105122131410613516107227114328191a1082342b1c11552d1f02433627282090a161718191a25262728292a3435363738393a434445464748494a535455565758595a636465666768696a737475767778797a838485868788898a92939495969798999aa2a3a4a5a6a7a8a9aab2b3b4b5b6b7b8b9bac2c3c4c5c6c7c8c9cad2d3d4d5d6d7d8d9dae1e2e3e4e5e6e7e8e9eaf1f2f3f4f5f6f7f8f9faffc4001f0100030101010101010101010000000000000102030405060708090a0bffc400b51100020102040403040705040400010277000102031104052131061241510761711322328108144291a1b1c109233352f0156272d10a162434e125f11718191a262728292a35363738393a434445464748494a535455565758595a636465666768696a737475767778797a82838485868788898a92939495969798999aa2a3a4a5a6a7a8a9aab2b3b4b5b6b7b8b9bac2c3c4c5c6c7c8c9cad2d3d4d5d6d7d8d9dae2e3e4e5e6e7e8e9eaf2f3f4f5f6f7f8f9faffda000e040100021103110400003f00f9fe8a28a00f9fe8a28a28a28a0028a28a28a28a0028a28a28a28a0028a28a28a28a0028a28a28a28a0028a28a28a28a0028a28a28a28a0028a28a28a28a0028a28a28a28a0028a28a28a28a0028a28a28a28a0028a28a28a28a0028a28a28a28a0028a28a28a28a0028a28a28a28a0028a28a28a28a0028a28a28a28a0028a28a28a28a0028a28a28a28a0028a28a28a28a0028a28a28a28a0028a28a28a28a0028a28a28a28a0028a28a28a28a0028a28a28a28a0028a28a28a28a0028a28a28a28a0028a28a28a28a0028a28a28a28a0028a28a28a28a0028a28a28a28a0028a28a28a28a0028a28a28a28a0028a28a28a28a0028a28a28a28a0028a28a28a28a0028a28a28a28a0028a28a28a28a0028a28a28a28a0028a28a28a28a0028a28a28a28a0028a28a28a28a0028a28a28a28a0028a28a28a28a0028a28a28a28a0028a28a28a28a0028a28a28a28a0028a28a28a28a0028a28a28a28a0028a28a28a28a0028a28a28a28a0028a28a28a28a0028a28a28a28a0028a28a28a28a0028a28a28a28a0028a28a28a28a0028a28a28a28a0028a28a28a28a0028a28a28a28a0028a28a28a28a0028a28a28a28a0028a28a28a28a0028a28a28a28a0028a28a28a28a0028a28a28a28a0028a28a28a28a0028a28a28a28a0028a28a28a28a0028a28a28a28a0028a28a28a28a0028a28a28a28a0028a28a28a28a0028a28a28a28a0028a28a28a28a0028a28a28a28a0028a28a28a28a0028a28a28a28a0028a28a28a28a0028a28a28a28a0028a28a28a28a0028a28a28a28a0028a28a28a28a0028a28a28a28a0028a28a28a28a0028a28a28a28a0028a28a28a28a0028a28a28a28a0028a28a28a28a0028a28a28a28a0028a28a28a28a0028a28a28a28a0028a28a28a28a0028a28a28a28a0028a28a28a28a0028a28a28a28a0028a28a28a28a0028a28a28a28a0028a28a28a28a0028a28a28a28a0028a28a28a28a0028a28a28a28a0028a28a28a28a0028a28a28a28a0028a28a28a28a0028a28a28a28a0028a28a28a28a0028a28a28a28a0028a28a28a28a0028a28a28a28a0028a28a28a28a0028a28a28a28a0028a28a28a28a0028a28a28a28a0028a28a28a28a0028a28a28a28a0028a28a28a28a0028a28a28a28a0028a28a28a28a0028a28a28a28a0028a28a28a28a0028a28a28a28a0028a28a28a28a0028a28a28a28a0028a28a28a28a0028a28a28a28a0028a28a28a28a0028a28a28a28a0028a28a28a28a0028a28a28a28a0028a28a28a28a0028a28a28a28a0028a28a28a28a0028a28a28a28a0028a28a28a28a0028a28a28a28a0028a28a28a28a0028a28a28a28a0028a28a28a28a0028a28a28a28a0028a28a28a28a0028a28a28a28a0028a28a28a28a0028a28a28a28a0028a28a28a28a0028a28a28a28a0028a28a28a28a0028a28a28a28a0028a28a28a28a0028a28a28a28a0028a28a28a28a0028a28a28a28a0028a28a28a28a0028a28a28a28a0028a28a28a28a0028a28a28a28a0028a28a28a28a0028a28a28a28a0028a28a28a28a0028a28a28a28a0028a28a28a28a0028a28a28a28a0028a28a28a28a0028a28a28a28a0028a28a28a28a0028a28a28a28a0028a28a28a28a0028a28a28a28a0028a28a28a28a0028a28affd9', 'name 52', 'www.ya.ru');
                        insert into clicks (bannerid, counting) values (1000052, 48);
                        insert into shows (bannerid, counting) values (1000052, 152);
                        insert into banner (id, content, name, ref) values (1000053, X'01ffd8ffdb004300080606070605080707070909080a0c140d0c0b0b0c1912130f141d1a1f1e1d1a1c1c20242e2720222c231c1c2837292c30313434341f27393d38323c2e333432ffdb0043010909090c0b0c180d0d1832211c213232323232323232323232323232323232323232323232323232323232323232323232323232323232323232323232323232ffc000140800c800c804012200021101031101042200ffc4001f0000010501010101010100000000000000000102030405060708090a0bffc400b5100002010303020403050504040000017d01020300041105122131410613516107227114328191a1082342b1c11552d1f02433627282090a161718191a25262728292a3435363738393a434445464748494a535455565758595a636465666768696a737475767778797a838485868788898a92939495969798999aa2a3a4a5a6a7a8a9aab2b3b4b5b6b7b8b9bac2c3c4c5c6c7c8c9cad2d3d4d5d6d7d8d9dae1e2e3e4e5e6e7e8e9eaf1f2f3f4f5f6f7f8f9faffc4001f0100030101010101010101010000000000000102030405060708090a0bffc400b51100020102040403040705040400010277000102031104052131061241510761711322328108144291a1b1c109233352f0156272d10a162434e125f11718191a262728292a35363738393a434445464748494a535455565758595a636465666768696a737475767778797a82838485868788898a92939495969798999aa2a3a4a5a6a7a8a9aab2b3b4b5b6b7b8b9bac2c3c4c5c6c7c8c9cad2d3d4d5d6d7d8d9dae2e3e4e5e6e7e8e9eaf2f3f4f5f6f7f8f9faffda000e040100021103110400003f00f9fe8a28a00f9fe8a28a28a28a0028a28a28a28a0028a28a28a28a0028a28a28a28a0028a28a28a28a0028a28a28a28a0028a28a28a28a0028a28a28a28a0028a28a28a28a0028a28a28a28a0028a28a28a28a0028a28a28a28a0028a28a28a28a0028a28a28a28a0028a28a28a28a0028a28a28a28a0028a28a28a28a0028a28a28a28a0028a28a28a28a0028a28a28a28a0028a28a28a28a0028a28a28a28a0028a28a28a28a0028a28a28a28a0028a28a28a28a0028a28a28a28a0028a28a28a28a0028a28a28a28a0028a28a28a28a0028a28a28a28a0028a28a28a28a0028a28a28a28a0028a28a28a28a0028a28a28a28a0028a28a28a28a0028a28a28a28a0028a28a28a28a0028a28a28a28a0028a28a28a28a0028a28a28a28a0028a28a28a28a0028a28a28a28a0028a28a28a28a0028a28a28a28a0028a28a28a28a0028a28a28a28a0028a28a28a28a0028a28a28a28a0028a28a28a28a0028a28a28a28a0028a28a28a28a0028a28a28a28a0028a28a28a28a0028a28a28a28a0028a28a28a28a0028a28a28a28a0028a28a28a28a0028a28a28a28a0028a28a28a28a0028a28a28a28a0028a28a28a28a0028a28a28a28a0028a28a28a28a0028a28a28a28a0028a28a28a28a0028a28a28a28a0028a28a28a28a0028a28a28a28a0028a28a28a28a0028a28a28a28a0028a28a28a28a0028a28a28a28a0028a28a28a28a0028a28a28a28a0028a28a28a28a0028a28a28a28a0028a28a28a28a0028a28a28a28a0028a28a28a28a0028a28a28a28a0028a28a28a28a0028a28a28a28a0028a28a28a28a0028a28a28a28a0028a28a28a28a0028a28a28a28a0028a28a28a28a0028a28a28a28a0028a28a28a28a0028a28a28a28a0028a28a28a28a0028a28a28a28a0028a28a28a28a0028a28a28a28a0028a28a28a28a0028a28a28a28a0028a28a28a28a0028a28a28a28a0028a28a28a28a0028a28a28a28a0028a28a28a28a0028a28a28a28a0028a28a28a28a0028a28a28a28a0028a28a28a28a0028a28a28a28a0028a28a28a28a0028a28a28a28a0028a28a28a28a0028a28a28a28a0028a28a28a28a0028a28a28a28a0028a28a28a28a0028a28a28a28a0028a28a28a28a0028a28a28a28a0028a28a28a28a0028a28a28a28a0028a28a28a28a0028a28a28a28a0028a28a28a28a0028a28a28a28a0028a28a28a28a0028a28a28a28a0028a28a28a28a0028a28a28a28a0028a28a28a28a0028a28a28a28a0028a28a28a28a0028a28a28a28a0028a28a28a28a0028a28a28a28a0028a28a28a28a0028a28a28a28a0028a28a28a28a0028a28a28a28a0028a28a28a28a0028a28a28a28a0028a28a28a28a0028a28a28a28a0028a28a28a28a0028a28a28a28a0028a28a28a28a0028a28a28a28a0028a28a28a28a0028a28a28a28a0028a28a28a28a0028a28a28a28a0028a28a28a28a0028a28a28a28a0028a28a28a28a0028a28a28a28a0028a28a28a28a0028a28a28a28a0028a28a28a28a0028a28a28a28a0028a28a28a28a0028a28a28a28a0028a28a28a28a0028a28a28a28a0028a28a28a28a0028a28a28a28a0028a28a28a28a0028a28a28a28a0028a28a28a28a0028a28a28a28a0028a28a28a28a0028a28a28a28a0028a28affd9', 'name 53', 'www.ya.ru');
                        insert into clicks (bannerid, counting) values (1000053, 47);
                        insert into shows (bannerid, counting) values (1000053, 153);
                        insert into banner (id, content, name, ref) values (1000054, X'01ffd8ffdb004300080606070605080707070909080a0c140d0c0b0b0c1912130f141d1a1f1e1d1a1c1c20242e2720222c231c1c2837292c30313434341f27393d38323c2e333432ffdb0043010909090c0b0c180d0d1832211c213232323232323232323232323232323232323232323232323232323232323232323232323232323232323232323232323232ffc000140800c800c804012200021101031101042200ffc4001f0000010501010101010100000000000000000102030405060708090a0bffc400b5100002010303020403050504040000017d01020300041105122131410613516107227114328191a1082342b1c11552d1f02433627282090a161718191a25262728292a3435363738393a434445464748494a535455565758595a636465666768696a737475767778797a838485868788898a92939495969798999aa2a3a4a5a6a7a8a9aab2b3b4b5b6b7b8b9bac2c3c4c5c6c7c8c9cad2d3d4d5d6d7d8d9dae1e2e3e4e5e6e7e8e9eaf1f2f3f4f5f6f7f8f9faffc4001f0100030101010101010101010000000000000102030405060708090a0bffc400b51100020102040403040705040400010277000102031104052131061241510761711322328108144291a1b1c109233352f0156272d10a162434e125f11718191a262728292a35363738393a434445464748494a535455565758595a636465666768696a737475767778797a82838485868788898a92939495969798999aa2a3a4a5a6a7a8a9aab2b3b4b5b6b7b8b9bac2c3c4c5c6c7c8c9cad2d3d4d5d6d7d8d9dae2e3e4e5e6e7e8e9eaf2f3f4f5f6f7f8f9faffda000e040100021103110400003f00f9fe8a28a00f9fe8a28a28a28a0028a28a28a28a0028a28a28a28a0028a28a28a28a0028a28a28a28a0028a28a28a28a0028a28a28a28a0028a28a28a28a0028a28a28a28a0028a28a28a28a0028a28a28a28a0028a28a28a28a0028a28a28a28a0028a28a28a28a0028a28a28a28a0028a28a28a28a0028a28a28a28a0028a28a28a28a0028a28a28a28a0028a28a28a28a0028a28a28a28a0028a28a28a28a0028a28a28a28a0028a28a28a28a0028a28a28a28a0028a28a28a28a0028a28a28a28a0028a28a28a28a0028a28a28a28a0028a28a28a28a0028a28a28a28a0028a28a28a28a0028a28a28a28a0028a28a28a28a0028a28a28a28a0028a28a28a28a0028a28a28a28a0028a28a28a28a0028a28a28a28a0028a28a28a28a0028a28a28a28a0028a28a28a28a0028a28a28a28a0028a28a28a28a0028a28a28a28a0028a28a28a28a0028a28a28a28a0028a28a28a28a0028a28a28a28a0028a28a28a28a0028a28a28a28a0028a28a28a28a0028a28a28a28a0028a28a28a28a0028a28a28a28a0028a28a28a28a0028a28a28a28a0028a28a28a28a0028a28a28a28a0028a28a28a28a0028a28a28a28a0028a28a28a28a0028a28a28a28a0028a28a28a28a0028a28a28a28a0028a28a28a28a0028a28a28a28a0028a28a28a28a0028a28a28a28a0028a28a28a28a0028a28a28a28a0028a28a28a28a0028a28a28a28a0028a28a28a28a0028a28a28a28a0028a28a28a28a0028a28a28a28a0028a28a28a28a0028a28a28a28a0028a28a28a28a0028a28a28a28a0028a28a28a28a0028a28a28a28a0028a28a28a28a0028a28a28a28a0028a28a28a28a0028a28a28a28a0028a28a28a28a0028a28a28a28a0028a28a28a28a0028a28a28a28a0028a28a28a28a0028a28a28a28a0028a28a28a28a0028a28a28a28a0028a28a28a28a0028a28a28a28a0028a28a28a28a0028a28a28a28a0028a28a28a28a0028a28a28a28a0028a28a28a28a0028a28a28a28a0028a28a28a28a0028a28a28a28a0028a28a28a28a0028a28a28a28a0028a28a28a28a0028a28a28a28a0028a28a28a28a0028a28a28a28a0028a28a28a28a0028a28a28a28a0028a28a28a28a0028a28a28a28a0028a28a28a28a0028a28a28a28a0028a28a28a28a0028a28a28a28a0028a28a28a28a0028a28a28a28a0028a28a28a28a0028a28a28a28a0028a28a28a28a0028a28a28a28a0028a28a28a28a0028a28a28a28a0028a28a28a28a0028a28a28a28a0028a28a28a28a0028a28a28a28a0028a28a28a28a0028a28a28a28a0028a28a28a28a0028a28a28a28a0028a28a28a28a0028a28a28a28a0028a28a28a28a0028a28a28a28a0028a28a28a28a0028a28a28a28a0028a28a28a28a0028a28a28a28a0028a28a28a28a0028a28a28a28a0028a28a28a28a0028a28a28a28a0028a28a28a28a0028a28a28a28a0028a28a28a28a0028a28a28a28a0028a28a28a28a0028a28a28a28a0028a28a28a28a0028a28a28a28a0028a28a28a28a0028a28a28a28a0028a28a28a28a0028a28a28a28a0028a28a28a28a0028a28a28a28a0028a28a28a28a0028a28a28a28a0028a28a28a28a0028a28a28a28a0028a28a28a28a0028a28a28a28a0028a28a28a28a0028a28affd9', 'name 54', 'www.ya.ru');
                        insert into clicks (bannerid, counting) values (1000054, 46);
                        insert into shows (bannerid, counting) values (1000054, 154);
                        insert into banner (id, content, name, ref) values (1000055, X'01ffd8ffdb004300080606070605080707070909080a0c140d0c0b0b0c1912130f141d1a1f1e1d1a1c1c20242e2720222c231c1c2837292c30313434341f27393d38323c2e333432ffdb0043010909090c0b0c180d0d1832211c213232323232323232323232323232323232323232323232323232323232323232323232323232323232323232323232323232ffc000140800c800c804012200021101031101042200ffc4001f0000010501010101010100000000000000000102030405060708090a0bffc400b5100002010303020403050504040000017d01020300041105122131410613516107227114328191a1082342b1c11552d1f02433627282090a161718191a25262728292a3435363738393a434445464748494a535455565758595a636465666768696a737475767778797a838485868788898a92939495969798999aa2a3a4a5a6a7a8a9aab2b3b4b5b6b7b8b9bac2c3c4c5c6c7c8c9cad2d3d4d5d6d7d8d9dae1e2e3e4e5e6e7e8e9eaf1f2f3f4f5f6f7f8f9faffc4001f0100030101010101010101010000000000000102030405060708090a0bffc400b51100020102040403040705040400010277000102031104052131061241510761711322328108144291a1b1c109233352f0156272d10a162434e125f11718191a262728292a35363738393a434445464748494a535455565758595a636465666768696a737475767778797a82838485868788898a92939495969798999aa2a3a4a5a6a7a8a9aab2b3b4b5b6b7b8b9bac2c3c4c5c6c7c8c9cad2d3d4d5d6d7d8d9dae2e3e4e5e6e7e8e9eaf2f3f4f5f6f7f8f9faffda000e040100021103110400003f00f9fe8a28a00f9fe8a28a28a28a0028a28a28a28a0028a28a28a28a0028a28a28a28a0028a28a28a28a0028a28a28a28a0028a28a28a28a0028a28a28a28a0028a28a28a28a0028a28a28a28a0028a28a28a28a0028a28a28a28a0028a28a28a28a0028a28a28a28a0028a28a28a28a0028a28a28a28a0028a28a28a28a0028a28a28a28a0028a28a28a28a0028a28a28a28a0028a28a28a28a0028a28a28a28a0028a28a28a28a0028a28a28a28a0028a28a28a28a0028a28a28a28a0028a28a28a28a0028a28a28a28a0028a28a28a28a0028a28a28a28a0028a28a28a28a0028a28a28a28a0028a28a28a28a0028a28a28a28a0028a28a28a28a0028a28a28a28a0028a28a28a28a0028a28a28a28a0028a28a28a28a0028a28a28a28a0028a28a28a28a0028a28a28a28a0028a28a28a28a0028a28a28a28a0028a28a28a28a0028a28a28a28a0028a28a28a28a0028a28a28a28a0028a28a28a28a0028a28a28a28a0028a28a28a28a0028a28a28a28a0028a28a28a28a0028a28a28a28a0028a28a28a28a0028a28a28a28a0028a28a28a28a0028a28a28a28a0028a28a28a28a0028a28a28a28a0028a28a28a28a0028a28a28a28a0028a28a28a28a0028a28a28a28a0028a28a28a28a0028a28a28a28a0028a28a28a28a0028a28a28a28a0028a28a28a28a0028a28a28a28a0028a28a28a28a0028a28a28a28a0028a28a28a28a0028a28a28a28a0028a28a28a28a0028a28a28a28a0028a28a28a28a0028a28a28a28a0028a28a28a28a0028a28a28a28a0028a28a28a28a0028a28a28a28a0028a28a28a28a0028a28a28a28a0028a28a28a28a0028a28a28a28a0028a28a28a28a0028a28a28a28a0028a28a28a28a0028a28a28a28a0028a28a28a28a0028a28a28a28a0028a28a28a28a0028a28a28a28a0028a28a28a28a0028a28a28a28a0028a28a28a28a0028a28a28a28a0028a28a28a28a0028a28a28a28a0028a28a28a28a0028a28a28a28a0028a28a28a28a0028a28a28a28a0028a28a28a28a0028a28a28a28a0028a28a28a28a0028a28a28a28a0028a28a28a28a0028a28a28a28a0028a28a28a28a0028a28a28a28a0028a28a28a28a0028a28a28a28a0028a28a28a28a0028a28a28a28a0028a28a28a28a0028a28a28a28a0028a28a28a28a0028a28a28a28a0028a28a28a28a0028a28a28a28a0028a28a28a28a0028a28a28a28a0028a28a28a28a0028a28a28a28a0028a28a28a28a0028a28a28a28a0028a28a28a28a0028a28a28a28a0028a28a28a28a0028a28a28a28a0028a28a28a28a0028a28a28a28a0028a28a28a28a0028a28a28a28a0028a28a28a28a0028a28a28a28a0028a28a28a28a0028a28a28a28a0028a28a28a28a0028a28a28a28a0028a28a28a28a0028a28a28a28a0028a28a28a28a0028a28a28a28a0028a28a28a28a0028a28a28a28a0028a28a28a28a0028a28a28a28a0028a28a28a28a0028a28a28a28a0028a28a28a28a0028a28a28a28a0028a28a28a28a0028a28a28a28a0028a28a28a28a0028a28a28a28a0028a28a28a28a0028a28a28a28a0028a28a28a28a0028a28a28a28a0028a28a28a28a0028a28a28a28a0028a28a28a28a0028a28a28a28a0028a28a28a28a0028a28a28a28a0028a28affd9', 'name 55', 'www.ya.ru');
                        insert into clicks (bannerid, counting) values (1000055, 45);
                        insert into shows (bannerid, counting) values (1000055, 155);
                        insert into banner (id, content, name, ref) values (1000056, X'01ffd8ffdb004300080606070605080707070909080a0c140d0c0b0b0c1912130f141d1a1f1e1d1a1c1c20242e2720222c231c1c2837292c30313434341f27393d38323c2e333432ffdb0043010909090c0b0c180d0d1832211c213232323232323232323232323232323232323232323232323232323232323232323232323232323232323232323232323232ffc000140800c800c804012200021101031101042200ffc4001f0000010501010101010100000000000000000102030405060708090a0bffc400b5100002010303020403050504040000017d01020300041105122131410613516107227114328191a1082342b1c11552d1f02433627282090a161718191a25262728292a3435363738393a434445464748494a535455565758595a636465666768696a737475767778797a838485868788898a92939495969798999aa2a3a4a5a6a7a8a9aab2b3b4b5b6b7b8b9bac2c3c4c5c6c7c8c9cad2d3d4d5d6d7d8d9dae1e2e3e4e5e6e7e8e9eaf1f2f3f4f5f6f7f8f9faffc4001f0100030101010101010101010000000000000102030405060708090a0bffc400b51100020102040403040705040400010277000102031104052131061241510761711322328108144291a1b1c109233352f0156272d10a162434e125f11718191a262728292a35363738393a434445464748494a535455565758595a636465666768696a737475767778797a82838485868788898a92939495969798999aa2a3a4a5a6a7a8a9aab2b3b4b5b6b7b8b9bac2c3c4c5c6c7c8c9cad2d3d4d5d6d7d8d9dae2e3e4e5e6e7e8e9eaf2f3f4f5f6f7f8f9faffda000e040100021103110400003f00f9fe8a28a00f9fe8a28a28a28a0028a28a28a28a0028a28a28a28a0028a28a28a28a0028a28a28a28a0028a28a28a28a0028a28a28a28a0028a28a28a28a0028a28a28a28a0028a28a28a28a0028a28a28a28a0028a28a28a28a0028a28a28a28a0028a28a28a28a0028a28a28a28a0028a28a28a28a0028a28a28a28a0028a28a28a28a0028a28a28a28a0028a28a28a28a0028a28a28a28a0028a28a28a28a0028a28a28a28a0028a28a28a28a0028a28a28a28a0028a28a28a28a0028a28a28a28a0028a28a28a28a0028a28a28a28a0028a28a28a28a0028a28a28a28a0028a28a28a28a0028a28a28a28a0028a28a28a28a0028a28a28a28a0028a28a28a28a0028a28a28a28a0028a28a28a28a0028a28a28a28a0028a28a28a28a0028a28a28a28a0028a28a28a28a0028a28a28a28a0028a28a28a28a0028a28a28a28a0028a28a28a28a0028a28a28a28a0028a28a28a28a0028a28a28a28a0028a28a28a28a0028a28a28a28a0028a28a28a28a0028a28a28a28a0028a28a28a28a0028a28a28a28a0028a28a28a28a0028a28a28a28a0028a28a28a28a0028a28a28a28a0028a28a28a28a0028a28a28a28a0028a28a28a28a0028a28a28a28a0028a28a28a28a0028a28a28a28a0028a28a28a28a0028a28a28a28a0028a28a28a28a0028a28a28a28a0028a28a28a28a0028a28a28a28a0028a28a28a28a0028a28a28a28a0028a28a28a28a0028a28a28a28a0028a28a28a28a0028a28a28a28a0028a28a28a28a0028a28a28a28a0028a28a28a28a0028a28a28a28a0028a28a28a28a0028a28a28a28a0028a28a28a28a0028a28a28a28a0028a28a28a28a0028a28a28a28a0028a28a28a28a0028a28a28a28a0028a28a28a28a0028a28a28a28a0028a28a28a28a0028a28a28a28a0028a28a28a28a0028a28a28a28a0028a28a28a28a0028a28a28a28a0028a28a28a28a0028a28a28a28a0028a28a28a28a0028a28a28a28a0028a28a28a28a0028a28a28a28a0028a28a28a28a0028a28a28a28a0028a28a28a28a0028a28a28a28a0028a28a28a28a0028a28a28a28a0028a28a28a28a0028a28a28a28a0028a28a28a28a0028a28a28a28a0028a28a28a28a0028a28a28a28a0028a28a28a28a0028a28a28a28a0028a28a28a28a0028a28a28a28a0028a28a28a28a0028a28a28a28a0028a28a28a28a0028a28a28a28a0028a28a28a28a0028a28a28a28a0028a28a28a28a0028a28a28a28a0028a28a28a28a0028a28a28a28a0028a28a28a28a0028a28a28a28a0028a28a28a28a0028a28a28a28a0028a28a28a28a0028a28a28a28a0028a28a28a28a0028a28a28a28a0028a28a28a28a0028a28a28a28a0028a28a28a28a0028a28a28a28a0028a28a28a28a0028a28a28a28a0028a28a28a28a0028a28a28a28a0028a28a28a28a0028a28a28a28a0028a28a28a28a0028a28a28a28a0028a28a28a28a0028a28a28a28a0028a28a28a28a0028a28a28a28a0028a28a28a28a0028a28a28a28a0028a28a28a28a0028a28a28a28a0028a28a28a28a0028a28a28a28a0028a28a28a28a0028a28a28a28a0028a28a28a28a0028a28a28a28a0028a28a28a28a0028a28a28a28a0028a28a28a28a0028a28a28a28a0028a28a28a28a0028a28affd9', 'name 56', 'www.ya.ru');
                        insert into clicks (bannerid, counting) values (1000056, 44);
                        insert into shows (bannerid, counting) values (1000056, 156);
                        insert into banner (id, content, name, ref) values (1000057, X'01ffd8ffdb004300080606070605080707070909080a0c140d0c0b0b0c1912130f141d1a1f1e1d1a1c1c20242e2720222c231c1c2837292c30313434341f27393d38323c2e333432ffdb0043010909090c0b0c180d0d1832211c213232323232323232323232323232323232323232323232323232323232323232323232323232323232323232323232323232ffc000140800c800c804012200021101031101042200ffc4001f0000010501010101010100000000000000000102030405060708090a0bffc400b5100002010303020403050504040000017d01020300041105122131410613516107227114328191a1082342b1c11552d1f02433627282090a161718191a25262728292a3435363738393a434445464748494a535455565758595a636465666768696a737475767778797a838485868788898a92939495969798999aa2a3a4a5a6a7a8a9aab2b3b4b5b6b7b8b9bac2c3c4c5c6c7c8c9cad2d3d4d5d6d7d8d9dae1e2e3e4e5e6e7e8e9eaf1f2f3f4f5f6f7f8f9faffc4001f0100030101010101010101010000000000000102030405060708090a0bffc400b51100020102040403040705040400010277000102031104052131061241510761711322328108144291a1b1c109233352f0156272d10a162434e125f11718191a262728292a35363738393a434445464748494a535455565758595a636465666768696a737475767778797a82838485868788898a92939495969798999aa2a3a4a5a6a7a8a9aab2b3b4b5b6b7b8b9bac2c3c4c5c6c7c8c9cad2d3d4d5d6d7d8d9dae2e3e4e5e6e7e8e9eaf2f3f4f5f6f7f8f9faffda000e040100021103110400003f00f9fe8a28a00f9fe8a28a28a28a0028a28a28a28a0028a28a28a28a0028a28a28a28a0028a28a28a28a0028a28a28a28a0028a28a28a28a0028a28a28a28a0028a28a28a28a0028a28a28a28a0028a28a28a28a0028a28a28a28a0028a28a28a28a0028a28a28a28a0028a28a28a28a0028a28a28a28a0028a28a28a28a0028a28a28a28a0028a28a28a28a0028a28a28a28a0028a28a28a28a0028a28a28a28a0028a28a28a28a0028a28a28a28a0028a28a28a28a0028a28a28a28a0028a28a28a28a0028a28a28a28a0028a28a28a28a0028a28a28a28a0028a28a28a28a0028a28a28a28a0028a28a28a28a0028a28a28a28a0028a28a28a28a0028a28a28a28a0028a28a28a28a0028a28a28a28a0028a28a28a28a0028a28a28a28a0028a28a28a28a0028a28a28a28a0028a28a28a28a0028a28a28a28a0028a28a28a28a0028a28a28a28a0028a28a28a28a0028a28a28a28a0028a28a28a28a0028a28a28a28a0028a28a28a28a0028a28a28a28a0028a28a28a28a0028a28a28a28a0028a28a28a28a0028a28a28a28a0028a28a28a28a0028a28a28a28a0028a28a28a28a0028a28a28a28a0028a28a28a28a0028a28a28a28a0028a28a28a28a0028a28a28a28a0028a28a28a28a0028a28a28a28a0028a28a28a28a0028a28a28a28a0028a28a28a28a0028a28a28a28a0028a28a28a28a0028a28a28a28a0028a28a28a28a0028a28a28a28a0028a28a28a28a0028a28a28a28a0028a28a28a28a0028a28a28a28a0028a28a28a28a0028a28a28a28a0028a28a28a28a0028a28a28a28a0028a28a28a28a0028a28a28a28a0028a28a28a28a0028a28a28a28a0028a28a28a28a0028a28a28a28a0028a28a28a28a0028a28a28a28a0028a28a28a28a0028a28a28a28a0028a28a28a28a0028a28a28a28a0028a28a28a28a0028a28a28a28a0028a28a28a28a0028a28a28a28a0028a28a28a28a0028a28a28a28a0028a28a28a28a0028a28a28a28a0028a28a28a28a0028a28a28a28a0028a28a28a28a0028a28a28a28a0028a28a28a28a0028a28a28a28a0028a28a28a28a0028a28a28a28a0028a28a28a28a0028a28a28a28a0028a28a28a28a0028a28a28a28a0028a28a28a28a0028a28a28a28a0028a28a28a28a0028a28a28a28a0028a28a28a28a0028a28a28a28a0028a28a28a28a0028a28a28a28a0028a28a28a28a0028a28a28a28a0028a28a28a28a0028a28a28a28a0028a28a28a28a0028a28a28a28a0028a28a28a28a0028a28a28a28a0028a28a28a28a0028a28a28a28a0028a28a28a28a0028a28a28a28a0028a28a28a28a0028a28a28a28a0028a28a28a28a0028a28a28a28a0028a28a28a28a0028a28a28a28a0028a28a28a28a0028a28a28a28a0028a28a28a28a0028a28a28a28a0028a28a28a28a0028a28a28a28a0028a28a28a28a0028a28a28a28a0028a28a28a28a0028a28a28a28a0028a28a28a28a0028a28a28a28a0028a28a28a28a0028a28a28a28a0028a28a28a28a0028a28a28a28a0028a28a28a28a0028a28a28a28a0028a28a28a28a0028a28a28a28a0028a28a28a28a0028a28a28a28a0028a28a28a28a0028a28a28a28a0028a28a28a28a0028a28a28a28a0028a28a28a28a0028a28a28a28a0028a28affd9', 'name 57', 'www.ya.ru');
                        insert into clicks (bannerid, counting) values (1000057, 43);
                        insert into shows (bannerid, counting) values (1000057, 157);
                        insert into banner (id, content, name, ref) values (1000058, X'01ffd8ffdb004300080606070605080707070909080a0c140d0c0b0b0c1912130f141d1a1f1e1d1a1c1c20242e2720222c231c1c2837292c30313434341f27393d38323c2e333432ffdb0043010909090c0b0c180d0d1832211c213232323232323232323232323232323232323232323232323232323232323232323232323232323232323232323232323232ffc000140800c800c804012200021101031101042200ffc4001f0000010501010101010100000000000000000102030405060708090a0bffc400b5100002010303020403050504040000017d01020300041105122131410613516107227114328191a1082342b1c11552d1f02433627282090a161718191a25262728292a3435363738393a434445464748494a535455565758595a636465666768696a737475767778797a838485868788898a92939495969798999aa2a3a4a5a6a7a8a9aab2b3b4b5b6b7b8b9bac2c3c4c5c6c7c8c9cad2d3d4d5d6d7d8d9dae1e2e3e4e5e6e7e8e9eaf1f2f3f4f5f6f7f8f9faffc4001f0100030101010101010101010000000000000102030405060708090a0bffc400b51100020102040403040705040400010277000102031104052131061241510761711322328108144291a1b1c109233352f0156272d10a162434e125f11718191a262728292a35363738393a434445464748494a535455565758595a636465666768696a737475767778797a82838485868788898a92939495969798999aa2a3a4a5a6a7a8a9aab2b3b4b5b6b7b8b9bac2c3c4c5c6c7c8c9cad2d3d4d5d6d7d8d9dae2e3e4e5e6e7e8e9eaf2f3f4f5f6f7f8f9faffda000e040100021103110400003f00f9fe8a28a00f9fe8a28a28a28a0028a28a28a28a0028a28a28a28a0028a28a28a28a0028a28a28a28a0028a28a28a28a0028a28a28a28a0028a28a28a28a0028a28a28a28a0028a28a28a28a0028a28a28a28a0028a28a28a28a0028a28a28a28a0028a28a28a28a0028a28a28a28a0028a28a28a28a0028a28a28a28a0028a28a28a28a0028a28a28a28a0028a28a28a28a0028a28a28a28a0028a28a28a28a0028a28a28a28a0028a28a28a28a0028a28a28a28a0028a28a28a28a0028a28a28a28a0028a28a28a28a0028a28a28a28a0028a28a28a28a0028a28a28a28a0028a28a28a28a0028a28a28a28a0028a28a28a28a0028a28a28a28a0028a28a28a28a0028a28a28a28a0028a28a28a28a0028a28a28a28a0028a28a28a28a0028a28a28a28a0028a28a28a28a0028a28a28a28a0028a28a28a28a0028a28a28a28a0028a28a28a28a0028a28a28a28a0028a28a28a28a0028a28a28a28a0028a28a28a28a0028a28a28a28a0028a28a28a28a0028a28a28a28a0028a28a28a28a0028a28a28a28a0028a28a28a28a0028a28a28a28a0028a28a28a28a0028a28a28a28a0028a28a28a28a0028a28a28a28a0028a28a28a28a0028a28a28a28a0028a28a28a28a0028a28a28a28a0028a28a28a28a0028a28a28a28a0028a28a28a28a0028a28a28a28a0028a28a28a28a0028a28a28a28a0028a28a28a28a0028a28a28a28a0028a28a28a28a0028a28a28a28a0028a28a28a28a0028a28a28a28a0028a28a28a28a0028a28a28a28a0028a28a28a28a0028a28a28a28a0028a28a28a28a0028a28a28a28a0028a28a28a28a0028a28a28a28a0028a28a28a28a0028a28a28a28a0028a28a28a28a0028a28a28a28a0028a28a28a28a0028a28a28a28a0028a28a28a28a0028a28a28a28a0028a28a28a28a0028a28a28a28a0028a28a28a28a0028a28a28a28a0028a28a28a28a0028a28a28a28a0028a28a28a28a0028a28a28a28a0028a28a28a28a0028a28a28a28a0028a28a28a28a0028a28a28a28a0028a28a28a28a0028a28a28a28a0028a28a28a28a0028a28a28a28a0028a28a28a28a0028a28a28a28a0028a28a28a28a0028a28a28a28a0028a28a28a28a0028a28a28a28a0028a28a28a28a0028a28a28a28a0028a28a28a28a0028a28a28a28a0028a28a28a28a0028a28a28a28a0028a28a28a28a0028a28a28a28a0028a28a28a28a0028a28a28a28a0028a28a28a28a0028a28a28a28a0028a28a28a28a0028a28a28a28a0028a28a28a28a0028a28a28a28a0028a28a28a28a0028a28a28a28a0028a28a28a28a0028a28a28a28a0028a28a28a28a0028a28a28a28a0028a28a28a28a0028a28a28a28a0028a28a28a28a0028a28a28a28a0028a28a28a28a0028a28a28a28a0028a28a28a28a0028a28a28a28a0028a28a28a28a0028a28a28a28a0028a28a28a28a0028a28a28a28a0028a28a28a28a0028a28a28a28a0028a28a28a28a0028a28a28a28a0028a28a28a28a0028a28a28a28a0028a28a28a28a0028a28a28a28a0028a28a28a28a0028a28a28a28a0028a28a28a28a0028a28a28a28a0028a28a28a28a0028a28a28a28a0028a28a28a28a0028a28a28a28a0028a28a28a28a0028a28a28a28a0028a28a28a28a0028a28affd9', 'name 58', 'www.ya.ru');
                        insert into clicks (bannerid, counting) values (1000058, 42);
                        insert into shows (bannerid, counting) values (1000058, 158);
                        insert into banner (id, content, name, ref) values (1000059, X'01ffd8ffdb004300080606070605080707070909080a0c140d0c0b0b0c1912130f141d1a1f1e1d1a1c1c20242e2720222c231c1c2837292c30313434341f27393d38323c2e333432ffdb0043010909090c0b0c180d0d1832211c213232323232323232323232323232323232323232323232323232323232323232323232323232323232323232323232323232ffc000140800c800c804012200021101031101042200ffc4001f0000010501010101010100000000000000000102030405060708090a0bffc400b5100002010303020403050504040000017d01020300041105122131410613516107227114328191a1082342b1c11552d1f02433627282090a161718191a25262728292a3435363738393a434445464748494a535455565758595a636465666768696a737475767778797a838485868788898a92939495969798999aa2a3a4a5a6a7a8a9aab2b3b4b5b6b7b8b9bac2c3c4c5c6c7c8c9cad2d3d4d5d6d7d8d9dae1e2e3e4e5e6e7e8e9eaf1f2f3f4f5f6f7f8f9faffc4001f0100030101010101010101010000000000000102030405060708090a0bffc400b51100020102040403040705040400010277000102031104052131061241510761711322328108144291a1b1c109233352f0156272d10a162434e125f11718191a262728292a35363738393a434445464748494a535455565758595a636465666768696a737475767778797a82838485868788898a92939495969798999aa2a3a4a5a6a7a8a9aab2b3b4b5b6b7b8b9bac2c3c4c5c6c7c8c9cad2d3d4d5d6d7d8d9dae2e3e4e5e6e7e8e9eaf2f3f4f5f6f7f8f9faffda000e040100021103110400003f00f9fe8a28a00f9fe8a28a28a28a0028a28a28a28a0028a28a28a28a0028a28a28a28a0028a28a28a28a0028a28a28a28a0028a28a28a28a0028a28a28a28a0028a28a28a28a0028a28a28a28a0028a28a28a28a0028a28a28a28a0028a28a28a28a0028a28a28a28a0028a28a28a28a0028a28a28a28a0028a28a28a28a0028a28a28a28a0028a28a28a28a0028a28a28a28a0028a28a28a28a0028a28a28a28a0028a28a28a28a0028a28a28a28a0028a28a28a28a0028a28a28a28a0028a28a28a28a0028a28a28a28a0028a28a28a28a0028a28a28a28a0028a28a28a28a0028a28a28a28a0028a28a28a28a0028a28a28a28a0028a28a28a28a0028a28a28a28a0028a28a28a28a0028a28a28a28a0028a28a28a28a0028a28a28a28a0028a28a28a28a0028a28a28a28a0028a28a28a28a0028a28a28a28a0028a28a28a28a0028a28a28a28a0028a28a28a28a0028a28a28a28a0028a28a28a28a0028a28a28a28a0028a28a28a28a0028a28a28a28a0028a28a28a28a0028a28a28a28a0028a28a28a28a0028a28a28a28a0028a28a28a28a0028a28a28a28a0028a28a28a28a0028a28a28a28a0028a28a28a28a0028a28a28a28a0028a28a28a28a0028a28a28a28a0028a28a28a28a0028a28a28a28a0028a28a28a28a0028a28a28a28a0028a28a28a28a0028a28a28a28a0028a28a28a28a0028a28a28a28a0028a28a28a28a0028a28a28a28a0028a28a28a28a0028a28a28a28a0028a28a28a28a0028a28a28a28a0028a28a28a28a0028a28a28a28a0028a28a28a28a0028a28a28a28a0028a28a28a28a0028a28a28a28a0028a28a28a28a0028a28a28a28a0028a28a28a28a0028a28a28a28a0028a28a28a28a0028a28a28a28a0028a28a28a28a0028a28a28a28a0028a28a28a28a0028a28a28a28a0028a28a28a28a0028a28a28a28a0028a28a28a28a0028a28a28a28a0028a28a28a28a0028a28a28a28a0028a28a28a28a0028a28a28a28a0028a28a28a28a0028a28a28a28a0028a28a28a28a0028a28a28a28a0028a28a28a28a0028a28a28a28a0028a28a28a28a0028a28a28a28a0028a28a28a28a0028a28a28a28a0028a28a28a28a0028a28a28a28a0028a28a28a28a0028a28a28a28a0028a28a28a28a0028a28a28a28a0028a28a28a28a0028a28a28a28a0028a28a28a28a0028a28a28a28a0028a28a28a28a0028a28a28a28a0028a28a28a28a0028a28a28a28a0028a28a28a28a0028a28a28a28a0028a28a28a28a0028a28a28a28a0028a28a28a28a0028a28a28a28a0028a28a28a28a0028a28a28a28a0028a28a28a28a0028a28a28a28a0028a28a28a28a0028a28a28a28a0028a28a28a28a0028a28a28a28a0028a28a28a28a0028a28a28a28a0028a28a28a28a0028a28a28a28a0028a28a28a28a0028a28a28a28a0028a28a28a28a0028a28a28a28a0028a28a28a28a0028a28a28a28a0028a28a28a28a0028a28a28a28a0028a28a28a28a0028a28a28a28a0028a28a28a28a0028a28a28a28a0028a28a28a28a0028a28a28a28a0028a28a28a28a0028a28a28a28a0028a28a28a28a0028a28a28a28a0028a28a28a28a0028a28a28a28a0028a28a28a28a0028a28a28a28a0028a28a28a28a0028a28a28a28a0028a28affd9', 'name 59', 'www.ya.ru');
                        insert into clicks (bannerid, counting) values (1000059, 41);
                        insert into shows (bannerid, counting) values (1000059, 159);
                        insert into banner (id, content, name, ref) values (1000060, X'01ffd8ffdb004300080606070605080707070909080a0c140d0c0b0b0c1912130f141d1a1f1e1d1a1c1c20242e2720222c231c1c2837292c30313434341f27393d38323c2e333432ffdb0043010909090c0b0c180d0d1832211c213232323232323232323232323232323232323232323232323232323232323232323232323232323232323232323232323232ffc000140800c800c804012200021101031101042200ffc4001f0000010501010101010100000000000000000102030405060708090a0bffc400b5100002010303020403050504040000017d01020300041105122131410613516107227114328191a1082342b1c11552d1f02433627282090a161718191a25262728292a3435363738393a434445464748494a535455565758595a636465666768696a737475767778797a838485868788898a92939495969798999aa2a3a4a5a6a7a8a9aab2b3b4b5b6b7b8b9bac2c3c4c5c6c7c8c9cad2d3d4d5d6d7d8d9dae1e2e3e4e5e6e7e8e9eaf1f2f3f4f5f6f7f8f9faffc4001f0100030101010101010101010000000000000102030405060708090a0bffc400b51100020102040403040705040400010277000102031104052131061241510761711322328108144291a1b1c109233352f0156272d10a162434e125f11718191a262728292a35363738393a434445464748494a535455565758595a636465666768696a737475767778797a82838485868788898a92939495969798999aa2a3a4a5a6a7a8a9aab2b3b4b5b6b7b8b9bac2c3c4c5c6c7c8c9cad2d3d4d5d6d7d8d9dae2e3e4e5e6e7e8e9eaf2f3f4f5f6f7f8f9faffda000e040100021103110400003f00f9fe8a28a00f9fe8a28a28a28a0028a28a28a28a0028a28a28a28a0028a28a28a28a0028a28a28a28a0028a28a28a28a0028a28a28a28a0028a28a28a28a0028a28a28a28a0028a28a28a28a0028a28a28a28a0028a28a28a28a0028a28a28a28a0028a28a28a28a0028a28a28a28a0028a28a28a28a0028a28a28a28a0028a28a28a28a0028a28a28a28a0028a28a28a28a0028a28a28a28a0028a28a28a28a0028a28a28a28a0028a28a28a28a0028a28a28a28a0028a28a28a28a0028a28a28a28a0028a28a28a28a0028a28a28a28a0028a28a28a28a0028a28a28a28a0028a28a28a28a0028a28a28a28a0028a28a28a28a0028a28a28a28a0028a28a28a28a0028a28a28a28a0028a28a28a28a0028a28a28a28a0028a28a28a28a0028a28a28a28a0028a28a28a28a0028a28a28a28a0028a28a28a28a0028a28a28a28a0028a28a28a28a0028a28a28a28a0028a28a28a28a0028a28a28a28a0028a28a28a28a0028a28a28a28a0028a28a28a28a0028a28a28a28a0028a28a28a28a0028a28a28a28a0028a28a28a28a0028a28a28a28a0028a28a28a28a0028a28a28a28a0028a28a28a28a0028a28a28a28a0028a28a28a28a0028a28a28a28a0028a28a28a28a0028a28a28a28a0028a28a28a28a0028a28a28a28a0028a28a28a28a0028a28a28a28a0028a28a28a28a0028a28a28a28a0028a28a28a28a0028a28a28a28a0028a28a28a28a0028a28a28a28a0028a28a28a28a0028a28a28a28a0028a28a28a28a0028a28a28a28a0028a28a28a28a0028a28a28a28a0028a28a28a28a0028a28a28a28a0028a28a28a28a0028a28a28a28a0028a28a28a28a0028a28a28a28a0028a28a28a28a0028a28a28a28a0028a28a28a28a0028a28a28a28a0028a28a28a28a0028a28a28a28a0028a28a28a28a0028a28a28a28a0028a28a28a28a0028a28a28a28a0028a28a28a28a0028a28a28a28a0028a28a28a28a0028a28a28a28a0028a28a28a28a0028a28a28a28a0028a28a28a28a0028a28a28a28a0028a28a28a28a0028a28a28a28a0028a28a28a28a0028a28a28a28a0028a28a28a28a0028a28a28a28a0028a28a28a28a0028a28a28a28a0028a28a28a28a0028a28a28a28a0028a28a28a28a0028a28a28a28a0028a28a28a28a0028a28a28a28a0028a28a28a28a0028a28a28a28a0028a28a28a28a0028a28a28a28a0028a28a28a28a0028a28a28a28a0028a28a28a28a0028a28a28a28a0028a28a28a28a0028a28a28a28a0028a28a28a28a0028a28a28a28a0028a28a28a28a0028a28a28a28a0028a28a28a28a0028a28a28a28a0028a28a28a28a0028a28a28a28a0028a28a28a28a0028a28a28a28a0028a28a28a28a0028a28a28a28a0028a28a28a28a0028a28a28a28a0028a28a28a28a0028a28a28a28a0028a28a28a28a0028a28a28a28a0028a28a28a28a0028a28a28a28a0028a28a28a28a0028a28a28a28a0028a28a28a28a0028a28a28a28a0028a28a28a28a0028a28a28a28a0028a28a28a28a0028a28a28a28a0028a28a28a28a0028a28a28a28a0028a28a28a28a0028a28a28a28a0028a28a28a28a0028a28a28a28a0028a28a28a28a0028a28a28a28a0028a28a28a28a0028a28a28a28a0028a28a28a28a0028a28affd9', 'name 60', 'www.ya.ru');
                        insert into clicks (bannerid, counting) values (1000060, 40);
                        insert into shows (bannerid, counting) values (1000060, 160);
                        insert into banner (id, content, name, ref) values (1000061, X'01ffd8ffdb004300080606070605080707070909080a0c140d0c0b0b0c1912130f141d1a1f1e1d1a1c1c20242e2720222c231c1c2837292c30313434341f27393d38323c2e333432ffdb0043010909090c0b0c180d0d1832211c213232323232323232323232323232323232323232323232323232323232323232323232323232323232323232323232323232ffc000140800c800c804012200021101031101042200ffc4001f0000010501010101010100000000000000000102030405060708090a0bffc400b5100002010303020403050504040000017d01020300041105122131410613516107227114328191a1082342b1c11552d1f02433627282090a161718191a25262728292a3435363738393a434445464748494a535455565758595a636465666768696a737475767778797a838485868788898a92939495969798999aa2a3a4a5a6a7a8a9aab2b3b4b5b6b7b8b9bac2c3c4c5c6c7c8c9cad2d3d4d5d6d7d8d9dae1e2e3e4e5e6e7e8e9eaf1f2f3f4f5f6f7f8f9faffc4001f0100030101010101010101010000000000000102030405060708090a0bffc400b51100020102040403040705040400010277000102031104052131061241510761711322328108144291a1b1c109233352f0156272d10a162434e125f11718191a262728292a35363738393a434445464748494a535455565758595a636465666768696a737475767778797a82838485868788898a92939495969798999aa2a3a4a5a6a7a8a9aab2b3b4b5b6b7b8b9bac2c3c4c5c6c7c8c9cad2d3d4d5d6d7d8d9dae2e3e4e5e6e7e8e9eaf2f3f4f5f6f7f8f9faffda000e040100021103110400003f00f9fe8a28a00f9fe8a28a28a28a0028a28a28a28a0028a28a28a28a0028a28a28a28a0028a28a28a28a0028a28a28a28a0028a28a28a28a0028a28a28a28a0028a28a28a28a0028a28a28a28a0028a28a28a28a0028a28a28a28a0028a28a28a28a0028a28a28a28a0028a28a28a28a0028a28a28a28a0028a28a28a28a0028a28a28a28a0028a28a28a28a0028a28a28a28a0028a28a28a28a0028a28a28a28a0028a28a28a28a0028a28a28a28a0028a28a28a28a0028a28a28a28a0028a28a28a28a0028a28a28a28a0028a28a28a28a0028a28a28a28a0028a28a28a28a0028a28a28a28a0028a28a28a28a0028a28a28a28a0028a28a28a28a0028a28a28a28a0028a28a28a28a0028a28a28a28a0028a28a28a28a0028a28a28a28a0028a28a28a28a0028a28a28a28a0028a28a28a28a0028a28a28a28a0028a28a28a28a0028a28a28a28a0028a28a28a28a0028a28a28a28a0028a28a28a28a0028a28a28a28a0028a28a28a28a0028a28a28a28a0028a28a28a28a0028a28a28a28a0028a28a28a28a0028a28a28a28a0028a28a28a28a0028a28a28a28a0028a28a28a28a0028a28a28a28a0028a28a28a28a0028a28a28a28a0028a28a28a28a0028a28a28a28a0028a28a28a28a0028a28a28a28a0028a28a28a28a0028a28a28a28a0028a28a28a28a0028a28a28a28a0028a28a28a28a0028a28a28a28a0028a28a28a28a0028a28a28a28a0028a28a28a28a0028a28a28a28a0028a28a28a28a0028a28a28a28a0028a28a28a28a0028a28a28a28a0028a28a28a28a0028a28a28a28a0028a28a28a28a0028a28a28a28a0028a28a28a28a0028a28a28a28a0028a28a28a28a0028a28a28a28a0028a28a28a28a0028a28a28a28a0028a28a28a28a0028a28a28a28a0028a28a28a28a0028a28a28a28a0028a28a28a28a0028a28a28a28a0028a28a28a28a0028a28a28a28a0028a28a28a28a0028a28a28a28a0028a28a28a28a0028a28a28a28a0028a28a28a28a0028a28a28a28a0028a28a28a28a0028a28a28a28a0028a28a28a28a0028a28a28a28a0028a28a28a28a0028a28a28a28a0028a28a28a28a0028a28a28a28a0028a28a28a28a0028a28a28a28a0028a28a28a28a0028a28a28a28a0028a28a28a28a0028a28a28a28a0028a28a28a28a0028a28a28a28a0028a28a28a28a0028a28a28a28a0028a28a28a28a0028a28a28a28a0028a28a28a28a0028a28a28a28a0028a28a28a28a0028a28a28a28a0028a28a28a28a0028a28a28a28a0028a28a28a28a0028a28a28a28a0028a28a28a28a0028a28a28a28a0028a28a28a28a0028a28a28a28a0028a28a28a28a0028a28a28a28a0028a28a28a28a0028a28a28a28a0028a28a28a28a0028a28a28a28a0028a28a28a28a0028a28a28a28a0028a28a28a28a0028a28a28a28a0028a28a28a28a0028a28a28a28a0028a28a28a28a0028a28a28a28a0028a28a28a28a0028a28a28a28a0028a28a28a28a0028a28a28a28a0028a28a28a28a0028a28a28a28a0028a28a28a28a0028a28a28a28a0028a28a28a28a0028a28a28a28a0028a28a28a28a0028a28a28a28a0028a28a28a28a0028a28a28a28a0028a28a28a28a0028a28a28a28a0028a28a28a28a0028a28a28a28a0028a28affd9', 'name 61', 'www.ya.ru');
                        insert into clicks (bannerid, counting) values (1000061, 39);
                        insert into shows (bannerid, counting) values (1000061, 161);
                        insert into banner (id, content, name, ref) values (1000062, X'01ffd8ffdb004300080606070605080707070909080a0c140d0c0b0b0c1912130f141d1a1f1e1d1a1c1c20242e2720222c231c1c2837292c30313434341f27393d38323c2e333432ffdb0043010909090c0b0c180d0d1832211c213232323232323232323232323232323232323232323232323232323232323232323232323232323232323232323232323232ffc000140800c800c804012200021101031101042200ffc4001f0000010501010101010100000000000000000102030405060708090a0bffc400b5100002010303020403050504040000017d01020300041105122131410613516107227114328191a1082342b1c11552d1f02433627282090a161718191a25262728292a3435363738393a434445464748494a535455565758595a636465666768696a737475767778797a838485868788898a92939495969798999aa2a3a4a5a6a7a8a9aab2b3b4b5b6b7b8b9bac2c3c4c5c6c7c8c9cad2d3d4d5d6d7d8d9dae1e2e3e4e5e6e7e8e9eaf1f2f3f4f5f6f7f8f9faffc4001f0100030101010101010101010000000000000102030405060708090a0bffc400b51100020102040403040705040400010277000102031104052131061241510761711322328108144291a1b1c109233352f0156272d10a162434e125f11718191a262728292a35363738393a434445464748494a535455565758595a636465666768696a737475767778797a82838485868788898a92939495969798999aa2a3a4a5a6a7a8a9aab2b3b4b5b6b7b8b9bac2c3c4c5c6c7c8c9cad2d3d4d5d6d7d8d9dae2e3e4e5e6e7e8e9eaf2f3f4f5f6f7f8f9faffda000e040100021103110400003f00f9fe8a28a00f9fe8a28a28a28a0028a28a28a28a0028a28a28a28a0028a28a28a28a0028a28a28a28a0028a28a28a28a0028a28a28a28a0028a28a28a28a0028a28a28a28a0028a28a28a28a0028a28a28a28a0028a28a28a28a0028a28a28a28a0028a28a28a28a0028a28a28a28a0028a28a28a28a0028a28a28a28a0028a28a28a28a0028a28a28a28a0028a28a28a28a0028a28a28a28a0028a28a28a28a0028a28a28a28a0028a28a28a28a0028a28a28a28a0028a28a28a28a0028a28a28a28a0028a28a28a28a0028a28a28a28a0028a28a28a28a0028a28a28a28a0028a28a28a28a0028a28a28a28a0028a28a28a28a0028a28a28a28a0028a28a28a28a0028a28a28a28a0028a28a28a28a0028a28a28a28a0028a28a28a28a0028a28a28a28a0028a28a28a28a0028a28a28a28a0028a28a28a28a0028a28a28a28a0028a28a28a28a0028a28a28a28a0028a28a28a28a0028a28a28a28a0028a28a28a28a0028a28a28a28a0028a28a28a28a0028a28a28a28a0028a28a28a28a0028a28a28a28a0028a28a28a28a0028a28a28a28a0028a28a28a28a0028a28a28a28a0028a28a28a28a0028a28a28a28a0028a28a28a28a0028a28a28a28a0028a28a28a28a0028a28a28a28a0028a28a28a28a0028a28a28a28a0028a28a28a28a0028a28a28a28a0028a28a28a28a0028a28a28a28a0028a28a28a28a0028a28a28a28a0028a28a28a28a0028a28a28a28a0028a28a28a28a0028a28a28a28a0028a28a28a28a0028a28a28a28a0028a28a28a28a0028a28a28a28a0028a28a28a28a0028a28a28a28a0028a28a28a28a0028a28a28a28a0028a28a28a28a0028a28a28a28a0028a28a28a28a0028a28a28a28a0028a28a28a28a0028a28a28a28a0028a28a28a28a0028a28a28a28a0028a28a28a28a0028a28a28a28a0028a28a28a28a0028a28a28a28a0028a28a28a28a0028a28a28a28a0028a28a28a28a0028a28a28a28a0028a28a28a28a0028a28a28a28a0028a28a28a28a0028a28a28a28a0028a28a28a28a0028a28a28a28a0028a28a28a28a0028a28a28a28a0028a28a28a28a0028a28a28a28a0028a28a28a28a0028a28a28a28a0028a28a28a28a0028a28a28a28a0028a28a28a28a0028a28a28a28a0028a28a28a28a0028a28a28a28a0028a28a28a28a0028a28a28a28a0028a28a28a28a0028a28a28a28a0028a28a28a28a0028a28a28a28a0028a28a28a28a0028a28a28a28a0028a28a28a28a0028a28a28a28a0028a28a28a28a0028a28a28a28a0028a28a28a28a0028a28a28a28a0028a28a28a28a0028a28a28a28a0028a28a28a28a0028a28a28a28a0028a28a28a28a0028a28a28a28a0028a28a28a28a0028a28a28a28a0028a28a28a28a0028a28a28a28a0028a28a28a28a0028a28a28a28a0028a28a28a28a0028a28a28a28a0028a28a28a28a0028a28a28a28a0028a28a28a28a0028a28a28a28a0028a28a28a28a0028a28a28a28a0028a28a28a28a0028a28a28a28a0028a28a28a28a0028a28a28a28a0028a28a28a28a0028a28a28a28a0028a28a28a28a0028a28a28a28a0028a28a28a28a0028a28a28a28a0028a28a28a28a0028a28a28a28a0028a28a28a28a0028a28a28a28a0028a28a28a28a0028a28affd9', 'name 62', 'www.ya.ru');
                        insert into clicks (bannerid, counting) values (1000062, 38);
                        insert into shows (bannerid, counting) values (1000062, 162);
                        insert into banner (id, content, name, ref) values (1000063, X'01ffd8ffdb004300080606070605080707070909080a0c140d0c0b0b0c1912130f141d1a1f1e1d1a1c1c20242e2720222c231c1c2837292c30313434341f27393d38323c2e333432ffdb0043010909090c0b0c180d0d1832211c213232323232323232323232323232323232323232323232323232323232323232323232323232323232323232323232323232ffc000140800c800c804012200021101031101042200ffc4001f0000010501010101010100000000000000000102030405060708090a0bffc400b5100002010303020403050504040000017d01020300041105122131410613516107227114328191a1082342b1c11552d1f02433627282090a161718191a25262728292a3435363738393a434445464748494a535455565758595a636465666768696a737475767778797a838485868788898a92939495969798999aa2a3a4a5a6a7a8a9aab2b3b4b5b6b7b8b9bac2c3c4c5c6c7c8c9cad2d3d4d5d6d7d8d9dae1e2e3e4e5e6e7e8e9eaf1f2f3f4f5f6f7f8f9faffc4001f0100030101010101010101010000000000000102030405060708090a0bffc400b51100020102040403040705040400010277000102031104052131061241510761711322328108144291a1b1c109233352f0156272d10a162434e125f11718191a262728292a35363738393a434445464748494a535455565758595a636465666768696a737475767778797a82838485868788898a92939495969798999aa2a3a4a5a6a7a8a9aab2b3b4b5b6b7b8b9bac2c3c4c5c6c7c8c9cad2d3d4d5d6d7d8d9dae2e3e4e5e6e7e8e9eaf2f3f4f5f6f7f8f9faffda000e040100021103110400003f00f9fe8a28a00f9fe8a28a28a28a0028a28a28a28a0028a28a28a28a0028a28a28a28a0028a28a28a28a0028a28a28a28a0028a28a28a28a0028a28a28a28a0028a28a28a28a0028a28a28a28a0028a28a28a28a0028a28a28a28a0028a28a28a28a0028a28a28a28a0028a28a28a28a0028a28a28a28a0028a28a28a28a0028a28a28a28a0028a28a28a28a0028a28a28a28a0028a28a28a28a0028a28a28a28a0028a28a28a28a0028a28a28a28a0028a28a28a28a0028a28a28a28a0028a28a28a28a0028a28a28a28a0028a28a28a28a0028a28a28a28a0028a28a28a28a0028a28a28a28a0028a28a28a28a0028a28a28a28a0028a28a28a28a0028a28a28a28a0028a28a28a28a0028a28a28a28a0028a28a28a28a0028a28a28a28a0028a28a28a28a0028a28a28a28a0028a28a28a28a0028a28a28a28a0028a28a28a28a0028a28a28a28a0028a28a28a28a0028a28a28a28a0028a28a28a28a0028a28a28a28a0028a28a28a28a0028a28a28a28a0028a28a28a28a0028a28a28a28a0028a28a28a28a0028a28a28a28a0028a28a28a28a0028a28a28a28a0028a28a28a28a0028a28a28a28a0028a28a28a28a0028a28a28a28a0028a28a28a28a0028a28a28a28a0028a28a28a28a0028a28a28a28a0028a28a28a28a0028a28a28a28a0028a28a28a28a0028a28a28a28a0028a28a28a28a0028a28a28a28a0028a28a28a28a0028a28a28a28a0028a28a28a28a0028a28a28a28a0028a28a28a28a0028a28a28a28a0028a28a28a28a0028a28a28a28a0028a28a28a28a0028a28a28a28a0028a28a28a28a0028a28a28a28a0028a28a28a28a0028a28a28a28a0028a28a28a28a0028a28a28a28a0028a28a28a28a0028a28a28a28a0028a28a28a28a0028a28a28a28a0028a28a28a28a0028a28a28a28a0028a28a28a28a0028a28a28a28a0028a28a28a28a0028a28a28a28a0028a28a28a28a0028a28a28a28a0028a28a28a28a0028a28a28a28a0028a28a28a28a0028a28a28a28a0028a28a28a28a0028a28a28a28a0028a28a28a28a0028a28a28a28a0028a28a28a28a0028a28a28a28a0028a28a28a28a0028a28a28a28a0028a28a28a28a0028a28a28a28a0028a28a28a28a0028a28a28a28a0028a28a28a28a0028a28a28a28a0028a28a28a28a0028a28a28a28a0028a28a28a28a0028a28a28a28a0028a28a28a28a0028a28a28a28a0028a28a28a28a0028a28a28a28a0028a28a28a28a0028a28a28a28a0028a28a28a28a0028a28a28a28a0028a28a28a28a0028a28a28a28a0028a28a28a28a0028a28a28a28a0028a28a28a28a0028a28a28a28a0028a28a28a28a0028a28a28a28a0028a28a28a28a0028a28a28a28a0028a28a28a28a0028a28a28a28a0028a28a28a28a0028a28a28a28a0028a28a28a28a0028a28a28a28a0028a28a28a28a0028a28a28a28a0028a28a28a28a0028a28a28a28a0028a28a28a28a0028a28a28a28a0028a28a28a28a0028a28a28a28a0028a28a28a28a0028a28a28a28a0028a28a28a28a0028a28a28a28a0028a28a28a28a0028a28a28a28a0028a28a28a28a0028a28a28a28a0028a28a28a28a0028a28a28a28a0028a28a28a28a0028a28a28a28a0028a28a28a28a0028a28a28a28a0028a28affd9', 'name 63', 'www.ya.ru');
                        insert into clicks (bannerid, counting) values (1000063, 37);
                        insert into shows (bannerid, counting) values (1000063, 163);
                        insert into banner (id, content, name, ref) values (1000064, X'01ffd8ffdb004300080606070605080707070909080a0c140d0c0b0b0c1912130f141d1a1f1e1d1a1c1c20242e2720222c231c1c2837292c30313434341f27393d38323c2e333432ffdb0043010909090c0b0c180d0d1832211c213232323232323232323232323232323232323232323232323232323232323232323232323232323232323232323232323232ffc000140800c800c804012200021101031101042200ffc4001f0000010501010101010100000000000000000102030405060708090a0bffc400b5100002010303020403050504040000017d01020300041105122131410613516107227114328191a1082342b1c11552d1f02433627282090a161718191a25262728292a3435363738393a434445464748494a535455565758595a636465666768696a737475767778797a838485868788898a92939495969798999aa2a3a4a5a6a7a8a9aab2b3b4b5b6b7b8b9bac2c3c4c5c6c7c8c9cad2d3d4d5d6d7d8d9dae1e2e3e4e5e6e7e8e9eaf1f2f3f4f5f6f7f8f9faffc4001f0100030101010101010101010000000000000102030405060708090a0bffc400b51100020102040403040705040400010277000102031104052131061241510761711322328108144291a1b1c109233352f0156272d10a162434e125f11718191a262728292a35363738393a434445464748494a535455565758595a636465666768696a737475767778797a82838485868788898a92939495969798999aa2a3a4a5a6a7a8a9aab2b3b4b5b6b7b8b9bac2c3c4c5c6c7c8c9cad2d3d4d5d6d7d8d9dae2e3e4e5e6e7e8e9eaf2f3f4f5f6f7f8f9faffda000e040100021103110400003f00f9fe8a28a00f9fe8a28a28a28a0028a28a28a28a0028a28a28a28a0028a28a28a28a0028a28a28a28a0028a28a28a28a0028a28a28a28a0028a28a28a28a0028a28a28a28a0028a28a28a28a0028a28a28a28a0028a28a28a28a0028a28a28a28a0028a28a28a28a0028a28a28a28a0028a28a28a28a0028a28a28a28a0028a28a28a28a0028a28a28a28a0028a28a28a28a0028a28a28a28a0028a28a28a28a0028a28a28a28a0028a28a28a28a0028a28a28a28a0028a28a28a28a0028a28a28a28a0028a28a28a28a0028a28a28a28a0028a28a28a28a0028a28a28a28a0028a28a28a28a0028a28a28a28a0028a28a28a28a0028a28a28a28a0028a28a28a28a0028a28a28a28a0028a28a28a28a0028a28a28a28a0028a28a28a28a0028a28a28a28a0028a28a28a28a0028a28a28a28a0028a28a28a28a0028a28a28a28a0028a28a28a28a0028a28a28a28a0028a28a28a28a0028a28a28a28a0028a28a28a28a0028a28a28a28a0028a28a28a28a0028a28a28a28a0028a28a28a28a0028a28a28a28a0028a28a28a28a0028a28a28a28a0028a28a28a28a0028a28a28a28a0028a28a28a28a0028a28a28a28a0028a28a28a28a0028a28a28a28a0028a28a28a28a0028a28a28a28a0028a28a28a28a0028a28a28a28a0028a28a28a28a0028a28a28a28a0028a28a28a28a0028a28a28a28a0028a28a28a28a0028a28a28a28a0028a28a28a28a0028a28a28a28a0028a28a28a28a0028a28a28a28a0028a28a28a28a0028a28a28a28a0028a28a28a28a0028a28a28a28a0028a28a28a28a0028a28a28a28a0028a28a28a28a0028a28a28a28a0028a28a28a28a0028a28a28a28a0028a28a28a28a0028a28a28a28a0028a28a28a28a0028a28a28a28a0028a28a28a28a0028a28a28a28a0028a28a28a28a0028a28a28a28a0028a28a28a28a0028a28a28a28a0028a28a28a28a0028a28a28a28a0028a28a28a28a0028a28a28a28a0028a28a28a28a0028a28a28a28a0028a28a28a28a0028a28a28a28a0028a28a28a28a0028a28a28a28a0028a28a28a28a0028a28a28a28a0028a28a28a28a0028a28a28a28a0028a28a28a28a0028a28a28a28a0028a28a28a28a0028a28a28a28a0028a28a28a28a0028a28a28a28a0028a28a28a28a0028a28a28a28a0028a28a28a28a0028a28a28a28a0028a28a28a28a0028a28a28a28a0028a28a28a28a0028a28a28a28a0028a28a28a28a0028a28a28a28a0028a28a28a28a0028a28a28a28a0028a28a28a28a0028a28a28a28a0028a28a28a28a0028a28a28a28a0028a28a28a28a0028a28a28a28a0028a28a28a28a0028a28a28a28a0028a28a28a28a0028a28a28a28a0028a28a28a28a0028a28a28a28a0028a28a28a28a0028a28a28a28a0028a28a28a28a0028a28a28a28a0028a28a28a28a0028a28a28a28a0028a28a28a28a0028a28a28a28a0028a28a28a28a0028a28a28a28a0028a28a28a28a0028a28a28a28a0028a28a28a28a0028a28a28a28a0028a28a28a28a0028a28a28a28a0028a28a28a28a0028a28a28a28a0028a28a28a28a0028a28a28a28a0028a28a28a28a0028a28a28a28a0028a28a28a28a0028a28a28a28a0028a28a28a28a0028a28a28a28a0028a28a28a28a0028a28affd9', 'name 64', 'www.ya.ru');
                        insert into clicks (bannerid, counting) values (1000064, 36);
                        insert into shows (bannerid, counting) values (1000064, 164);
                        insert into banner (id, content, name, ref) values (1000065, X'01ffd8ffdb004300080606070605080707070909080a0c140d0c0b0b0c1912130f141d1a1f1e1d1a1c1c20242e2720222c231c1c2837292c30313434341f27393d38323c2e333432ffdb0043010909090c0b0c180d0d1832211c213232323232323232323232323232323232323232323232323232323232323232323232323232323232323232323232323232ffc000140800c800c804012200021101031101042200ffc4001f0000010501010101010100000000000000000102030405060708090a0bffc400b5100002010303020403050504040000017d01020300041105122131410613516107227114328191a1082342b1c11552d1f02433627282090a161718191a25262728292a3435363738393a434445464748494a535455565758595a636465666768696a737475767778797a838485868788898a92939495969798999aa2a3a4a5a6a7a8a9aab2b3b4b5b6b7b8b9bac2c3c4c5c6c7c8c9cad2d3d4d5d6d7d8d9dae1e2e3e4e5e6e7e8e9eaf1f2f3f4f5f6f7f8f9faffc4001f0100030101010101010101010000000000000102030405060708090a0bffc400b51100020102040403040705040400010277000102031104052131061241510761711322328108144291a1b1c109233352f0156272d10a162434e125f11718191a262728292a35363738393a434445464748494a535455565758595a636465666768696a737475767778797a82838485868788898a92939495969798999aa2a3a4a5a6a7a8a9aab2b3b4b5b6b7b8b9bac2c3c4c5c6c7c8c9cad2d3d4d5d6d7d8d9dae2e3e4e5e6e7e8e9eaf2f3f4f5f6f7f8f9faffda000e040100021103110400003f00f9fe8a28a00f9fe8a28a28a28a0028a28a28a28a0028a28a28a28a0028a28a28a28a0028a28a28a28a0028a28a28a28a0028a28a28a28a0028a28a28a28a0028a28a28a28a0028a28a28a28a0028a28a28a28a0028a28a28a28a0028a28a28a28a0028a28a28a28a0028a28a28a28a0028a28a28a28a0028a28a28a28a0028a28a28a28a0028a28a28a28a0028a28a28a28a0028a28a28a28a0028a28a28a28a0028a28a28a28a0028a28a28a28a0028a28a28a28a0028a28a28a28a0028a28a28a28a0028a28a28a28a0028a28a28a28a0028a28a28a28a0028a28a28a28a0028a28a28a28a0028a28a28a28a0028a28a28a28a0028a28a28a28a0028a28a28a28a0028a28a28a28a0028a28a28a28a0028a28a28a28a0028a28a28a28a0028a28a28a28a0028a28a28a28a0028a28a28a28a0028a28a28a28a0028a28a28a28a0028a28a28a28a0028a28a28a28a0028a28a28a28a0028a28a28a28a0028a28a28a28a0028a28a28a28a0028a28a28a28a0028a28a28a28a0028a28a28a28a0028a28a28a28a0028a28a28a28a0028a28a28a28a0028a28a28a28a0028a28a28a28a0028a28a28a28a0028a28a28a28a0028a28a28a28a0028a28a28a28a0028a28a28a28a0028a28a28a28a0028a28a28a28a0028a28a28a28a0028a28a28a28a0028a28a28a28a0028a28a28a28a0028a28a28a28a0028a28a28a28a0028a28a28a28a0028a28a28a28a0028a28a28a28a0028a28a28a28a0028a28a28a28a0028a28a28a28a0028a28a28a28a0028a28a28a28a0028a28a28a28a0028a28a28a28a0028a28a28a28a0028a28a28a28a0028a28a28a28a0028a28a28a28a0028a28a28a28a0028a28a28a28a0028a28a28a28a0028a28a28a28a0028a28a28a28a0028a28a28a28a0028a28a28a28a0028a28a28a28a0028a28a28a28a0028a28a28a28a0028a28a28a28a0028a28a28a28a0028a28a28a28a0028a28a28a28a0028a28a28a28a0028a28a28a28a0028a28a28a28a0028a28a28a28a0028a28a28a28a0028a28a28a28a0028a28a28a28a0028a28a28a28a0028a28a28a28a0028a28a28a28a0028a28a28a28a0028a28a28a28a0028a28a28a28a0028a28a28a28a0028a28a28a28a0028a28a28a28a0028a28a28a28a0028a28a28a28a0028a28a28a28a0028a28a28a28a0028a28a28a28a0028a28a28a28a0028a28a28a28a0028a28a28a28a0028a28a28a28a0028a28a28a28a0028a28a28a28a0028a28a28a28a0028a28a28a28a0028a28a28a28a0028a28a28a28a0028a28a28a28a0028a28a28a28a0028a28a28a28a0028a28a28a28a0028a28a28a28a0028a28a28a28a0028a28a28a28a0028a28a28a28a0028a28a28a28a0028a28a28a28a0028a28a28a28a0028a28a28a28a0028a28a28a28a0028a28a28a28a0028a28a28a28a0028a28a28a28a0028a28a28a28a0028a28a28a28a0028a28a28a28a0028a28a28a28a0028a28a28a28a0028a28a28a28a0028a28a28a28a0028a28a28a28a0028a28a28a28a0028a28a28a28a0028a28a28a28a0028a28a28a28a0028a28a28a28a0028a28a28a28a0028a28a28a28a0028a28a28a28a0028a28a28a28a0028a28a28a28a0028a28a28a28a0028a28a28a28a0028a28a28a28a0028a28affd9', 'name 65', 'www.ya.ru');
                        insert into clicks (bannerid, counting) values (1000065, 35);
                        insert into shows (bannerid, counting) values (1000065, 165);
                        insert into banner (id, content, name, ref) values (1000066, X'01ffd8ffdb004300080606070605080707070909080a0c140d0c0b0b0c1912130f141d1a1f1e1d1a1c1c20242e2720222c231c1c2837292c30313434341f27393d38323c2e333432ffdb0043010909090c0b0c180d0d1832211c213232323232323232323232323232323232323232323232323232323232323232323232323232323232323232323232323232ffc000140800c800c804012200021101031101042200ffc4001f0000010501010101010100000000000000000102030405060708090a0bffc400b5100002010303020403050504040000017d01020300041105122131410613516107227114328191a1082342b1c11552d1f02433627282090a161718191a25262728292a3435363738393a434445464748494a535455565758595a636465666768696a737475767778797a838485868788898a92939495969798999aa2a3a4a5a6a7a8a9aab2b3b4b5b6b7b8b9bac2c3c4c5c6c7c8c9cad2d3d4d5d6d7d8d9dae1e2e3e4e5e6e7e8e9eaf1f2f3f4f5f6f7f8f9faffc4001f0100030101010101010101010000000000000102030405060708090a0bffc400b51100020102040403040705040400010277000102031104052131061241510761711322328108144291a1b1c109233352f0156272d10a162434e125f11718191a262728292a35363738393a434445464748494a535455565758595a636465666768696a737475767778797a82838485868788898a92939495969798999aa2a3a4a5a6a7a8a9aab2b3b4b5b6b7b8b9bac2c3c4c5c6c7c8c9cad2d3d4d5d6d7d8d9dae2e3e4e5e6e7e8e9eaf2f3f4f5f6f7f8f9faffda000e040100021103110400003f00f9fe8a28a00f9fe8a28a28a28a0028a28a28a28a0028a28a28a28a0028a28a28a28a0028a28a28a28a0028a28a28a28a0028a28a28a28a0028a28a28a28a0028a28a28a28a0028a28a28a28a0028a28a28a28a0028a28a28a28a0028a28a28a28a0028a28a28a28a0028a28a28a28a0028a28a28a28a0028a28a28a28a0028a28a28a28a0028a28a28a28a0028a28a28a28a0028a28a28a28a0028a28a28a28a0028a28a28a28a0028a28a28a28a0028a28a28a28a0028a28a28a28a0028a28a28a28a0028a28a28a28a0028a28a28a28a0028a28a28a28a0028a28a28a28a0028a28a28a28a0028a28a28a28a0028a28a28a28a0028a28a28a28a0028a28a28a28a0028a28a28a28a0028a28a28a28a0028a28a28a28a0028a28a28a28a0028a28a28a28a0028a28a28a28a0028a28a28a28a0028a28a28a28a0028a28a28a28a0028a28a28a28a0028a28a28a28a0028a28a28a28a0028a28a28a28a0028a28a28a28a0028a28a28a28a0028a28a28a28a0028a28a28a28a0028a28a28a28a0028a28a28a28a0028a28a28a28a0028a28a28a28a0028a28a28a28a0028a28a28a28a0028a28a28a28a0028a28a28a28a0028a28a28a28a0028a28a28a28a0028a28a28a28a0028a28a28a28a0028a28a28a28a0028a28a28a28a0028a28a28a28a0028a28a28a28a0028a28a28a28a0028a28a28a28a0028a28a28a28a0028a28a28a28a0028a28a28a28a0028a28a28a28a0028a28a28a28a0028a28a28a28a0028a28a28a28a0028a28a28a28a0028a28a28a28a0028a28a28a28a0028a28a28a28a0028a28a28a28a0028a28a28a28a0028a28a28a28a0028a28a28a28a0028a28a28a28a0028a28a28a28a0028a28a28a28a0028a28a28a28a0028a28a28a28a0028a28a28a28a0028a28a28a28a0028a28a28a28a0028a28a28a28a0028a28a28a28a0028a28a28a28a0028a28a28a28a0028a28a28a28a0028a28a28a28a0028a28a28a28a0028a28a28a28a0028a28a28a28a0028a28a28a28a0028a28a28a28a0028a28a28a28a0028a28a28a28a0028a28a28a28a0028a28a28a28a0028a28a28a28a0028a28a28a28a0028a28a28a28a0028a28a28a28a0028a28a28a28a0028a28a28a28a0028a28a28a28a0028a28a28a28a0028a28a28a28a0028a28a28a28a0028a28a28a28a0028a28a28a28a0028a28a28a28a0028a28a28a28a0028a28a28a28a0028a28a28a28a0028a28a28a28a0028a28a28a28a0028a28a28a28a0028a28a28a28a0028a28a28a28a0028a28a28a28a0028a28a28a28a0028a28a28a28a0028a28a28a28a0028a28a28a28a0028a28a28a28a0028a28a28a28a0028a28a28a28a0028a28a28a28a0028a28a28a28a0028a28a28a28a0028a28a28a28a0028a28a28a28a0028a28a28a28a0028a28a28a28a0028a28a28a28a0028a28a28a28a0028a28a28a28a0028a28a28a28a0028a28a28a28a0028a28a28a28a0028a28a28a28a0028a28a28a28a0028a28a28a28a0028a28a28a28a0028a28a28a28a0028a28a28a28a0028a28a28a28a0028a28a28a28a0028a28a28a28a0028a28a28a28a0028a28a28a28a0028a28a28a28a0028a28a28a28a0028a28a28a28a0028a28a28a28a0028a28a28a28a0028a28a28a28a0028a28affd9', 'name 66', 'www.ya.ru');
                        insert into clicks (bannerid, counting) values (1000066, 34);
                        insert into shows (bannerid, counting) values (1000066, 166);
                        insert into banner (id, content, name, ref) values (1000067, X'01ffd8ffdb004300080606070605080707070909080a0c140d0c0b0b0c1912130f141d1a1f1e1d1a1c1c20242e2720222c231c1c2837292c30313434341f27393d38323c2e333432ffdb0043010909090c0b0c180d0d1832211c213232323232323232323232323232323232323232323232323232323232323232323232323232323232323232323232323232ffc000140800c800c804012200021101031101042200ffc4001f0000010501010101010100000000000000000102030405060708090a0bffc400b5100002010303020403050504040000017d01020300041105122131410613516107227114328191a1082342b1c11552d1f02433627282090a161718191a25262728292a3435363738393a434445464748494a535455565758595a636465666768696a737475767778797a838485868788898a92939495969798999aa2a3a4a5a6a7a8a9aab2b3b4b5b6b7b8b9bac2c3c4c5c6c7c8c9cad2d3d4d5d6d7d8d9dae1e2e3e4e5e6e7e8e9eaf1f2f3f4f5f6f7f8f9faffc4001f0100030101010101010101010000000000000102030405060708090a0bffc400b51100020102040403040705040400010277000102031104052131061241510761711322328108144291a1b1c109233352f0156272d10a162434e125f11718191a262728292a35363738393a434445464748494a535455565758595a636465666768696a737475767778797a82838485868788898a92939495969798999aa2a3a4a5a6a7a8a9aab2b3b4b5b6b7b8b9bac2c3c4c5c6c7c8c9cad2d3d4d5d6d7d8d9dae2e3e4e5e6e7e8e9eaf2f3f4f5f6f7f8f9faffda000e040100021103110400003f00f9fe8a28a00f9fe8a28a28a28a0028a28a28a28a0028a28a28a28a0028a28a28a28a0028a28a28a28a0028a28a28a28a0028a28a28a28a0028a28a28a28a0028a28a28a28a0028a28a28a28a0028a28a28a28a0028a28a28a28a0028a28a28a28a0028a28a28a28a0028a28a28a28a0028a28a28a28a0028a28a28a28a0028a28a28a28a0028a28a28a28a0028a28a28a28a0028a28a28a28a0028a28a28a28a0028a28a28a28a0028a28a28a28a0028a28a28a28a0028a28a28a28a0028a28a28a28a0028a28a28a28a0028a28a28a28a0028a28a28a28a0028a28a28a28a0028a28a28a28a0028a28a28a28a0028a28a28a28a0028a28a28a28a0028a28a28a28a0028a28a28a28a0028a28a28a28a0028a28a28a28a0028a28a28a28a0028a28a28a28a0028a28a28a28a0028a28a28a28a0028a28a28a28a0028a28a28a28a0028a28a28a28a0028a28a28a28a0028a28a28a28a0028a28a28a28a0028a28a28a28a0028a28a28a28a0028a28a28a28a0028a28a28a28a0028a28a28a28a0028a28a28a28a0028a28a28a28a0028a28a28a28a0028a28a28a28a0028a28a28a28a0028a28a28a28a0028a28a28a28a0028a28a28a28a0028a28a28a28a0028a28a28a28a0028a28a28a28a0028a28a28a28a0028a28a28a28a0028a28a28a28a0028a28a28a28a0028a28a28a28a0028a28a28a28a0028a28a28a28a0028a28a28a28a0028a28a28a28a0028a28a28a28a0028a28a28a28a0028a28a28a28a0028a28a28a28a0028a28a28a28a0028a28a28a28a0028a28a28a28a0028a28a28a28a0028a28a28a28a0028a28a28a28a0028a28a28a28a0028a28a28a28a0028a28a28a28a0028a28a28a28a0028a28a28a28a0028a28a28a28a0028a28a28a28a0028a28a28a28a0028a28a28a28a0028a28a28a28a0028a28a28a28a0028a28a28a28a0028a28a28a28a0028a28a28a28a0028a28a28a28a0028a28a28a28a0028a28a28a28a0028a28a28a28a0028a28a28a28a0028a28a28a28a0028a28a28a28a0028a28a28a28a0028a28a28a28a0028a28a28a28a0028a28a28a28a0028a28a28a28a0028a28a28a28a0028a28a28a28a0028a28a28a28a0028a28a28a28a0028a28a28a28a0028a28a28a28a0028a28a28a28a0028a28a28a28a0028a28a28a28a0028a28a28a28a0028a28a28a28a0028a28a28a28a0028a28a28a28a0028a28a28a28a0028a28a28a28a0028a28a28a28a0028a28a28a28a0028a28a28a28a0028a28a28a28a0028a28a28a28a0028a28a28a28a0028a28a28a28a0028a28a28a28a0028a28a28a28a0028a28a28a28a0028a28a28a28a0028a28a28a28a0028a28a28a28a0028a28a28a28a0028a28a28a28a0028a28a28a28a0028a28a28a28a0028a28a28a28a0028a28a28a28a0028a28a28a28a0028a28a28a28a0028a28a28a28a0028a28a28a28a0028a28a28a28a0028a28a28a28a0028a28a28a28a0028a28a28a28a0028a28a28a28a0028a28a28a28a0028a28a28a28a0028a28a28a28a0028a28a28a28a0028a28a28a28a0028a28a28a28a0028a28a28a28a0028a28a28a28a0028a28a28a28a0028a28a28a28a0028a28a28a28a0028a28a28a28a0028a28a28a28a0028a28a28a28a0028a28a28a28a0028a28affd9', 'name 67', 'www.ya.ru');
                        insert into clicks (bannerid, counting) values (1000067, 33);
                        insert into shows (bannerid, counting) values (1000067, 167);
                        insert into banner (id, content, name, ref) values (1000068, X'01ffd8ffdb004300080606070605080707070909080a0c140d0c0b0b0c1912130f141d1a1f1e1d1a1c1c20242e2720222c231c1c2837292c30313434341f27393d38323c2e333432ffdb0043010909090c0b0c180d0d1832211c213232323232323232323232323232323232323232323232323232323232323232323232323232323232323232323232323232ffc000140800c800c804012200021101031101042200ffc4001f0000010501010101010100000000000000000102030405060708090a0bffc400b5100002010303020403050504040000017d01020300041105122131410613516107227114328191a1082342b1c11552d1f02433627282090a161718191a25262728292a3435363738393a434445464748494a535455565758595a636465666768696a737475767778797a838485868788898a92939495969798999aa2a3a4a5a6a7a8a9aab2b3b4b5b6b7b8b9bac2c3c4c5c6c7c8c9cad2d3d4d5d6d7d8d9dae1e2e3e4e5e6e7e8e9eaf1f2f3f4f5f6f7f8f9faffc4001f0100030101010101010101010000000000000102030405060708090a0bffc400b51100020102040403040705040400010277000102031104052131061241510761711322328108144291a1b1c109233352f0156272d10a162434e125f11718191a262728292a35363738393a434445464748494a535455565758595a636465666768696a737475767778797a82838485868788898a92939495969798999aa2a3a4a5a6a7a8a9aab2b3b4b5b6b7b8b9bac2c3c4c5c6c7c8c9cad2d3d4d5d6d7d8d9dae2e3e4e5e6e7e8e9eaf2f3f4f5f6f7f8f9faffda000e040100021103110400003f00f9fe8a28a00f9fe8a28a28a28a0028a28a28a28a0028a28a28a28a0028a28a28a28a0028a28a28a28a0028a28a28a28a0028a28a28a28a0028a28a28a28a0028a28a28a28a0028a28a28a28a0028a28a28a28a0028a28a28a28a0028a28a28a28a0028a28a28a28a0028a28a28a28a0028a28a28a28a0028a28a28a28a0028a28a28a28a0028a28a28a28a0028a28a28a28a0028a28a28a28a0028a28a28a28a0028a28a28a28a0028a28a28a28a0028a28a28a28a0028a28a28a28a0028a28a28a28a0028a28a28a28a0028a28a28a28a0028a28a28a28a0028a28a28a28a0028a28a28a28a0028a28a28a28a0028a28a28a28a0028a28a28a28a0028a28a28a28a0028a28a28a28a0028a28a28a28a0028a28a28a28a0028a28a28a28a0028a28a28a28a0028a28a28a28a0028a28a28a28a0028a28a28a28a0028a28a28a28a0028a28a28a28a0028a28a28a28a0028a28a28a28a0028a28a28a28a0028a28a28a28a0028a28a28a28a0028a28a28a28a0028a28a28a28a0028a28a28a28a0028a28a28a28a0028a28a28a28a0028a28a28a28a0028a28a28a28a0028a28a28a28a0028a28a28a28a0028a28a28a28a0028a28a28a28a0028a28a28a28a0028a28a28a28a0028a28a28a28a0028a28a28a28a0028a28a28a28a0028a28a28a28a0028a28a28a28a0028a28a28a28a0028a28a28a28a0028a28a28a28a0028a28a28a28a0028a28a28a28a0028a28a28a28a0028a28a28a28a0028a28a28a28a0028a28a28a28a0028a28a28a28a0028a28a28a28a0028a28a28a28a0028a28a28a28a0028a28a28a28a0028a28a28a28a0028a28a28a28a0028a28a28a28a0028a28a28a28a0028a28a28a28a0028a28a28a28a0028a28a28a28a0028a28a28a28a0028a28a28a28a0028a28a28a28a0028a28a28a28a0028a28a28a28a0028a28a28a28a0028a28a28a28a0028a28a28a28a0028a28a28a28a0028a28a28a28a0028a28a28a28a0028a28a28a28a0028a28a28a28a0028a28a28a28a0028a28a28a28a0028a28a28a28a0028a28a28a28a0028a28a28a28a0028a28a28a28a0028a28a28a28a0028a28a28a28a0028a28a28a28a0028a28a28a28a0028a28a28a28a0028a28a28a28a0028a28a28a28a0028a28a28a28a0028a28a28a28a0028a28a28a28a0028a28a28a28a0028a28a28a28a0028a28a28a28a0028a28a28a28a0028a28a28a28a0028a28a28a28a0028a28a28a28a0028a28a28a28a0028a28a28a28a0028a28a28a28a0028a28a28a28a0028a28a28a28a0028a28a28a28a0028a28a28a28a0028a28a28a28a0028a28a28a28a0028a28a28a28a0028a28a28a28a0028a28a28a28a0028a28a28a28a0028a28a28a28a0028a28a28a28a0028a28a28a28a0028a28a28a28a0028a28a28a28a0028a28a28a28a0028a28a28a28a0028a28a28a28a0028a28a28a28a0028a28a28a28a0028a28a28a28a0028a28a28a28a0028a28a28a28a0028a28a28a28a0028a28a28a28a0028a28a28a28a0028a28a28a28a0028a28a28a28a0028a28a28a28a0028a28a28a28a0028a28a28a28a0028a28a28a28a0028a28a28a28a0028a28a28a28a0028a28a28a28a0028a28a28a28a0028a28a28a28a0028a28a28a28a0028a28a28a28a0028a28affd9', 'name 68', 'www.ya.ru');
                        insert into clicks (bannerid, counting) values (1000068, 32);
                        insert into shows (bannerid, counting) values (1000068, 168);
                        insert into banner (id, content, name, ref) values (1000069, X'01ffd8ffdb004300080606070605080707070909080a0c140d0c0b0b0c1912130f141d1a1f1e1d1a1c1c20242e2720222c231c1c2837292c30313434341f27393d38323c2e333432ffdb0043010909090c0b0c180d0d1832211c213232323232323232323232323232323232323232323232323232323232323232323232323232323232323232323232323232ffc000140800c800c804012200021101031101042200ffc4001f0000010501010101010100000000000000000102030405060708090a0bffc400b5100002010303020403050504040000017d01020300041105122131410613516107227114328191a1082342b1c11552d1f02433627282090a161718191a25262728292a3435363738393a434445464748494a535455565758595a636465666768696a737475767778797a838485868788898a92939495969798999aa2a3a4a5a6a7a8a9aab2b3b4b5b6b7b8b9bac2c3c4c5c6c7c8c9cad2d3d4d5d6d7d8d9dae1e2e3e4e5e6e7e8e9eaf1f2f3f4f5f6f7f8f9faffc4001f0100030101010101010101010000000000000102030405060708090a0bffc400b51100020102040403040705040400010277000102031104052131061241510761711322328108144291a1b1c109233352f0156272d10a162434e125f11718191a262728292a35363738393a434445464748494a535455565758595a636465666768696a737475767778797a82838485868788898a92939495969798999aa2a3a4a5a6a7a8a9aab2b3b4b5b6b7b8b9bac2c3c4c5c6c7c8c9cad2d3d4d5d6d7d8d9dae2e3e4e5e6e7e8e9eaf2f3f4f5f6f7f8f9faffda000e040100021103110400003f00f9fe8a28a00f9fe8a28a28a28a0028a28a28a28a0028a28a28a28a0028a28a28a28a0028a28a28a28a0028a28a28a28a0028a28a28a28a0028a28a28a28a0028a28a28a28a0028a28a28a28a0028a28a28a28a0028a28a28a28a0028a28a28a28a0028a28a28a28a0028a28a28a28a0028a28a28a28a0028a28a28a28a0028a28a28a28a0028a28a28a28a0028a28a28a28a0028a28a28a28a0028a28a28a28a0028a28a28a28a0028a28a28a28a0028a28a28a28a0028a28a28a28a0028a28a28a28a0028a28a28a28a0028a28a28a28a0028a28a28a28a0028a28a28a28a0028a28a28a28a0028a28a28a28a0028a28a28a28a0028a28a28a28a0028a28a28a28a0028a28a28a28a0028a28a28a28a0028a28a28a28a0028a28a28a28a0028a28a28a28a0028a28a28a28a0028a28a28a28a0028a28a28a28a0028a28a28a28a0028a28a28a28a0028a28a28a28a0028a28a28a28a0028a28a28a28a0028a28a28a28a0028a28a28a28a0028a28a28a28a0028a28a28a28a0028a28a28a28a0028a28a28a28a0028a28a28a28a0028a28a28a28a0028a28a28a28a0028a28a28a28a0028a28a28a28a0028a28a28a28a0028a28a28a28a0028a28a28a28a0028a28a28a28a0028a28a28a28a0028a28a28a28a0028a28a28a28a0028a28a28a28a0028a28a28a28a0028a28a28a28a0028a28a28a28a0028a28a28a28a0028a28a28a28a0028a28a28a28a0028a28a28a28a0028a28a28a28a0028a28a28a28a0028a28a28a28a0028a28a28a28a0028a28a28a28a0028a28a28a28a0028a28a28a28a0028a28a28a28a0028a28a28a28a0028a28a28a28a0028a28a28a28a0028a28a28a28a0028a28a28a28a0028a28a28a28a0028a28a28a28a0028a28a28a28a0028a28a28a28a0028a28a28a28a0028a28a28a28a0028a28a28a28a0028a28a28a28a0028a28a28a28a0028a28a28a28a0028a28a28a28a0028a28a28a28a0028a28a28a28a0028a28a28a28a0028a28a28a28a0028a28a28a28a0028a28a28a28a0028a28a28a28a0028a28a28a28a0028a28a28a28a0028a28a28a28a0028a28a28a28a0028a28a28a28a0028a28a28a28a0028a28a28a28a0028a28a28a28a0028a28a28a28a0028a28a28a28a0028a28a28a28a0028a28a28a28a0028a28a28a28a0028a28a28a28a0028a28a28a28a0028a28a28a28a0028a28a28a28a0028a28a28a28a0028a28a28a28a0028a28a28a28a0028a28a28a28a0028a28a28a28a0028a28a28a28a0028a28a28a28a0028a28a28a28a0028a28a28a28a0028a28a28a28a0028a28a28a28a0028a28a28a28a0028a28a28a28a0028a28a28a28a0028a28a28a28a0028a28a28a28a0028a28a28a28a0028a28a28a28a0028a28a28a28a0028a28a28a28a0028a28a28a28a0028a28a28a28a0028a28a28a28a0028a28a28a28a0028a28a28a28a0028a28a28a28a0028a28a28a28a0028a28a28a28a0028a28a28a28a0028a28a28a28a0028a28a28a28a0028a28a28a28a0028a28a28a28a0028a28a28a28a0028a28a28a28a0028a28a28a28a0028a28a28a28a0028a28a28a28a0028a28a28a28a0028a28a28a28a0028a28a28a28a0028a28a28a28a0028a28a28a28a0028a28a28a28a0028a28a28a28a0028a28affd9', 'name 69', 'www.ya.ru');
                        insert into clicks (bannerid, counting) values (1000069, 31);
                        insert into shows (bannerid, counting) values (1000069, 169);
                        insert into banner (id, content, name, ref) values (1000070, X'01ffd8ffdb004300080606070605080707070909080a0c140d0c0b0b0c1912130f141d1a1f1e1d1a1c1c20242e2720222c231c1c2837292c30313434341f27393d38323c2e333432ffdb0043010909090c0b0c180d0d1832211c213232323232323232323232323232323232323232323232323232323232323232323232323232323232323232323232323232ffc000140800c800c804012200021101031101042200ffc4001f0000010501010101010100000000000000000102030405060708090a0bffc400b5100002010303020403050504040000017d01020300041105122131410613516107227114328191a1082342b1c11552d1f02433627282090a161718191a25262728292a3435363738393a434445464748494a535455565758595a636465666768696a737475767778797a838485868788898a92939495969798999aa2a3a4a5a6a7a8a9aab2b3b4b5b6b7b8b9bac2c3c4c5c6c7c8c9cad2d3d4d5d6d7d8d9dae1e2e3e4e5e6e7e8e9eaf1f2f3f4f5f6f7f8f9faffc4001f0100030101010101010101010000000000000102030405060708090a0bffc400b51100020102040403040705040400010277000102031104052131061241510761711322328108144291a1b1c109233352f0156272d10a162434e125f11718191a262728292a35363738393a434445464748494a535455565758595a636465666768696a737475767778797a82838485868788898a92939495969798999aa2a3a4a5a6a7a8a9aab2b3b4b5b6b7b8b9bac2c3c4c5c6c7c8c9cad2d3d4d5d6d7d8d9dae2e3e4e5e6e7e8e9eaf2f3f4f5f6f7f8f9faffda000e040100021103110400003f00f9fe8a28a00f9fe8a28a28a28a0028a28a28a28a0028a28a28a28a0028a28a28a28a0028a28a28a28a0028a28a28a28a0028a28a28a28a0028a28a28a28a0028a28a28a28a0028a28a28a28a0028a28a28a28a0028a28a28a28a0028a28a28a28a0028a28a28a28a0028a28a28a28a0028a28a28a28a0028a28a28a28a0028a28a28a28a0028a28a28a28a0028a28a28a28a0028a28a28a28a0028a28a28a28a0028a28a28a28a0028a28a28a28a0028a28a28a28a0028a28a28a28a0028a28a28a28a0028a28a28a28a0028a28a28a28a0028a28a28a28a0028a28a28a28a0028a28a28a28a0028a28a28a28a0028a28a28a28a0028a28a28a28a0028a28a28a28a0028a28a28a28a0028a28a28a28a0028a28a28a28a0028a28a28a28a0028a28a28a28a0028a28a28a28a0028a28a28a28a0028a28a28a28a0028a28a28a28a0028a28a28a28a0028a28a28a28a0028a28a28a28a0028a28a28a28a0028a28a28a28a0028a28a28a28a0028a28a28a28a0028a28a28a28a0028a28a28a28a0028a28a28a28a0028a28a28a28a0028a28a28a28a0028a28a28a28a0028a28a28a28a0028a28a28a28a0028a28a28a28a0028a28a28a28a0028a28a28a28a0028a28a28a28a0028a28a28a28a0028a28a28a28a0028a28a28a28a0028a28a28a28a0028a28a28a28a0028a28a28a28a0028a28a28a28a0028a28a28a28a0028a28a28a28a0028a28a28a28a0028a28a28a28a0028a28a28a28a0028a28a28a28a0028a28a28a28a0028a28a28a28a0028a28a28a28a0028a28a28a28a0028a28a28a28a0028a28a28a28a0028a28a28a28a0028a28a28a28a0028a28a28a28a0028a28a28a28a0028a28a28a28a0028a28a28a28a0028a28a28a28a0028a28a28a28a0028a28a28a28a0028a28a28a28a0028a28a28a28a0028a28a28a28a0028a28a28a28a0028a28a28a28a0028a28a28a28a0028a28a28a28a0028a28a28a28a0028a28a28a28a0028a28a28a28a0028a28a28a28a0028a28a28a28a0028a28a28a28a0028a28a28a28a0028a28a28a28a0028a28a28a28a0028a28a28a28a0028a28a28a28a0028a28a28a28a0028a28a28a28a0028a28a28a28a0028a28a28a28a0028a28a28a28a0028a28a28a28a0028a28a28a28a0028a28a28a28a0028a28a28a28a0028a28a28a28a0028a28a28a28a0028a28a28a28a0028a28a28a28a0028a28a28a28a0028a28a28a28a0028a28a28a28a0028a28a28a28a0028a28a28a28a0028a28a28a28a0028a28a28a28a0028a28a28a28a0028a28a28a28a0028a28a28a28a0028a28a28a28a0028a28a28a28a0028a28a28a28a0028a28a28a28a0028a28a28a28a0028a28a28a28a0028a28a28a28a0028a28a28a28a0028a28a28a28a0028a28a28a28a0028a28a28a28a0028a28a28a28a0028a28a28a28a0028a28a28a28a0028a28a28a28a0028a28a28a28a0028a28a28a28a0028a28a28a28a0028a28a28a28a0028a28a28a28a0028a28a28a28a0028a28a28a28a0028a28a28a28a0028a28a28a28a0028a28a28a28a0028a28a28a28a0028a28a28a28a0028a28a28a28a0028a28a28a28a0028a28a28a28a0028a28a28a28a0028a28a28a28a0028a28a28a28a0028a28a28a28a0028a28a28a28a0028a28affd9', 'name 70', 'www.ya.ru');
                        insert into clicks (bannerid, counting) values (1000070, 30);
                        insert into shows (bannerid, counting) values (1000070, 170);
                        insert into banner (id, content, name, ref) values (1000071, X'01ffd8ffdb004300080606070605080707070909080a0c140d0c0b0b0c1912130f141d1a1f1e1d1a1c1c20242e2720222c231c1c2837292c30313434341f27393d38323c2e333432ffdb0043010909090c0b0c180d0d1832211c213232323232323232323232323232323232323232323232323232323232323232323232323232323232323232323232323232ffc000140800c800c804012200021101031101042200ffc4001f0000010501010101010100000000000000000102030405060708090a0bffc400b5100002010303020403050504040000017d01020300041105122131410613516107227114328191a1082342b1c11552d1f02433627282090a161718191a25262728292a3435363738393a434445464748494a535455565758595a636465666768696a737475767778797a838485868788898a92939495969798999aa2a3a4a5a6a7a8a9aab2b3b4b5b6b7b8b9bac2c3c4c5c6c7c8c9cad2d3d4d5d6d7d8d9dae1e2e3e4e5e6e7e8e9eaf1f2f3f4f5f6f7f8f9faffc4001f0100030101010101010101010000000000000102030405060708090a0bffc400b51100020102040403040705040400010277000102031104052131061241510761711322328108144291a1b1c109233352f0156272d10a162434e125f11718191a262728292a35363738393a434445464748494a535455565758595a636465666768696a737475767778797a82838485868788898a92939495969798999aa2a3a4a5a6a7a8a9aab2b3b4b5b6b7b8b9bac2c3c4c5c6c7c8c9cad2d3d4d5d6d7d8d9dae2e3e4e5e6e7e8e9eaf2f3f4f5f6f7f8f9faffda000e040100021103110400003f00f9fe8a28a00f9fe8a28a28a28a0028a28a28a28a0028a28a28a28a0028a28a28a28a0028a28a28a28a0028a28a28a28a0028a28a28a28a0028a28a28a28a0028a28a28a28a0028a28a28a28a0028a28a28a28a0028a28a28a28a0028a28a28a28a0028a28a28a28a0028a28a28a28a0028a28a28a28a0028a28a28a28a0028a28a28a28a0028a28a28a28a0028a28a28a28a0028a28a28a28a0028a28a28a28a0028a28a28a28a0028a28a28a28a0028a28a28a28a0028a28a28a28a0028a28a28a28a0028a28a28a28a0028a28a28a28a0028a28a28a28a0028a28a28a28a0028a28a28a28a0028a28a28a28a0028a28a28a28a0028a28a28a28a0028a28a28a28a0028a28a28a28a0028a28a28a28a0028a28a28a28a0028a28a28a28a0028a28a28a28a0028a28a28a28a0028a28a28a28a0028a28a28a28a0028a28a28a28a0028a28a28a28a0028a28a28a28a0028a28a28a28a0028a28a28a28a0028a28a28a28a0028a28a28a28a0028a28a28a28a0028a28a28a28a0028a28a28a28a0028a28a28a28a0028a28a28a28a0028a28a28a28a0028a28a28a28a0028a28a28a28a0028a28a28a28a0028a28a28a28a0028a28a28a28a0028a28a28a28a0028a28a28a28a0028a28a28a28a0028a28a28a28a0028a28a28a28a0028a28a28a28a0028a28a28a28a0028a28a28a28a0028a28a28a28a0028a28a28a28a0028a28a28a28a0028a28a28a28a0028a28a28a28a0028a28a28a28a0028a28a28a28a0028a28a28a28a0028a28a28a28a0028a28a28a28a0028a28a28a28a0028a28a28a28a0028a28a28a28a0028a28a28a28a0028a28a28a28a0028a28a28a28a0028a28a28a28a0028a28a28a28a0028a28a28a28a0028a28a28a28a0028a28a28a28a0028a28a28a28a0028a28a28a28a0028a28a28a28a0028a28a28a28a0028a28a28a28a0028a28a28a28a0028a28a28a28a0028a28a28a28a0028a28a28a28a0028a28a28a28a0028a28a28a28a0028a28a28a28a0028a28a28a28a0028a28a28a28a0028a28a28a28a0028a28a28a28a0028a28a28a28a0028a28a28a28a0028a28a28a28a0028a28a28a28a0028a28a28a28a0028a28a28a28a0028a28a28a28a0028a28a28a28a0028a28a28a28a0028a28a28a28a0028a28a28a28a0028a28a28a28a0028a28a28a28a0028a28a28a28a0028a28a28a28a0028a28a28a28a0028a28a28a28a0028a28a28a28a0028a28a28a28a0028a28a28a28a0028a28a28a28a0028a28a28a28a0028a28a28a28a0028a28a28a28a0028a28a28a28a0028a28a28a28a0028a28a28a28a0028a28a28a28a0028a28a28a28a0028a28a28a28a0028a28a28a28a0028a28a28a28a0028a28a28a28a0028a28a28a28a0028a28a28a28a0028a28a28a28a0028a28a28a28a0028a28a28a28a0028a28a28a28a0028a28a28a28a0028a28a28a28a0028a28a28a28a0028a28a28a28a0028a28a28a28a0028a28a28a28a0028a28a28a28a0028a28a28a28a0028a28a28a28a0028a28a28a28a0028a28a28a28a0028a28a28a28a0028a28a28a28a0028a28a28a28a0028a28a28a28a0028a28a28a28a0028a28a28a28a0028a28a28a28a0028a28a28a28a0028a28a28a28a0028a28a28a28a0028a28a28a28a0028a28affd9', 'name 71', 'www.ya.ru');
                        insert into clicks (bannerid, counting) values (1000071, 29);
                        insert into shows (bannerid, counting) values (1000071, 171);
                        insert into banner (id, content, name, ref) values (1000072, X'01ffd8ffdb004300080606070605080707070909080a0c140d0c0b0b0c1912130f141d1a1f1e1d1a1c1c20242e2720222c231c1c2837292c30313434341f27393d38323c2e333432ffdb0043010909090c0b0c180d0d1832211c213232323232323232323232323232323232323232323232323232323232323232323232323232323232323232323232323232ffc000140800c800c804012200021101031101042200ffc4001f0000010501010101010100000000000000000102030405060708090a0bffc400b5100002010303020403050504040000017d01020300041105122131410613516107227114328191a1082342b1c11552d1f02433627282090a161718191a25262728292a3435363738393a434445464748494a535455565758595a636465666768696a737475767778797a838485868788898a92939495969798999aa2a3a4a5a6a7a8a9aab2b3b4b5b6b7b8b9bac2c3c4c5c6c7c8c9cad2d3d4d5d6d7d8d9dae1e2e3e4e5e6e7e8e9eaf1f2f3f4f5f6f7f8f9faffc4001f0100030101010101010101010000000000000102030405060708090a0bffc400b51100020102040403040705040400010277000102031104052131061241510761711322328108144291a1b1c109233352f0156272d10a162434e125f11718191a262728292a35363738393a434445464748494a535455565758595a636465666768696a737475767778797a82838485868788898a92939495969798999aa2a3a4a5a6a7a8a9aab2b3b4b5b6b7b8b9bac2c3c4c5c6c7c8c9cad2d3d4d5d6d7d8d9dae2e3e4e5e6e7e8e9eaf2f3f4f5f6f7f8f9faffda000e040100021103110400003f00f9fe8a28a00f9fe8a28a28a28a0028a28a28a28a0028a28a28a28a0028a28a28a28a0028a28a28a28a0028a28a28a28a0028a28a28a28a0028a28a28a28a0028a28a28a28a0028a28a28a28a0028a28a28a28a0028a28a28a28a0028a28a28a28a0028a28a28a28a0028a28a28a28a0028a28a28a28a0028a28a28a28a0028a28a28a28a0028a28a28a28a0028a28a28a28a0028a28a28a28a0028a28a28a28a0028a28a28a28a0028a28a28a28a0028a28a28a28a0028a28a28a28a0028a28a28a28a0028a28a28a28a0028a28a28a28a0028a28a28a28a0028a28a28a28a0028a28a28a28a0028a28a28a28a0028a28a28a28a0028a28a28a28a0028a28a28a28a0028a28a28a28a0028a28a28a28a0028a28a28a28a0028a28a28a28a0028a28a28a28a0028a28a28a28a0028a28a28a28a0028a28a28a28a0028a28a28a28a0028a28a28a28a0028a28a28a28a0028a28a28a28a0028a28a28a28a0028a28a28a28a0028a28a28a28a0028a28a28a28a0028a28a28a28a0028a28a28a28a0028a28a28a28a0028a28a28a28a0028a28a28a28a0028a28a28a28a0028a28a28a28a0028a28a28a28a0028a28a28a28a0028a28a28a28a0028a28a28a28a0028a28a28a28a0028a28a28a28a0028a28a28a28a0028a28a28a28a0028a28a28a28a0028a28a28a28a0028a28a28a28a0028a28a28a28a0028a28a28a28a0028a28a28a28a0028a28a28a28a0028a28a28a28a0028a28a28a28a0028a28a28a28a0028a28a28a28a0028a28a28a28a0028a28a28a28a0028a28a28a28a0028a28a28a28a0028a28a28a28a0028a28a28a28a0028a28a28a28a0028a28a28a28a0028a28a28a28a0028a28a28a28a0028a28a28a28a0028a28a28a28a0028a28a28a28a0028a28a28a28a0028a28a28a28a0028a28a28a28a0028a28a28a28a0028a28a28a28a0028a28a28a28a0028a28a28a28a0028a28a28a28a0028a28a28a28a0028a28a28a28a0028a28a28a28a0028a28a28a28a0028a28a28a28a0028a28a28a28a0028a28a28a28a0028a28a28a28a0028a28a28a28a0028a28a28a28a0028a28a28a28a0028a28a28a28a0028a28a28a28a0028a28a28a28a0028a28a28a28a0028a28a28a28a0028a28a28a28a0028a28a28a28a0028a28a28a28a0028a28a28a28a0028a28a28a28a0028a28a28a28a0028a28a28a28a0028a28a28a28a0028a28a28a28a0028a28a28a28a0028a28a28a28a0028a28a28a28a0028a28a28a28a0028a28a28a28a0028a28a28a28a0028a28a28a28a0028a28a28a28a0028a28a28a28a0028a28a28a28a0028a28a28a28a0028a28a28a28a0028a28a28a28a0028a28a28a28a0028a28a28a28a0028a28a28a28a0028a28a28a28a0028a28a28a28a0028a28a28a28a0028a28a28a28a0028a28a28a28a0028a28a28a28a0028a28a28a28a0028a28a28a28a0028a28a28a28a0028a28a28a28a0028a28a28a28a0028a28a28a28a0028a28a28a28a0028a28a28a28a0028a28a28a28a0028a28a28a28a0028a28a28a28a0028a28a28a28a0028a28a28a28a0028a28a28a28a0028a28a28a28a0028a28a28a28a0028a28a28a28a0028a28a28a28a0028a28a28a28a0028a28a28a28a0028a28a28a28a0028a28a28a28a0028a28affd9', 'name 72', 'www.ya.ru');
                        insert into clicks (bannerid, counting) values (1000072, 28);
                        insert into shows (bannerid, counting) values (1000072, 172);
                        insert into banner (id, content, name, ref) values (1000073, X'01ffd8ffdb004300080606070605080707070909080a0c140d0c0b0b0c1912130f141d1a1f1e1d1a1c1c20242e2720222c231c1c2837292c30313434341f27393d38323c2e333432ffdb0043010909090c0b0c180d0d1832211c213232323232323232323232323232323232323232323232323232323232323232323232323232323232323232323232323232ffc000140800c800c804012200021101031101042200ffc4001f0000010501010101010100000000000000000102030405060708090a0bffc400b5100002010303020403050504040000017d01020300041105122131410613516107227114328191a1082342b1c11552d1f02433627282090a161718191a25262728292a3435363738393a434445464748494a535455565758595a636465666768696a737475767778797a838485868788898a92939495969798999aa2a3a4a5a6a7a8a9aab2b3b4b5b6b7b8b9bac2c3c4c5c6c7c8c9cad2d3d4d5d6d7d8d9dae1e2e3e4e5e6e7e8e9eaf1f2f3f4f5f6f7f8f9faffc4001f0100030101010101010101010000000000000102030405060708090a0bffc400b51100020102040403040705040400010277000102031104052131061241510761711322328108144291a1b1c109233352f0156272d10a162434e125f11718191a262728292a35363738393a434445464748494a535455565758595a636465666768696a737475767778797a82838485868788898a92939495969798999aa2a3a4a5a6a7a8a9aab2b3b4b5b6b7b8b9bac2c3c4c5c6c7c8c9cad2d3d4d5d6d7d8d9dae2e3e4e5e6e7e8e9eaf2f3f4f5f6f7f8f9faffda000e040100021103110400003f00f9fe8a28a00f9fe8a28a28a28a0028a28a28a28a0028a28a28a28a0028a28a28a28a0028a28a28a28a0028a28a28a28a0028a28a28a28a0028a28a28a28a0028a28a28a28a0028a28a28a28a0028a28a28a28a0028a28a28a28a0028a28a28a28a0028a28a28a28a0028a28a28a28a0028a28a28a28a0028a28a28a28a0028a28a28a28a0028a28a28a28a0028a28a28a28a0028a28a28a28a0028a28a28a28a0028a28a28a28a0028a28a28a28a0028a28a28a28a0028a28a28a28a0028a28a28a28a0028a28a28a28a0028a28a28a28a0028a28a28a28a0028a28a28a28a0028a28a28a28a0028a28a28a28a0028a28a28a28a0028a28a28a28a0028a28a28a28a0028a28a28a28a0028a28a28a28a0028a28a28a28a0028a28a28a28a0028a28a28a28a0028a28a28a28a0028a28a28a28a0028a28a28a28a0028a28a28a28a0028a28a28a28a0028a28a28a28a0028a28a28a28a0028a28a28a28a0028a28a28a28a0028a28a28a28a0028a28a28a28a0028a28a28a28a0028a28a28a28a0028a28a28a28a0028a28a28a28a0028a28a28a28a0028a28a28a28a0028a28a28a28a0028a28a28a28a0028a28a28a28a0028a28a28a28a0028a28a28a28a0028a28a28a28a0028a28a28a28a0028a28a28a28a0028a28a28a28a0028a28a28a28a0028a28a28a28a0028a28a28a28a0028a28a28a28a0028a28a28a28a0028a28a28a28a0028a28a28a28a0028a28a28a28a0028a28a28a28a0028a28a28a28a0028a28a28a28a0028a28a28a28a0028a28a28a28a0028a28a28a28a0028a28a28a28a0028a28a28a28a0028a28a28a28a0028a28a28a28a0028a28a28a28a0028a28a28a28a0028a28a28a28a0028a28a28a28a0028a28a28a28a0028a28a28a28a0028a28a28a28a0028a28a28a28a0028a28a28a28a0028a28a28a28a0028a28a28a28a0028a28a28a28a0028a28a28a28a0028a28a28a28a0028a28a28a28a0028a28a28a28a0028a28a28a28a0028a28a28a28a0028a28a28a28a0028a28a28a28a0028a28a28a28a0028a28a28a28a0028a28a28a28a0028a28a28a28a0028a28a28a28a0028a28a28a28a0028a28a28a28a0028a28a28a28a0028a28a28a28a0028a28a28a28a0028a28a28a28a0028a28a28a28a0028a28a28a28a0028a28a28a28a0028a28a28a28a0028a28a28a28a0028a28a28a28a0028a28a28a28a0028a28a28a28a0028a28a28a28a0028a28a28a28a0028a28a28a28a0028a28a28a28a0028a28a28a28a0028a28a28a28a0028a28a28a28a0028a28a28a28a0028a28a28a28a0028a28a28a28a0028a28a28a28a0028a28a28a28a0028a28a28a28a0028a28a28a28a0028a28a28a28a0028a28a28a28a0028a28a28a28a0028a28a28a28a0028a28a28a28a0028a28a28a28a0028a28a28a28a0028a28a28a28a0028a28a28a28a0028a28a28a28a0028a28a28a28a0028a28a28a28a0028a28a28a28a0028a28a28a28a0028a28a28a28a0028a28a28a28a0028a28a28a28a0028a28a28a28a0028a28a28a28a0028a28a28a28a0028a28a28a28a0028a28a28a28a0028a28a28a28a0028a28a28a28a0028a28a28a28a0028a28a28a28a0028a28a28a28a0028a28a28a28a0028a28a28a28a0028a28a28a28a0028a28affd9', 'name 73', 'www.ya.ru');
                        insert into clicks (bannerid, counting) values (1000073, 27);
                        insert into shows (bannerid, counting) values (1000073, 173);
                        insert into banner (id, content, name, ref) values (1000074, X'01ffd8ffdb004300080606070605080707070909080a0c140d0c0b0b0c1912130f141d1a1f1e1d1a1c1c20242e2720222c231c1c2837292c30313434341f27393d38323c2e333432ffdb0043010909090c0b0c180d0d1832211c213232323232323232323232323232323232323232323232323232323232323232323232323232323232323232323232323232ffc000140800c800c804012200021101031101042200ffc4001f0000010501010101010100000000000000000102030405060708090a0bffc400b5100002010303020403050504040000017d01020300041105122131410613516107227114328191a1082342b1c11552d1f02433627282090a161718191a25262728292a3435363738393a434445464748494a535455565758595a636465666768696a737475767778797a838485868788898a92939495969798999aa2a3a4a5a6a7a8a9aab2b3b4b5b6b7b8b9bac2c3c4c5c6c7c8c9cad2d3d4d5d6d7d8d9dae1e2e3e4e5e6e7e8e9eaf1f2f3f4f5f6f7f8f9faffc4001f0100030101010101010101010000000000000102030405060708090a0bffc400b51100020102040403040705040400010277000102031104052131061241510761711322328108144291a1b1c109233352f0156272d10a162434e125f11718191a262728292a35363738393a434445464748494a535455565758595a636465666768696a737475767778797a82838485868788898a92939495969798999aa2a3a4a5a6a7a8a9aab2b3b4b5b6b7b8b9bac2c3c4c5c6c7c8c9cad2d3d4d5d6d7d8d9dae2e3e4e5e6e7e8e9eaf2f3f4f5f6f7f8f9faffda000e040100021103110400003f00f9fe8a28a00f9fe8a28a28a28a0028a28a28a28a0028a28a28a28a0028a28a28a28a0028a28a28a28a0028a28a28a28a0028a28a28a28a0028a28a28a28a0028a28a28a28a0028a28a28a28a0028a28a28a28a0028a28a28a28a0028a28a28a28a0028a28a28a28a0028a28a28a28a0028a28a28a28a0028a28a28a28a0028a28a28a28a0028a28a28a28a0028a28a28a28a0028a28a28a28a0028a28a28a28a0028a28a28a28a0028a28a28a28a0028a28a28a28a0028a28a28a28a0028a28a28a28a0028a28a28a28a0028a28a28a28a0028a28a28a28a0028a28a28a28a0028a28a28a28a0028a28a28a28a0028a28a28a28a0028a28a28a28a0028a28a28a28a0028a28a28a28a0028a28a28a28a0028a28a28a28a0028a28a28a28a0028a28a28a28a0028a28a28a28a0028a28a28a28a0028a28a28a28a0028a28a28a28a0028a28a28a28a0028a28a28a28a0028a28a28a28a0028a28a28a28a0028a28a28a28a0028a28a28a28a0028a28a28a28a0028a28a28a28a0028a28a28a28a0028a28a28a28a0028a28a28a28a0028a28a28a28a0028a28a28a28a0028a28a28a28a0028a28a28a28a0028a28a28a28a0028a28a28a28a0028a28a28a28a0028a28a28a28a0028a28a28a28a0028a28a28a28a0028a28a28a28a0028a28a28a28a0028a28a28a28a0028a28a28a28a0028a28a28a28a0028a28a28a28a0028a28a28a28a0028a28a28a28a0028a28a28a28a0028a28a28a28a0028a28a28a28a0028a28a28a28a0028a28a28a28a0028a28a28a28a0028a28a28a28a0028a28a28a28a0028a28a28a28a0028a28a28a28a0028a28a28a28a0028a28a28a28a0028a28a28a28a0028a28a28a28a0028a28a28a28a0028a28a28a28a0028a28a28a28a0028a28a28a28a0028a28a28a28a0028a28a28a28a0028a28a28a28a0028a28a28a28a0028a28a28a28a0028a28a28a28a0028a28a28a28a0028a28a28a28a0028a28a28a28a0028a28a28a28a0028a28a28a28a0028a28a28a28a0028a28a28a28a0028a28a28a28a0028a28a28a28a0028a28a28a28a0028a28a28a28a0028a28a28a28a0028a28a28a28a0028a28a28a28a0028a28a28a28a0028a28a28a28a0028a28a28a28a0028a28a28a28a0028a28a28a28a0028a28a28a28a0028a28a28a28a0028a28a28a28a0028a28a28a28a0028a28a28a28a0028a28a28a28a0028a28a28a28a0028a28a28a28a0028a28a28a28a0028a28a28a28a0028a28a28a28a0028a28a28a28a0028a28a28a28a0028a28a28a28a0028a28a28a28a0028a28a28a28a0028a28a28a28a0028a28a28a28a0028a28a28a28a0028a28a28a28a0028a28a28a28a0028a28a28a28a0028a28a28a28a0028a28a28a28a0028a28a28a28a0028a28a28a28a0028a28a28a28a0028a28a28a28a0028a28a28a28a0028a28a28a28a0028a28a28a28a0028a28a28a28a0028a28a28a28a0028a28a28a28a0028a28a28a28a0028a28a28a28a0028a28a28a28a0028a28a28a28a0028a28a28a28a0028a28a28a28a0028a28a28a28a0028a28a28a28a0028a28a28a28a0028a28a28a28a0028a28a28a28a0028a28a28a28a0028a28a28a28a0028a28a28a28a0028a28a28a28a0028a28a28a28a0028a28a28a28a0028a28affd9', 'name 74', 'www.ya.ru');
                        insert into clicks (bannerid, counting) values (1000074, 26);
                        insert into shows (bannerid, counting) values (1000074, 174);
                        insert into banner (id, content, name, ref) values (1000075, X'01ffd8ffdb004300080606070605080707070909080a0c140d0c0b0b0c1912130f141d1a1f1e1d1a1c1c20242e2720222c231c1c2837292c30313434341f27393d38323c2e333432ffdb0043010909090c0b0c180d0d1832211c213232323232323232323232323232323232323232323232323232323232323232323232323232323232323232323232323232ffc000140800c800c804012200021101031101042200ffc4001f0000010501010101010100000000000000000102030405060708090a0bffc400b5100002010303020403050504040000017d01020300041105122131410613516107227114328191a1082342b1c11552d1f02433627282090a161718191a25262728292a3435363738393a434445464748494a535455565758595a636465666768696a737475767778797a838485868788898a92939495969798999aa2a3a4a5a6a7a8a9aab2b3b4b5b6b7b8b9bac2c3c4c5c6c7c8c9cad2d3d4d5d6d7d8d9dae1e2e3e4e5e6e7e8e9eaf1f2f3f4f5f6f7f8f9faffc4001f0100030101010101010101010000000000000102030405060708090a0bffc400b51100020102040403040705040400010277000102031104052131061241510761711322328108144291a1b1c109233352f0156272d10a162434e125f11718191a262728292a35363738393a434445464748494a535455565758595a636465666768696a737475767778797a82838485868788898a92939495969798999aa2a3a4a5a6a7a8a9aab2b3b4b5b6b7b8b9bac2c3c4c5c6c7c8c9cad2d3d4d5d6d7d8d9dae2e3e4e5e6e7e8e9eaf2f3f4f5f6f7f8f9faffda000e040100021103110400003f00f9fe8a28a00f9fe8a28a28a28a0028a28a28a28a0028a28a28a28a0028a28a28a28a0028a28a28a28a0028a28a28a28a0028a28a28a28a0028a28a28a28a0028a28a28a28a0028a28a28a28a0028a28a28a28a0028a28a28a28a0028a28a28a28a0028a28a28a28a0028a28a28a28a0028a28a28a28a0028a28a28a28a0028a28a28a28a0028a28a28a28a0028a28a28a28a0028a28a28a28a0028a28a28a28a0028a28a28a28a0028a28a28a28a0028a28a28a28a0028a28a28a28a0028a28a28a28a0028a28a28a28a0028a28a28a28a0028a28a28a28a0028a28a28a28a0028a28a28a28a0028a28a28a28a0028a28a28a28a0028a28a28a28a0028a28a28a28a0028a28a28a28a0028a28a28a28a0028a28a28a28a0028a28a28a28a0028a28a28a28a0028a28a28a28a0028a28a28a28a0028a28a28a28a0028a28a28a28a0028a28a28a28a0028a28a28a28a0028a28a28a28a0028a28a28a28a0028a28a28a28a0028a28a28a28a0028a28a28a28a0028a28a28a28a0028a28a28a28a0028a28a28a28a0028a28a28a28a0028a28a28a28a0028a28a28a28a0028a28a28a28a0028a28a28a28a0028a28a28a28a0028a28a28a28a0028a28a28a28a0028a28a28a28a0028a28a28a28a0028a28a28a28a0028a28a28a28a0028a28a28a28a0028a28a28a28a0028a28a28a28a0028a28a28a28a0028a28a28a28a0028a28a28a28a0028a28a28a28a0028a28a28a28a0028a28a28a28a0028a28a28a28a0028a28a28a28a0028a28a28a28a0028a28a28a28a0028a28a28a28a0028a28a28a28a0028a28a28a28a0028a28a28a28a0028a28a28a28a0028a28a28a28a0028a28a28a28a0028a28a28a28a0028a28a28a28a0028a28a28a28a0028a28a28a28a0028a28a28a28a0028a28a28a28a0028a28a28a28a0028a28a28a28a0028a28a28a28a0028a28a28a28a0028a28a28a28a0028a28a28a28a0028a28a28a28a0028a28a28a28a0028a28a28a28a0028a28a28a28a0028a28a28a28a0028a28a28a28a0028a28a28a28a0028a28a28a28a0028a28a28a28a0028a28a28a28a0028a28a28a28a0028a28a28a28a0028a28a28a28a0028a28a28a28a0028a28a28a28a0028a28a28a28a0028a28a28a28a0028a28a28a28a0028a28a28a28a0028a28a28a28a0028a28a28a28a0028a28a28a28a0028a28a28a28a0028a28a28a28a0028a28a28a28a0028a28a28a28a0028a28a28a28a0028a28a28a28a0028a28a28a28a0028a28a28a28a0028a28a28a28a0028a28a28a28a0028a28a28a28a0028a28a28a28a0028a28a28a28a0028a28a28a28a0028a28a28a28a0028a28a28a28a0028a28a28a28a0028a28a28a28a0028a28a28a28a0028a28a28a28a0028a28a28a28a0028a28a28a28a0028a28a28a28a0028a28a28a28a0028a28a28a28a0028a28a28a28a0028a28a28a28a0028a28a28a28a0028a28a28a28a0028a28a28a28a0028a28a28a28a0028a28a28a28a0028a28a28a28a0028a28a28a28a0028a28a28a28a0028a28a28a28a0028a28a28a28a0028a28a28a28a0028a28a28a28a0028a28a28a28a0028a28a28a28a0028a28a28a28a0028a28a28a28a0028a28a28a28a0028a28a28a28a0028a28a28a28a0028a28a28a28a0028a28affd9', 'name 75', 'www.ya.ru');
                        insert into clicks (bannerid, counting) values (1000075, 25);
                        insert into shows (bannerid, counting) values (1000075, 175);
                        insert into banner (id, content, name, ref) values (1000076, X'01ffd8ffdb004300080606070605080707070909080a0c140d0c0b0b0c1912130f141d1a1f1e1d1a1c1c20242e2720222c231c1c2837292c30313434341f27393d38323c2e333432ffdb0043010909090c0b0c180d0d1832211c213232323232323232323232323232323232323232323232323232323232323232323232323232323232323232323232323232ffc000140800c800c804012200021101031101042200ffc4001f0000010501010101010100000000000000000102030405060708090a0bffc400b5100002010303020403050504040000017d01020300041105122131410613516107227114328191a1082342b1c11552d1f02433627282090a161718191a25262728292a3435363738393a434445464748494a535455565758595a636465666768696a737475767778797a838485868788898a92939495969798999aa2a3a4a5a6a7a8a9aab2b3b4b5b6b7b8b9bac2c3c4c5c6c7c8c9cad2d3d4d5d6d7d8d9dae1e2e3e4e5e6e7e8e9eaf1f2f3f4f5f6f7f8f9faffc4001f0100030101010101010101010000000000000102030405060708090a0bffc400b51100020102040403040705040400010277000102031104052131061241510761711322328108144291a1b1c109233352f0156272d10a162434e125f11718191a262728292a35363738393a434445464748494a535455565758595a636465666768696a737475767778797a82838485868788898a92939495969798999aa2a3a4a5a6a7a8a9aab2b3b4b5b6b7b8b9bac2c3c4c5c6c7c8c9cad2d3d4d5d6d7d8d9dae2e3e4e5e6e7e8e9eaf2f3f4f5f6f7f8f9faffda000e040100021103110400003f00f9fe8a28a00f9fe8a28a28a28a0028a28a28a28a0028a28a28a28a0028a28a28a28a0028a28a28a28a0028a28a28a28a0028a28a28a28a0028a28a28a28a0028a28a28a28a0028a28a28a28a0028a28a28a28a0028a28a28a28a0028a28a28a28a0028a28a28a28a0028a28a28a28a0028a28a28a28a0028a28a28a28a0028a28a28a28a0028a28a28a28a0028a28a28a28a0028a28a28a28a0028a28a28a28a0028a28a28a28a0028a28a28a28a0028a28a28a28a0028a28a28a28a0028a28a28a28a0028a28a28a28a0028a28a28a28a0028a28a28a28a0028a28a28a28a0028a28a28a28a0028a28a28a28a0028a28a28a28a0028a28a28a28a0028a28a28a28a0028a28a28a28a0028a28a28a28a0028a28a28a28a0028a28a28a28a0028a28a28a28a0028a28a28a28a0028a28a28a28a0028a28a28a28a0028a28a28a28a0028a28a28a28a0028a28a28a28a0028a28a28a28a0028a28a28a28a0028a28a28a28a0028a28a28a28a0028a28a28a28a0028a28a28a28a0028a28a28a28a0028a28a28a28a0028a28a28a28a0028a28a28a28a0028a28a28a28a0028a28a28a28a0028a28a28a28a0028a28a28a28a0028a28a28a28a0028a28a28a28a0028a28a28a28a0028a28a28a28a0028a28a28a28a0028a28a28a28a0028a28a28a28a0028a28a28a28a0028a28a28a28a0028a28a28a28a0028a28a28a28a0028a28a28a28a0028a28a28a28a0028a28a28a28a0028a28a28a28a0028a28a28a28a0028a28a28a28a0028a28a28a28a0028a28a28a28a0028a28a28a28a0028a28a28a28a0028a28a28a28a0028a28a28a28a0028a28a28a28a0028a28a28a28a0028a28a28a28a0028a28a28a28a0028a28a28a28a0028a28a28a28a0028a28a28a28a0028a28a28a28a0028a28a28a28a0028a28a28a28a0028a28a28a28a0028a28a28a28a0028a28a28a28a0028a28a28a28a0028a28a28a28a0028a28a28a28a0028a28a28a28a0028a28a28a28a0028a28a28a28a0028a28a28a28a0028a28a28a28a0028a28a28a28a0028a28a28a28a0028a28a28a28a0028a28a28a28a0028a28a28a28a0028a28a28a28a0028a28a28a28a0028a28a28a28a0028a28a28a28a0028a28a28a28a0028a28a28a28a0028a28a28a28a0028a28a28a28a0028a28a28a28a0028a28a28a28a0028a28a28a28a0028a28a28a28a0028a28a28a28a0028a28a28a28a0028a28a28a28a0028a28a28a28a0028a28a28a28a0028a28a28a28a0028a28a28a28a0028a28a28a28a0028a28a28a28a0028a28a28a28a0028a28a28a28a0028a28a28a28a0028a28a28a28a0028a28a28a28a0028a28a28a28a0028a28a28a28a0028a28a28a28a0028a28a28a28a0028a28a28a28a0028a28a28a28a0028a28a28a28a0028a28a28a28a0028a28a28a28a0028a28a28a28a0028a28a28a28a0028a28a28a28a0028a28a28a28a0028a28a28a28a0028a28a28a28a0028a28a28a28a0028a28a28a28a0028a28a28a28a0028a28a28a28a0028a28a28a28a0028a28a28a28a0028a28a28a28a0028a28a28a28a0028a28a28a28a0028a28a28a28a0028a28a28a28a0028a28a28a28a0028a28a28a28a0028a28a28a28a0028a28a28a28a0028a28a28a28a0028a28a28a28a0028a28affd9', 'name 76', 'www.ya.ru');
                        insert into clicks (bannerid, counting) values (1000076, 24);
                        insert into shows (bannerid, counting) values (1000076, 176);
                        insert into banner (id, content, name, ref) values (1000077, X'01ffd8ffdb004300080606070605080707070909080a0c140d0c0b0b0c1912130f141d1a1f1e1d1a1c1c20242e2720222c231c1c2837292c30313434341f27393d38323c2e333432ffdb0043010909090c0b0c180d0d1832211c213232323232323232323232323232323232323232323232323232323232323232323232323232323232323232323232323232ffc000140800c800c804012200021101031101042200ffc4001f0000010501010101010100000000000000000102030405060708090a0bffc400b5100002010303020403050504040000017d01020300041105122131410613516107227114328191a1082342b1c11552d1f02433627282090a161718191a25262728292a3435363738393a434445464748494a535455565758595a636465666768696a737475767778797a838485868788898a92939495969798999aa2a3a4a5a6a7a8a9aab2b3b4b5b6b7b8b9bac2c3c4c5c6c7c8c9cad2d3d4d5d6d7d8d9dae1e2e3e4e5e6e7e8e9eaf1f2f3f4f5f6f7f8f9faffc4001f0100030101010101010101010000000000000102030405060708090a0bffc400b51100020102040403040705040400010277000102031104052131061241510761711322328108144291a1b1c109233352f0156272d10a162434e125f11718191a262728292a35363738393a434445464748494a535455565758595a636465666768696a737475767778797a82838485868788898a92939495969798999aa2a3a4a5a6a7a8a9aab2b3b4b5b6b7b8b9bac2c3c4c5c6c7c8c9cad2d3d4d5d6d7d8d9dae2e3e4e5e6e7e8e9eaf2f3f4f5f6f7f8f9faffda000e040100021103110400003f00f9fe8a28a00f9fe8a28a28a28a0028a28a28a28a0028a28a28a28a0028a28a28a28a0028a28a28a28a0028a28a28a28a0028a28a28a28a0028a28a28a28a0028a28a28a28a0028a28a28a28a0028a28a28a28a0028a28a28a28a0028a28a28a28a0028a28a28a28a0028a28a28a28a0028a28a28a28a0028a28a28a28a0028a28a28a28a0028a28a28a28a0028a28a28a28a0028a28a28a28a0028a28a28a28a0028a28a28a28a0028a28a28a28a0028a28a28a28a0028a28a28a28a0028a28a28a28a0028a28a28a28a0028a28a28a28a0028a28a28a28a0028a28a28a28a0028a28a28a28a0028a28a28a28a0028a28a28a28a0028a28a28a28a0028a28a28a28a0028a28a28a28a0028a28a28a28a0028a28a28a28a0028a28a28a28a0028a28a28a28a0028a28a28a28a0028a28a28a28a0028a28a28a28a0028a28a28a28a0028a28a28a28a0028a28a28a28a0028a28a28a28a0028a28a28a28a0028a28a28a28a0028a28a28a28a0028a28a28a28a0028a28a28a28a0028a28a28a28a0028a28a28a28a0028a28a28a28a0028a28a28a28a0028a28a28a28a0028a28a28a28a0028a28a28a28a0028a28a28a28a0028a28a28a28a0028a28a28a28a0028a28a28a28a0028a28a28a28a0028a28a28a28a0028a28a28a28a0028a28a28a28a0028a28a28a28a0028a28a28a28a0028a28a28a28a0028a28a28a28a0028a28a28a28a0028a28a28a28a0028a28a28a28a0028a28a28a28a0028a28a28a28a0028a28a28a28a0028a28a28a28a0028a28a28a28a0028a28a28a28a0028a28a28a28a0028a28a28a28a0028a28a28a28a0028a28a28a28a0028a28a28a28a0028a28a28a28a0028a28a28a28a0028a28a28a28a0028a28a28a28a0028a28a28a28a0028a28a28a28a0028a28a28a28a0028a28a28a28a0028a28a28a28a0028a28a28a28a0028a28a28a28a0028a28a28a28a0028a28a28a28a0028a28a28a28a0028a28a28a28a0028a28a28a28a0028a28a28a28a0028a28a28a28a0028a28a28a28a0028a28a28a28a0028a28a28a28a0028a28a28a28a0028a28a28a28a0028a28a28a28a0028a28a28a28a0028a28a28a28a0028a28a28a28a0028a28a28a28a0028a28a28a28a0028a28a28a28a0028a28a28a28a0028a28a28a28a0028a28a28a28a0028a28a28a28a0028a28a28a28a0028a28a28a28a0028a28a28a28a0028a28a28a28a0028a28a28a28a0028a28a28a28a0028a28a28a28a0028a28a28a28a0028a28a28a28a0028a28a28a28a0028a28a28a28a0028a28a28a28a0028a28a28a28a0028a28a28a28a0028a28a28a28a0028a28a28a28a0028a28a28a28a0028a28a28a28a0028a28a28a28a0028a28a28a28a0028a28a28a28a0028a28a28a28a0028a28a28a28a0028a28a28a28a0028a28a28a28a0028a28a28a28a0028a28a28a28a0028a28a28a28a0028a28a28a28a0028a28a28a28a0028a28a28a28a0028a28a28a28a0028a28a28a28a0028a28a28a28a0028a28a28a28a0028a28a28a28a0028a28a28a28a0028a28a28a28a0028a28a28a28a0028a28a28a28a0028a28a28a28a0028a28a28a28a0028a28a28a28a0028a28a28a28a0028a28a28a28a0028a28a28a28a0028a28a28a28a0028a28a28a28a0028a28affd9', 'name 77', 'www.ya.ru');
                        insert into clicks (bannerid, counting) values (1000077, 23);
                        insert into shows (bannerid, counting) values (1000077, 177);
                        insert into banner (id, content, name, ref) values (1000078, X'01ffd8ffdb004300080606070605080707070909080a0c140d0c0b0b0c1912130f141d1a1f1e1d1a1c1c20242e2720222c231c1c2837292c30313434341f27393d38323c2e333432ffdb0043010909090c0b0c180d0d1832211c213232323232323232323232323232323232323232323232323232323232323232323232323232323232323232323232323232ffc000140800c800c804012200021101031101042200ffc4001f0000010501010101010100000000000000000102030405060708090a0bffc400b5100002010303020403050504040000017d01020300041105122131410613516107227114328191a1082342b1c11552d1f02433627282090a161718191a25262728292a3435363738393a434445464748494a535455565758595a636465666768696a737475767778797a838485868788898a92939495969798999aa2a3a4a5a6a7a8a9aab2b3b4b5b6b7b8b9bac2c3c4c5c6c7c8c9cad2d3d4d5d6d7d8d9dae1e2e3e4e5e6e7e8e9eaf1f2f3f4f5f6f7f8f9faffc4001f0100030101010101010101010000000000000102030405060708090a0bffc400b51100020102040403040705040400010277000102031104052131061241510761711322328108144291a1b1c109233352f0156272d10a162434e125f11718191a262728292a35363738393a434445464748494a535455565758595a636465666768696a737475767778797a82838485868788898a92939495969798999aa2a3a4a5a6a7a8a9aab2b3b4b5b6b7b8b9bac2c3c4c5c6c7c8c9cad2d3d4d5d6d7d8d9dae2e3e4e5e6e7e8e9eaf2f3f4f5f6f7f8f9faffda000e040100021103110400003f00f9fe8a28a00f9fe8a28a28a28a0028a28a28a28a0028a28a28a28a0028a28a28a28a0028a28a28a28a0028a28a28a28a0028a28a28a28a0028a28a28a28a0028a28a28a28a0028a28a28a28a0028a28a28a28a0028a28a28a28a0028a28a28a28a0028a28a28a28a0028a28a28a28a0028a28a28a28a0028a28a28a28a0028a28a28a28a0028a28a28a28a0028a28a28a28a0028a28a28a28a0028a28a28a28a0028a28a28a28a0028a28a28a28a0028a28a28a28a0028a28a28a28a0028a28a28a28a0028a28a28a28a0028a28a28a28a0028a28a28a28a0028a28a28a28a0028a28a28a28a0028a28a28a28a0028a28a28a28a0028a28a28a28a0028a28a28a28a0028a28a28a28a0028a28a28a28a0028a28a28a28a0028a28a28a28a0028a28a28a28a0028a28a28a28a0028a28a28a28a0028a28a28a28a0028a28a28a28a0028a28a28a28a0028a28a28a28a0028a28a28a28a0028a28a28a28a0028a28a28a28a0028a28a28a28a0028a28a28a28a0028a28a28a28a0028a28a28a28a0028a28a28a28a0028a28a28a28a0028a28a28a28a0028a28a28a28a0028a28a28a28a0028a28a28a28a0028a28a28a28a0028a28a28a28a0028a28a28a28a0028a28a28a28a0028a28a28a28a0028a28a28a28a0028a28a28a28a0028a28a28a28a0028a28a28a28a0028a28a28a28a0028a28a28a28a0028a28a28a28a0028a28a28a28a0028a28a28a28a0028a28a28a28a0028a28a28a28a0028a28a28a28a0028a28a28a28a0028a28a28a28a0028a28a28a28a0028a28a28a28a0028a28a28a28a0028a28a28a28a0028a28a28a28a0028a28a28a28a0028a28a28a28a0028a28a28a28a0028a28a28a28a0028a28a28a28a0028a28a28a28a0028a28a28a28a0028a28a28a28a0028a28a28a28a0028a28a28a28a0028a28a28a28a0028a28a28a28a0028a28a28a28a0028a28a28a28a0028a28a28a28a0028a28a28a28a0028a28a28a28a0028a28a28a28a0028a28a28a28a0028a28a28a28a0028a28a28a28a0028a28a28a28a0028a28a28a28a0028a28a28a28a0028a28a28a28a0028a28a28a28a0028a28a28a28a0028a28a28a28a0028a28a28a28a0028a28a28a28a0028a28a28a28a0028a28a28a28a0028a28a28a28a0028a28a28a28a0028a28a28a28a0028a28a28a28a0028a28a28a28a0028a28a28a28a0028a28a28a28a0028a28a28a28a0028a28a28a28a0028a28a28a28a0028a28a28a28a0028a28a28a28a0028a28a28a28a0028a28a28a28a0028a28a28a28a0028a28a28a28a0028a28a28a28a0028a28a28a28a0028a28a28a28a0028a28a28a28a0028a28a28a28a0028a28a28a28a0028a28a28a28a0028a28a28a28a0028a28a28a28a0028a28a28a28a0028a28a28a28a0028a28a28a28a0028a28a28a28a0028a28a28a28a0028a28a28a28a0028a28a28a28a0028a28a28a28a0028a28a28a28a0028a28a28a28a0028a28a28a28a0028a28a28a28a0028a28a28a28a0028a28a28a28a0028a28a28a28a0028a28a28a28a0028a28a28a28a0028a28a28a28a0028a28a28a28a0028a28a28a28a0028a28a28a28a0028a28a28a28a0028a28a28a28a0028a28a28a28a0028a28a28a28a0028a28a28a28a0028a28a28a28a0028a28affd9', 'name 78', 'www.ya.ru');
                        insert into clicks (bannerid, counting) values (1000078, 22);
                        insert into shows (bannerid, counting) values (1000078, 178);
                        insert into banner (id, content, name, ref) values (1000079, X'01ffd8ffdb004300080606070605080707070909080a0c140d0c0b0b0c1912130f141d1a1f1e1d1a1c1c20242e2720222c231c1c2837292c30313434341f27393d38323c2e333432ffdb0043010909090c0b0c180d0d1832211c213232323232323232323232323232323232323232323232323232323232323232323232323232323232323232323232323232ffc000140800c800c804012200021101031101042200ffc4001f0000010501010101010100000000000000000102030405060708090a0bffc400b5100002010303020403050504040000017d01020300041105122131410613516107227114328191a1082342b1c11552d1f02433627282090a161718191a25262728292a3435363738393a434445464748494a535455565758595a636465666768696a737475767778797a838485868788898a92939495969798999aa2a3a4a5a6a7a8a9aab2b3b4b5b6b7b8b9bac2c3c4c5c6c7c8c9cad2d3d4d5d6d7d8d9dae1e2e3e4e5e6e7e8e9eaf1f2f3f4f5f6f7f8f9faffc4001f0100030101010101010101010000000000000102030405060708090a0bffc400b51100020102040403040705040400010277000102031104052131061241510761711322328108144291a1b1c109233352f0156272d10a162434e125f11718191a262728292a35363738393a434445464748494a535455565758595a636465666768696a737475767778797a82838485868788898a92939495969798999aa2a3a4a5a6a7a8a9aab2b3b4b5b6b7b8b9bac2c3c4c5c6c7c8c9cad2d3d4d5d6d7d8d9dae2e3e4e5e6e7e8e9eaf2f3f4f5f6f7f8f9faffda000e040100021103110400003f00f9fe8a28a00f9fe8a28a28a28a0028a28a28a28a0028a28a28a28a0028a28a28a28a0028a28a28a28a0028a28a28a28a0028a28a28a28a0028a28a28a28a0028a28a28a28a0028a28a28a28a0028a28a28a28a0028a28a28a28a0028a28a28a28a0028a28a28a28a0028a28a28a28a0028a28a28a28a0028a28a28a28a0028a28a28a28a0028a28a28a28a0028a28a28a28a0028a28a28a28a0028a28a28a28a0028a28a28a28a0028a28a28a28a0028a28a28a28a0028a28a28a28a0028a28a28a28a0028a28a28a28a0028a28a28a28a0028a28a28a28a0028a28a28a28a0028a28a28a28a0028a28a28a28a0028a28a28a28a0028a28a28a28a0028a28a28a28a0028a28a28a28a0028a28a28a28a0028a28a28a28a0028a28a28a28a0028a28a28a28a0028a28a28a28a0028a28a28a28a0028a28a28a28a0028a28a28a28a0028a28a28a28a0028a28a28a28a0028a28a28a28a0028a28a28a28a0028a28a28a28a0028a28a28a28a0028a28a28a28a0028a28a28a28a0028a28a28a28a0028a28a28a28a0028a28a28a28a0028a28a28a28a0028a28a28a28a0028a28a28a28a0028a28a28a28a0028a28a28a28a0028a28a28a28a0028a28a28a28a0028a28a28a28a0028a28a28a28a0028a28a28a28a0028a28a28a28a0028a28a28a28a0028a28a28a28a0028a28a28a28a0028a28a28a28a0028a28a28a28a0028a28a28a28a0028a28a28a28a0028a28a28a28a0028a28a28a28a0028a28a28a28a0028a28a28a28a0028a28a28a28a0028a28a28a28a0028a28a28a28a0028a28a28a28a0028a28a28a28a0028a28a28a28a0028a28a28a28a0028a28a28a28a0028a28a28a28a0028a28a28a28a0028a28a28a28a0028a28a28a28a0028a28a28a28a0028a28a28a28a0028a28a28a28a0028a28a28a28a0028a28a28a28a0028a28a28a28a0028a28a28a28a0028a28a28a28a0028a28a28a28a0028a28a28a28a0028a28a28a28a0028a28a28a28a0028a28a28a28a0028a28a28a28a0028a28a28a28a0028a28a28a28a0028a28a28a28a0028a28a28a28a0028a28a28a28a0028a28a28a28a0028a28a28a28a0028a28a28a28a0028a28a28a28a0028a28a28a28a0028a28a28a28a0028a28a28a28a0028a28a28a28a0028a28a28a28a0028a28a28a28a0028a28a28a28a0028a28a28a28a0028a28a28a28a0028a28a28a28a0028a28a28a28a0028a28a28a28a0028a28a28a28a0028a28a28a28a0028a28a28a28a0028a28a28a28a0028a28a28a28a0028a28a28a28a0028a28a28a28a0028a28a28a28a0028a28a28a28a0028a28a28a28a0028a28a28a28a0028a28a28a28a0028a28a28a28a0028a28a28a28a0028a28a28a28a0028a28a28a28a0028a28a28a28a0028a28a28a28a0028a28a28a28a0028a28a28a28a0028a28a28a28a0028a28a28a28a0028a28a28a28a0028a28a28a28a0028a28a28a28a0028a28a28a28a0028a28a28a28a0028a28a28a28a0028a28a28a28a0028a28a28a28a0028a28a28a28a0028a28a28a28a0028a28a28a28a0028a28a28a28a0028a28a28a28a0028a28a28a28a0028a28a28a28a0028a28a28a28a0028a28a28a28a0028a28a28a28a0028a28a28a28a0028a28a28a28a0028a28a28a28a0028a28affd9', 'name 79', 'www.ya.ru');
                        insert into clicks (bannerid, counting) values (1000079, 21);
                        insert into shows (bannerid, counting) values (1000079, 179);
                        insert into banner (id, content, name, ref) values (1000080, X'01ffd8ffdb004300080606070605080707070909080a0c140d0c0b0b0c1912130f141d1a1f1e1d1a1c1c20242e2720222c231c1c2837292c30313434341f27393d38323c2e333432ffdb0043010909090c0b0c180d0d1832211c213232323232323232323232323232323232323232323232323232323232323232323232323232323232323232323232323232ffc000140800c800c804012200021101031101042200ffc4001f0000010501010101010100000000000000000102030405060708090a0bffc400b5100002010303020403050504040000017d01020300041105122131410613516107227114328191a1082342b1c11552d1f02433627282090a161718191a25262728292a3435363738393a434445464748494a535455565758595a636465666768696a737475767778797a838485868788898a92939495969798999aa2a3a4a5a6a7a8a9aab2b3b4b5b6b7b8b9bac2c3c4c5c6c7c8c9cad2d3d4d5d6d7d8d9dae1e2e3e4e5e6e7e8e9eaf1f2f3f4f5f6f7f8f9faffc4001f0100030101010101010101010000000000000102030405060708090a0bffc400b51100020102040403040705040400010277000102031104052131061241510761711322328108144291a1b1c109233352f0156272d10a162434e125f11718191a262728292a35363738393a434445464748494a535455565758595a636465666768696a737475767778797a82838485868788898a92939495969798999aa2a3a4a5a6a7a8a9aab2b3b4b5b6b7b8b9bac2c3c4c5c6c7c8c9cad2d3d4d5d6d7d8d9dae2e3e4e5e6e7e8e9eaf2f3f4f5f6f7f8f9faffda000e040100021103110400003f00f9fe8a28a00f9fe8a28a28a28a0028a28a28a28a0028a28a28a28a0028a28a28a28a0028a28a28a28a0028a28a28a28a0028a28a28a28a0028a28a28a28a0028a28a28a28a0028a28a28a28a0028a28a28a28a0028a28a28a28a0028a28a28a28a0028a28a28a28a0028a28a28a28a0028a28a28a28a0028a28a28a28a0028a28a28a28a0028a28a28a28a0028a28a28a28a0028a28a28a28a0028a28a28a28a0028a28a28a28a0028a28a28a28a0028a28a28a28a0028a28a28a28a0028a28a28a28a0028a28a28a28a0028a28a28a28a0028a28a28a28a0028a28a28a28a0028a28a28a28a0028a28a28a28a0028a28a28a28a0028a28a28a28a0028a28a28a28a0028a28a28a28a0028a28a28a28a0028a28a28a28a0028a28a28a28a0028a28a28a28a0028a28a28a28a0028a28a28a28a0028a28a28a28a0028a28a28a28a0028a28a28a28a0028a28a28a28a0028a28a28a28a0028a28a28a28a0028a28a28a28a0028a28a28a28a0028a28a28a28a0028a28a28a28a0028a28a28a28a0028a28a28a28a0028a28a28a28a0028a28a28a28a0028a28a28a28a0028a28a28a28a0028a28a28a28a0028a28a28a28a0028a28a28a28a0028a28a28a28a0028a28a28a28a0028a28a28a28a0028a28a28a28a0028a28a28a28a0028a28a28a28a0028a28a28a28a0028a28a28a28a0028a28a28a28a0028a28a28a28a0028a28a28a28a0028a28a28a28a0028a28a28a28a0028a28a28a28a0028a28a28a28a0028a28a28a28a0028a28a28a28a0028a28a28a28a0028a28a28a28a0028a28a28a28a0028a28a28a28a0028a28a28a28a0028a28a28a28a0028a28a28a28a0028a28a28a28a0028a28a28a28a0028a28a28a28a0028a28a28a28a0028a28a28a28a0028a28a28a28a0028a28a28a28a0028a28a28a28a0028a28a28a28a0028a28a28a28a0028a28a28a28a0028a28a28a28a0028a28a28a28a0028a28a28a28a0028a28a28a28a0028a28a28a28a0028a28a28a28a0028a28a28a28a0028a28a28a28a0028a28a28a28a0028a28a28a28a0028a28a28a28a0028a28a28a28a0028a28a28a28a0028a28a28a28a0028a28a28a28a0028a28a28a28a0028a28a28a28a0028a28a28a28a0028a28a28a28a0028a28a28a28a0028a28a28a28a0028a28a28a28a0028a28a28a28a0028a28a28a28a0028a28a28a28a0028a28a28a28a0028a28a28a28a0028a28a28a28a0028a28a28a28a0028a28a28a28a0028a28a28a28a0028a28a28a28a0028a28a28a28a0028a28a28a28a0028a28a28a28a0028a28a28a28a0028a28a28a28a0028a28a28a28a0028a28a28a28a0028a28a28a28a0028a28a28a28a0028a28a28a28a0028a28a28a28a0028a28a28a28a0028a28a28a28a0028a28a28a28a0028a28a28a28a0028a28a28a28a0028a28a28a28a0028a28a28a28a0028a28a28a28a0028a28a28a28a0028a28a28a28a0028a28a28a28a0028a28a28a28a0028a28a28a28a0028a28a28a28a0028a28a28a28a0028a28a28a28a0028a28a28a28a0028a28a28a28a0028a28a28a28a0028a28a28a28a0028a28a28a28a0028a28a28a28a0028a28a28a28a0028a28a28a28a0028a28a28a28a0028a28a28a28a0028a28a28a28a0028a28a28a28a0028a28affd9', 'name 80', 'www.ya.ru');
                        insert into clicks (bannerid, counting) values (1000080, 20);
                        insert into shows (bannerid, counting) values (1000080, 180);
                        insert into banner (id, content, name, ref) values (1000081, X'01ffd8ffdb004300080606070605080707070909080a0c140d0c0b0b0c1912130f141d1a1f1e1d1a1c1c20242e2720222c231c1c2837292c30313434341f27393d38323c2e333432ffdb0043010909090c0b0c180d0d1832211c213232323232323232323232323232323232323232323232323232323232323232323232323232323232323232323232323232ffc000140800c800c804012200021101031101042200ffc4001f0000010501010101010100000000000000000102030405060708090a0bffc400b5100002010303020403050504040000017d01020300041105122131410613516107227114328191a1082342b1c11552d1f02433627282090a161718191a25262728292a3435363738393a434445464748494a535455565758595a636465666768696a737475767778797a838485868788898a92939495969798999aa2a3a4a5a6a7a8a9aab2b3b4b5b6b7b8b9bac2c3c4c5c6c7c8c9cad2d3d4d5d6d7d8d9dae1e2e3e4e5e6e7e8e9eaf1f2f3f4f5f6f7f8f9faffc4001f0100030101010101010101010000000000000102030405060708090a0bffc400b51100020102040403040705040400010277000102031104052131061241510761711322328108144291a1b1c109233352f0156272d10a162434e125f11718191a262728292a35363738393a434445464748494a535455565758595a636465666768696a737475767778797a82838485868788898a92939495969798999aa2a3a4a5a6a7a8a9aab2b3b4b5b6b7b8b9bac2c3c4c5c6c7c8c9cad2d3d4d5d6d7d8d9dae2e3e4e5e6e7e8e9eaf2f3f4f5f6f7f8f9faffda000e040100021103110400003f00f9fe8a28a00f9fe8a28a28a28a0028a28a28a28a0028a28a28a28a0028a28a28a28a0028a28a28a28a0028a28a28a28a0028a28a28a28a0028a28a28a28a0028a28a28a28a0028a28a28a28a0028a28a28a28a0028a28a28a28a0028a28a28a28a0028a28a28a28a0028a28a28a28a0028a28a28a28a0028a28a28a28a0028a28a28a28a0028a28a28a28a0028a28a28a28a0028a28a28a28a0028a28a28a28a0028a28a28a28a0028a28a28a28a0028a28a28a28a0028a28a28a28a0028a28a28a28a0028a28a28a28a0028a28a28a28a0028a28a28a28a0028a28a28a28a0028a28a28a28a0028a28a28a28a0028a28a28a28a0028a28a28a28a0028a28a28a28a0028a28a28a28a0028a28a28a28a0028a28a28a28a0028a28a28a28a0028a28a28a28a0028a28a28a28a0028a28a28a28a0028a28a28a28a0028a28a28a28a0028a28a28a28a0028a28a28a28a0028a28a28a28a0028a28a28a28a0028a28a28a28a0028a28a28a28a0028a28a28a28a0028a28a28a28a0028a28a28a28a0028a28a28a28a0028a28a28a28a0028a28a28a28a0028a28a28a28a0028a28a28a28a0028a28a28a28a0028a28a28a28a0028a28a28a28a0028a28a28a28a0028a28a28a28a0028a28a28a28a0028a28a28a28a0028a28a28a28a0028a28a28a28a0028a28a28a28a0028a28a28a28a0028a28a28a28a0028a28a28a28a0028a28a28a28a0028a28a28a28a0028a28a28a28a0028a28a28a28a0028a28a28a28a0028a28a28a28a0028a28a28a28a0028a28a28a28a0028a28a28a28a0028a28a28a28a0028a28a28a28a0028a28a28a28a0028a28a28a28a0028a28a28a28a0028a28a28a28a0028a28a28a28a0028a28a28a28a0028a28a28a28a0028a28a28a28a0028a28a28a28a0028a28a28a28a0028a28a28a28a0028a28a28a28a0028a28a28a28a0028a28a28a28a0028a28a28a28a0028a28a28a28a0028a28a28a28a0028a28a28a28a0028a28a28a28a0028a28a28a28a0028a28a28a28a0028a28a28a28a0028a28a28a28a0028a28a28a28a0028a28a28a28a0028a28a28a28a0028a28a28a28a0028a28a28a28a0028a28a28a28a0028a28a28a28a0028a28a28a28a0028a28a28a28a0028a28a28a28a0028a28a28a28a0028a28a28a28a0028a28a28a28a0028a28a28a28a0028a28a28a28a0028a28a28a28a0028a28a28a28a0028a28a28a28a0028a28a28a28a0028a28a28a28a0028a28a28a28a0028a28a28a28a0028a28a28a28a0028a28a28a28a0028a28a28a28a0028a28a28a28a0028a28a28a28a0028a28a28a28a0028a28a28a28a0028a28a28a28a0028a28a28a28a0028a28a28a28a0028a28a28a28a0028a28a28a28a0028a28a28a28a0028a28a28a28a0028a28a28a28a0028a28a28a28a0028a28a28a28a0028a28a28a28a0028a28a28a28a0028a28a28a28a0028a28a28a28a0028a28a28a28a0028a28a28a28a0028a28a28a28a0028a28a28a28a0028a28a28a28a0028a28a28a28a0028a28a28a28a0028a28a28a28a0028a28a28a28a0028a28a28a28a0028a28a28a28a0028a28a28a28a0028a28a28a28a0028a28a28a28a0028a28a28a28a0028a28a28a28a0028a28a28a28a0028a28a28a28a0028a28a28a28a0028a28affd9', 'name 81', 'www.ya.ru');
                        insert into clicks (bannerid, counting) values (1000081, 19);
                        insert into shows (bannerid, counting) values (1000081, 181);
                        insert into banner (id, content, name, ref) values (1000082, X'01ffd8ffdb004300080606070605080707070909080a0c140d0c0b0b0c1912130f141d1a1f1e1d1a1c1c20242e2720222c231c1c2837292c30313434341f27393d38323c2e333432ffdb0043010909090c0b0c180d0d1832211c213232323232323232323232323232323232323232323232323232323232323232323232323232323232323232323232323232ffc000140800c800c804012200021101031101042200ffc4001f0000010501010101010100000000000000000102030405060708090a0bffc400b5100002010303020403050504040000017d01020300041105122131410613516107227114328191a1082342b1c11552d1f02433627282090a161718191a25262728292a3435363738393a434445464748494a535455565758595a636465666768696a737475767778797a838485868788898a92939495969798999aa2a3a4a5a6a7a8a9aab2b3b4b5b6b7b8b9bac2c3c4c5c6c7c8c9cad2d3d4d5d6d7d8d9dae1e2e3e4e5e6e7e8e9eaf1f2f3f4f5f6f7f8f9faffc4001f0100030101010101010101010000000000000102030405060708090a0bffc400b51100020102040403040705040400010277000102031104052131061241510761711322328108144291a1b1c109233352f0156272d10a162434e125f11718191a262728292a35363738393a434445464748494a535455565758595a636465666768696a737475767778797a82838485868788898a92939495969798999aa2a3a4a5a6a7a8a9aab2b3b4b5b6b7b8b9bac2c3c4c5c6c7c8c9cad2d3d4d5d6d7d8d9dae2e3e4e5e6e7e8e9eaf2f3f4f5f6f7f8f9faffda000e040100021103110400003f00f9fe8a28a00f9fe8a28a28a28a0028a28a28a28a0028a28a28a28a0028a28a28a28a0028a28a28a28a0028a28a28a28a0028a28a28a28a0028a28a28a28a0028a28a28a28a0028a28a28a28a0028a28a28a28a0028a28a28a28a0028a28a28a28a0028a28a28a28a0028a28a28a28a0028a28a28a28a0028a28a28a28a0028a28a28a28a0028a28a28a28a0028a28a28a28a0028a28a28a28a0028a28a28a28a0028a28a28a28a0028a28a28a28a0028a28a28a28a0028a28a28a28a0028a28a28a28a0028a28a28a28a0028a28a28a28a0028a28a28a28a0028a28a28a28a0028a28a28a28a0028a28a28a28a0028a28a28a28a0028a28a28a28a0028a28a28a28a0028a28a28a28a0028a28a28a28a0028a28a28a28a0028a28a28a28a0028a28a28a28a0028a28a28a28a0028a28a28a28a0028a28a28a28a0028a28a28a28a0028a28a28a28a0028a28a28a28a0028a28a28a28a0028a28a28a28a0028a28a28a28a0028a28a28a28a0028a28a28a28a0028a28a28a28a0028a28a28a28a0028a28a28a28a0028a28a28a28a0028a28a28a28a0028a28a28a28a0028a28a28a28a0028a28a28a28a0028a28a28a28a0028a28a28a28a0028a28a28a28a0028a28a28a28a0028a28a28a28a0028a28a28a28a0028a28a28a28a0028a28a28a28a0028a28a28a28a0028a28a28a28a0028a28a28a28a0028a28a28a28a0028a28a28a28a0028a28a28a28a0028a28a28a28a0028a28a28a28a0028a28a28a28a0028a28a28a28a0028a28a28a28a0028a28a28a28a0028a28a28a28a0028a28a28a28a0028a28a28a28a0028a28a28a28a0028a28a28a28a0028a28a28a28a0028a28a28a28a0028a28a28a28a0028a28a28a28a0028a28a28a28a0028a28a28a28a0028a28a28a28a0028a28a28a28a0028a28a28a28a0028a28a28a28a0028a28a28a28a0028a28a28a28a0028a28a28a28a0028a28a28a28a0028a28a28a28a0028a28a28a28a0028a28a28a28a0028a28a28a28a0028a28a28a28a0028a28a28a28a0028a28a28a28a0028a28a28a28a0028a28a28a28a0028a28a28a28a0028a28a28a28a0028a28a28a28a0028a28a28a28a0028a28a28a28a0028a28a28a28a0028a28a28a28a0028a28a28a28a0028a28a28a28a0028a28a28a28a0028a28a28a28a0028a28a28a28a0028a28a28a28a0028a28a28a28a0028a28a28a28a0028a28a28a28a0028a28a28a28a0028a28a28a28a0028a28a28a28a0028a28a28a28a0028a28a28a28a0028a28a28a28a0028a28a28a28a0028a28a28a28a0028a28a28a28a0028a28a28a28a0028a28a28a28a0028a28a28a28a0028a28a28a28a0028a28a28a28a0028a28a28a28a0028a28a28a28a0028a28a28a28a0028a28a28a28a0028a28a28a28a0028a28a28a28a0028a28a28a28a0028a28a28a28a0028a28a28a28a0028a28a28a28a0028a28a28a28a0028a28a28a28a0028a28a28a28a0028a28a28a28a0028a28a28a28a0028a28a28a28a0028a28a28a28a0028a28a28a28a0028a28a28a28a0028a28a28a28a0028a28a28a28a0028a28a28a28a0028a28a28a28a0028a28a28a28a0028a28a28a28a0028a28a28a28a0028a28a28a28a0028a28a28a28a0028a28a28a28a0028a28a28a28a0028a28affd9', 'name 82', 'www.ya.ru');
                        insert into clicks (bannerid, counting) values (1000082, 18);
                        insert into shows (bannerid, counting) values (1000082, 182);
                        insert into banner (id, content, name, ref) values (1000083, X'01ffd8ffdb004300080606070605080707070909080a0c140d0c0b0b0c1912130f141d1a1f1e1d1a1c1c20242e2720222c231c1c2837292c30313434341f27393d38323c2e333432ffdb0043010909090c0b0c180d0d1832211c213232323232323232323232323232323232323232323232323232323232323232323232323232323232323232323232323232ffc000140800c800c804012200021101031101042200ffc4001f0000010501010101010100000000000000000102030405060708090a0bffc400b5100002010303020403050504040000017d01020300041105122131410613516107227114328191a1082342b1c11552d1f02433627282090a161718191a25262728292a3435363738393a434445464748494a535455565758595a636465666768696a737475767778797a838485868788898a92939495969798999aa2a3a4a5a6a7a8a9aab2b3b4b5b6b7b8b9bac2c3c4c5c6c7c8c9cad2d3d4d5d6d7d8d9dae1e2e3e4e5e6e7e8e9eaf1f2f3f4f5f6f7f8f9faffc4001f0100030101010101010101010000000000000102030405060708090a0bffc400b51100020102040403040705040400010277000102031104052131061241510761711322328108144291a1b1c109233352f0156272d10a162434e125f11718191a262728292a35363738393a434445464748494a535455565758595a636465666768696a737475767778797a82838485868788898a92939495969798999aa2a3a4a5a6a7a8a9aab2b3b4b5b6b7b8b9bac2c3c4c5c6c7c8c9cad2d3d4d5d6d7d8d9dae2e3e4e5e6e7e8e9eaf2f3f4f5f6f7f8f9faffda000e040100021103110400003f00f9fe8a28a00f9fe8a28a28a28a0028a28a28a28a0028a28a28a28a0028a28a28a28a0028a28a28a28a0028a28a28a28a0028a28a28a28a0028a28a28a28a0028a28a28a28a0028a28a28a28a0028a28a28a28a0028a28a28a28a0028a28a28a28a0028a28a28a28a0028a28a28a28a0028a28a28a28a0028a28a28a28a0028a28a28a28a0028a28a28a28a0028a28a28a28a0028a28a28a28a0028a28a28a28a0028a28a28a28a0028a28a28a28a0028a28a28a28a0028a28a28a28a0028a28a28a28a0028a28a28a28a0028a28a28a28a0028a28a28a28a0028a28a28a28a0028a28a28a28a0028a28a28a28a0028a28a28a28a0028a28a28a28a0028a28a28a28a0028a28a28a28a0028a28a28a28a0028a28a28a28a0028a28a28a28a0028a28a28a28a0028a28a28a28a0028a28a28a28a0028a28a28a28a0028a28a28a28a0028a28a28a28a0028a28a28a28a0028a28a28a28a0028a28a28a28a0028a28a28a28a0028a28a28a28a0028a28a28a28a0028a28a28a28a0028a28a28a28a0028a28a28a28a0028a28a28a28a0028a28a28a28a0028a28a28a28a0028a28a28a28a0028a28a28a28a0028a28a28a28a0028a28a28a28a0028a28a28a28a0028a28a28a28a0028a28a28a28a0028a28a28a28a0028a28a28a28a0028a28a28a28a0028a28a28a28a0028a28a28a28a0028a28a28a28a0028a28a28a28a0028a28a28a28a0028a28a28a28a0028a28a28a28a0028a28a28a28a0028a28a28a28a0028a28a28a28a0028a28a28a28a0028a28a28a28a0028a28a28a28a0028a28a28a28a0028a28a28a28a0028a28a28a28a0028a28a28a28a0028a28a28a28a0028a28a28a28a0028a28a28a28a0028a28a28a28a0028a28a28a28a0028a28a28a28a0028a28a28a28a0028a28a28a28a0028a28a28a28a0028a28a28a28a0028a28a28a28a0028a28a28a28a0028a28a28a28a0028a28a28a28a0028a28a28a28a0028a28a28a28a0028a28a28a28a0028a28a28a28a0028a28a28a28a0028a28a28a28a0028a28a28a28a0028a28a28a28a0028a28a28a28a0028a28a28a28a0028a28a28a28a0028a28a28a28a0028a28a28a28a0028a28a28a28a0028a28a28a28a0028a28a28a28a0028a28a28a28a0028a28a28a28a0028a28a28a28a0028a28a28a28a0028a28a28a28a0028a28a28a28a0028a28a28a28a0028a28a28a28a0028a28a28a28a0028a28a28a28a0028a28a28a28a0028a28a28a28a0028a28a28a28a0028a28a28a28a0028a28a28a28a0028a28a28a28a0028a28a28a28a0028a28a28a28a0028a28a28a28a0028a28a28a28a0028a28a28a28a0028a28a28a28a0028a28a28a28a0028a28a28a28a0028a28a28a28a0028a28a28a28a0028a28a28a28a0028a28a28a28a0028a28a28a28a0028a28a28a28a0028a28a28a28a0028a28a28a28a0028a28a28a28a0028a28a28a28a0028a28a28a28a0028a28a28a28a0028a28a28a28a0028a28a28a28a0028a28a28a28a0028a28a28a28a0028a28a28a28a0028a28a28a28a0028a28a28a28a0028a28a28a28a0028a28a28a28a0028a28a28a28a0028a28a28a28a0028a28a28a28a0028a28a28a28a0028a28a28a28a0028a28a28a28a0028a28a28a28a0028a28a28a28a0028a28affd9', 'name 83', 'www.ya.ru');
                        insert into clicks (bannerid, counting) values (1000083, 17);
                        insert into shows (bannerid, counting) values (1000083, 183);
                        insert into banner (id, content, name, ref) values (1000084, X'01ffd8ffdb004300080606070605080707070909080a0c140d0c0b0b0c1912130f141d1a1f1e1d1a1c1c20242e2720222c231c1c2837292c30313434341f27393d38323c2e333432ffdb0043010909090c0b0c180d0d1832211c213232323232323232323232323232323232323232323232323232323232323232323232323232323232323232323232323232ffc000140800c800c804012200021101031101042200ffc4001f0000010501010101010100000000000000000102030405060708090a0bffc400b5100002010303020403050504040000017d01020300041105122131410613516107227114328191a1082342b1c11552d1f02433627282090a161718191a25262728292a3435363738393a434445464748494a535455565758595a636465666768696a737475767778797a838485868788898a92939495969798999aa2a3a4a5a6a7a8a9aab2b3b4b5b6b7b8b9bac2c3c4c5c6c7c8c9cad2d3d4d5d6d7d8d9dae1e2e3e4e5e6e7e8e9eaf1f2f3f4f5f6f7f8f9faffc4001f0100030101010101010101010000000000000102030405060708090a0bffc400b51100020102040403040705040400010277000102031104052131061241510761711322328108144291a1b1c109233352f0156272d10a162434e125f11718191a262728292a35363738393a434445464748494a535455565758595a636465666768696a737475767778797a82838485868788898a92939495969798999aa2a3a4a5a6a7a8a9aab2b3b4b5b6b7b8b9bac2c3c4c5c6c7c8c9cad2d3d4d5d6d7d8d9dae2e3e4e5e6e7e8e9eaf2f3f4f5f6f7f8f9faffda000e040100021103110400003f00f9fe8a28a00f9fe8a28a28a28a0028a28a28a28a0028a28a28a28a0028a28a28a28a0028a28a28a28a0028a28a28a28a0028a28a28a28a0028a28a28a28a0028a28a28a28a0028a28a28a28a0028a28a28a28a0028a28a28a28a0028a28a28a28a0028a28a28a28a0028a28a28a28a0028a28a28a28a0028a28a28a28a0028a28a28a28a0028a28a28a28a0028a28a28a28a0028a28a28a28a0028a28a28a28a0028a28a28a28a0028a28a28a28a0028a28a28a28a0028a28a28a28a0028a28a28a28a0028a28a28a28a0028a28a28a28a0028a28a28a28a0028a28a28a28a0028a28a28a28a0028a28a28a28a0028a28a28a28a0028a28a28a28a0028a28a28a28a0028a28a28a28a0028a28a28a28a0028a28a28a28a0028a28a28a28a0028a28a28a28a0028a28a28a28a0028a28a28a28a0028a28a28a28a0028a28a28a28a0028a28a28a28a0028a28a28a28a0028a28a28a28a0028a28a28a28a0028a28a28a28a0028a28a28a28a0028a28a28a28a0028a28a28a28a0028a28a28a28a0028a28a28a28a0028a28a28a28a0028a28a28a28a0028a28a28a28a0028a28a28a28a0028a28a28a28a0028a28a28a28a0028a28a28a28a0028a28a28a28a0028a28a28a28a0028a28a28a28a0028a28a28a28a0028a28a28a28a0028a28a28a28a0028a28a28a28a0028a28a28a28a0028a28a28a28a0028a28a28a28a0028a28a28a28a0028a28a28a28a0028a28a28a28a0028a28a28a28a0028a28a28a28a0028a28a28a28a0028a28a28a28a0028a28a28a28a0028a28a28a28a0028a28a28a28a0028a28a28a28a0028a28a28a28a0028a28a28a28a0028a28a28a28a0028a28a28a28a0028a28a28a28a0028a28a28a28a0028a28a28a28a0028a28a28a28a0028a28a28a28a0028a28a28a28a0028a28a28a28a0028a28a28a28a0028a28a28a28a0028a28a28a28a0028a28a28a28a0028a28a28a28a0028a28a28a28a0028a28a28a28a0028a28a28a28a0028a28a28a28a0028a28a28a28a0028a28a28a28a0028a28a28a28a0028a28a28a28a0028a28a28a28a0028a28a28a28a0028a28a28a28a0028a28a28a28a0028a28a28a28a0028a28a28a28a0028a28a28a28a0028a28a28a28a0028a28a28a28a0028a28a28a28a0028a28a28a28a0028a28a28a28a0028a28a28a28a0028a28a28a28a0028a28a28a28a0028a28a28a28a0028a28a28a28a0028a28a28a28a0028a28a28a28a0028a28a28a28a0028a28a28a28a0028a28a28a28a0028a28a28a28a0028a28a28a28a0028a28a28a28a0028a28a28a28a0028a28a28a28a0028a28a28a28a0028a28a28a28a0028a28a28a28a0028a28a28a28a0028a28a28a28a0028a28a28a28a0028a28a28a28a0028a28a28a28a0028a28a28a28a0028a28a28a28a0028a28a28a28a0028a28a28a28a0028a28a28a28a0028a28a28a28a0028a28a28a28a0028a28a28a28a0028a28a28a28a0028a28a28a28a0028a28a28a28a0028a28a28a28a0028a28a28a28a0028a28a28a28a0028a28a28a28a0028a28a28a28a0028a28a28a28a0028a28a28a28a0028a28a28a28a0028a28a28a28a0028a28a28a28a0028a28a28a28a0028a28a28a28a0028a28a28a28a0028a28a28a28a0028a28a28a28a0028a28affd9', 'name 84', 'www.ya.ru');
                        insert into clicks (bannerid, counting) values (1000084, 16);
                        insert into shows (bannerid, counting) values (1000084, 184);
                        insert into banner (id, content, name, ref) values (1000085, X'01ffd8ffdb004300080606070605080707070909080a0c140d0c0b0b0c1912130f141d1a1f1e1d1a1c1c20242e2720222c231c1c2837292c30313434341f27393d38323c2e333432ffdb0043010909090c0b0c180d0d1832211c213232323232323232323232323232323232323232323232323232323232323232323232323232323232323232323232323232ffc000140800c800c804012200021101031101042200ffc4001f0000010501010101010100000000000000000102030405060708090a0bffc400b5100002010303020403050504040000017d01020300041105122131410613516107227114328191a1082342b1c11552d1f02433627282090a161718191a25262728292a3435363738393a434445464748494a535455565758595a636465666768696a737475767778797a838485868788898a92939495969798999aa2a3a4a5a6a7a8a9aab2b3b4b5b6b7b8b9bac2c3c4c5c6c7c8c9cad2d3d4d5d6d7d8d9dae1e2e3e4e5e6e7e8e9eaf1f2f3f4f5f6f7f8f9faffc4001f0100030101010101010101010000000000000102030405060708090a0bffc400b51100020102040403040705040400010277000102031104052131061241510761711322328108144291a1b1c109233352f0156272d10a162434e125f11718191a262728292a35363738393a434445464748494a535455565758595a636465666768696a737475767778797a82838485868788898a92939495969798999aa2a3a4a5a6a7a8a9aab2b3b4b5b6b7b8b9bac2c3c4c5c6c7c8c9cad2d3d4d5d6d7d8d9dae2e3e4e5e6e7e8e9eaf2f3f4f5f6f7f8f9faffda000e040100021103110400003f00f9fe8a28a00f9fe8a28a28a28a0028a28a28a28a0028a28a28a28a0028a28a28a28a0028a28a28a28a0028a28a28a28a0028a28a28a28a0028a28a28a28a0028a28a28a28a0028a28a28a28a0028a28a28a28a0028a28a28a28a0028a28a28a28a0028a28a28a28a0028a28a28a28a0028a28a28a28a0028a28a28a28a0028a28a28a28a0028a28a28a28a0028a28a28a28a0028a28a28a28a0028a28a28a28a0028a28a28a28a0028a28a28a28a0028a28a28a28a0028a28a28a28a0028a28a28a28a0028a28a28a28a0028a28a28a28a0028a28a28a28a0028a28a28a28a0028a28a28a28a0028a28a28a28a0028a28a28a28a0028a28a28a28a0028a28a28a28a0028a28a28a28a0028a28a28a28a0028a28a28a28a0028a28a28a28a0028a28a28a28a0028a28a28a28a0028a28a28a28a0028a28a28a28a0028a28a28a28a0028a28a28a28a0028a28a28a28a0028a28a28a28a0028a28a28a28a0028a28a28a28a0028a28a28a28a0028a28a28a28a0028a28a28a28a0028a28a28a28a0028a28a28a28a0028a28a28a28a0028a28a28a28a0028a28a28a28a0028a28a28a28a0028a28a28a28a0028a28a28a28a0028a28a28a28a0028a28a28a28a0028a28a28a28a0028a28a28a28a0028a28a28a28a0028a28a28a28a0028a28a28a28a0028a28a28a28a0028a28a28a28a0028a28a28a28a0028a28a28a28a0028a28a28a28a0028a28a28a28a0028a28a28a28a0028a28a28a28a0028a28a28a28a0028a28a28a28a0028a28a28a28a0028a28a28a28a0028a28a28a28a0028a28a28a28a0028a28a28a28a0028a28a28a28a0028a28a28a28a0028a28a28a28a0028a28a28a28a0028a28a28a28a0028a28a28a28a0028a28a28a28a0028a28a28a28a0028a28a28a28a0028a28a28a28a0028a28a28a28a0028a28a28a28a0028a28a28a28a0028a28a28a28a0028a28a28a28a0028a28a28a28a0028a28a28a28a0028a28a28a28a0028a28a28a28a0028a28a28a28a0028a28a28a28a0028a28a28a28a0028a28a28a28a0028a28a28a28a0028a28a28a28a0028a28a28a28a0028a28a28a28a0028a28a28a28a0028a28a28a28a0028a28a28a28a0028a28a28a28a0028a28a28a28a0028a28a28a28a0028a28a28a28a0028a28a28a28a0028a28a28a28a0028a28a28a28a0028a28a28a28a0028a28a28a28a0028a28a28a28a0028a28a28a28a0028a28a28a28a0028a28a28a28a0028a28a28a28a0028a28a28a28a0028a28a28a28a0028a28a28a28a0028a28a28a28a0028a28a28a28a0028a28a28a28a0028a28a28a28a0028a28a28a28a0028a28a28a28a0028a28a28a28a0028a28a28a28a0028a28a28a28a0028a28a28a28a0028a28a28a28a0028a28a28a28a0028a28a28a28a0028a28a28a28a0028a28a28a28a0028a28a28a28a0028a28a28a28a0028a28a28a28a0028a28a28a28a0028a28a28a28a0028a28a28a28a0028a28a28a28a0028a28a28a28a0028a28a28a28a0028a28a28a28a0028a28a28a28a0028a28a28a28a0028a28a28a28a0028a28a28a28a0028a28a28a28a0028a28a28a28a0028a28a28a28a0028a28a28a28a0028a28a28a28a0028a28a28a28a0028a28a28a28a0028a28a28a28a0028a28a28a28a0028a28affd9', 'name 85', 'www.ya.ru');
                        insert into clicks (bannerid, counting) values (1000085, 15);
                        insert into shows (bannerid, counting) values (1000085, 185);
                        insert into banner (id, content, name, ref) values (1000086, X'01ffd8ffdb004300080606070605080707070909080a0c140d0c0b0b0c1912130f141d1a1f1e1d1a1c1c20242e2720222c231c1c2837292c30313434341f27393d38323c2e333432ffdb0043010909090c0b0c180d0d1832211c213232323232323232323232323232323232323232323232323232323232323232323232323232323232323232323232323232ffc000140800c800c804012200021101031101042200ffc4001f0000010501010101010100000000000000000102030405060708090a0bffc400b5100002010303020403050504040000017d01020300041105122131410613516107227114328191a1082342b1c11552d1f02433627282090a161718191a25262728292a3435363738393a434445464748494a535455565758595a636465666768696a737475767778797a838485868788898a92939495969798999aa2a3a4a5a6a7a8a9aab2b3b4b5b6b7b8b9bac2c3c4c5c6c7c8c9cad2d3d4d5d6d7d8d9dae1e2e3e4e5e6e7e8e9eaf1f2f3f4f5f6f7f8f9faffc4001f0100030101010101010101010000000000000102030405060708090a0bffc400b51100020102040403040705040400010277000102031104052131061241510761711322328108144291a1b1c109233352f0156272d10a162434e125f11718191a262728292a35363738393a434445464748494a535455565758595a636465666768696a737475767778797a82838485868788898a92939495969798999aa2a3a4a5a6a7a8a9aab2b3b4b5b6b7b8b9bac2c3c4c5c6c7c8c9cad2d3d4d5d6d7d8d9dae2e3e4e5e6e7e8e9eaf2f3f4f5f6f7f8f9faffda000e040100021103110400003f00f9fe8a28a00f9fe8a28a28a28a0028a28a28a28a0028a28a28a28a0028a28a28a28a0028a28a28a28a0028a28a28a28a0028a28a28a28a0028a28a28a28a0028a28a28a28a0028a28a28a28a0028a28a28a28a0028a28a28a28a0028a28a28a28a0028a28a28a28a0028a28a28a28a0028a28a28a28a0028a28a28a28a0028a28a28a28a0028a28a28a28a0028a28a28a28a0028a28a28a28a0028a28a28a28a0028a28a28a28a0028a28a28a28a0028a28a28a28a0028a28a28a28a0028a28a28a28a0028a28a28a28a0028a28a28a28a0028a28a28a28a0028a28a28a28a0028a28a28a28a0028a28a28a28a0028a28a28a28a0028a28a28a28a0028a28a28a28a0028a28a28a28a0028a28a28a28a0028a28a28a28a0028a28a28a28a0028a28a28a28a0028a28a28a28a0028a28a28a28a0028a28a28a28a0028a28a28a28a0028a28a28a28a0028a28a28a28a0028a28a28a28a0028a28a28a28a0028a28a28a28a0028a28a28a28a0028a28a28a28a0028a28a28a28a0028a28a28a28a0028a28a28a28a0028a28a28a28a0028a28a28a28a0028a28a28a28a0028a28a28a28a0028a28a28a28a0028a28a28a28a0028a28a28a28a0028a28a28a28a0028a28a28a28a0028a28a28a28a0028a28a28a28a0028a28a28a28a0028a28a28a28a0028a28a28a28a0028a28a28a28a0028a28a28a28a0028a28a28a28a0028a28a28a28a0028a28a28a28a0028a28a28a28a0028a28a28a28a0028a28a28a28a0028a28a28a28a0028a28a28a28a0028a28a28a28a0028a28a28a28a0028a28a28a28a0028a28a28a28a0028a28a28a28a0028a28a28a28a0028a28a28a28a0028a28a28a28a0028a28a28a28a0028a28a28a28a0028a28a28a28a0028a28a28a28a0028a28a28a28a0028a28a28a28a0028a28a28a28a0028a28a28a28a0028a28a28a28a0028a28a28a28a0028a28a28a28a0028a28a28a28a0028a28a28a28a0028a28a28a28a0028a28a28a28a0028a28a28a28a0028a28a28a28a0028a28a28a28a0028a28a28a28a0028a28a28a28a0028a28a28a28a0028a28a28a28a0028a28a28a28a0028a28a28a28a0028a28a28a28a0028a28a28a28a0028a28a28a28a0028a28a28a28a0028a28a28a28a0028a28a28a28a0028a28a28a28a0028a28a28a28a0028a28a28a28a0028a28a28a28a0028a28a28a28a0028a28a28a28a0028a28a28a28a0028a28a28a28a0028a28a28a28a0028a28a28a28a0028a28a28a28a0028a28a28a28a0028a28a28a28a0028a28a28a28a0028a28a28a28a0028a28a28a28a0028a28a28a28a0028a28a28a28a0028a28a28a28a0028a28a28a28a0028a28a28a28a0028a28a28a28a0028a28a28a28a0028a28a28a28a0028a28a28a28a0028a28a28a28a0028a28a28a28a0028a28a28a28a0028a28a28a28a0028a28a28a28a0028a28a28a28a0028a28a28a28a0028a28a28a28a0028a28a28a28a0028a28a28a28a0028a28a28a28a0028a28a28a28a0028a28a28a28a0028a28a28a28a0028a28a28a28a0028a28a28a28a0028a28a28a28a0028a28a28a28a0028a28a28a28a0028a28a28a28a0028a28a28a28a0028a28a28a28a0028a28a28a28a0028a28a28a28a0028a28a28a28a0028a28a28a28a0028a28affd9', 'name 86', 'www.ya.ru');
                        insert into clicks (bannerid, counting) values (1000086, 14);
                        insert into shows (bannerid, counting) values (1000086, 186);
                        insert into banner (id, content, name, ref) values (1000087, X'01ffd8ffdb004300080606070605080707070909080a0c140d0c0b0b0c1912130f141d1a1f1e1d1a1c1c20242e2720222c231c1c2837292c30313434341f27393d38323c2e333432ffdb0043010909090c0b0c180d0d1832211c213232323232323232323232323232323232323232323232323232323232323232323232323232323232323232323232323232ffc000140800c800c804012200021101031101042200ffc4001f0000010501010101010100000000000000000102030405060708090a0bffc400b5100002010303020403050504040000017d01020300041105122131410613516107227114328191a1082342b1c11552d1f02433627282090a161718191a25262728292a3435363738393a434445464748494a535455565758595a636465666768696a737475767778797a838485868788898a92939495969798999aa2a3a4a5a6a7a8a9aab2b3b4b5b6b7b8b9bac2c3c4c5c6c7c8c9cad2d3d4d5d6d7d8d9dae1e2e3e4e5e6e7e8e9eaf1f2f3f4f5f6f7f8f9faffc4001f0100030101010101010101010000000000000102030405060708090a0bffc400b51100020102040403040705040400010277000102031104052131061241510761711322328108144291a1b1c109233352f0156272d10a162434e125f11718191a262728292a35363738393a434445464748494a535455565758595a636465666768696a737475767778797a82838485868788898a92939495969798999aa2a3a4a5a6a7a8a9aab2b3b4b5b6b7b8b9bac2c3c4c5c6c7c8c9cad2d3d4d5d6d7d8d9dae2e3e4e5e6e7e8e9eaf2f3f4f5f6f7f8f9faffda000e040100021103110400003f00f9fe8a28a00f9fe8a28a28a28a0028a28a28a28a0028a28a28a28a0028a28a28a28a0028a28a28a28a0028a28a28a28a0028a28a28a28a0028a28a28a28a0028a28a28a28a0028a28a28a28a0028a28a28a28a0028a28a28a28a0028a28a28a28a0028a28a28a28a0028a28a28a28a0028a28a28a28a0028a28a28a28a0028a28a28a28a0028a28a28a28a0028a28a28a28a0028a28a28a28a0028a28a28a28a0028a28a28a28a0028a28a28a28a0028a28a28a28a0028a28a28a28a0028a28a28a28a0028a28a28a28a0028a28a28a28a0028a28a28a28a0028a28a28a28a0028a28a28a28a0028a28a28a28a0028a28a28a28a0028a28a28a28a0028a28a28a28a0028a28a28a28a0028a28a28a28a0028a28a28a28a0028a28a28a28a0028a28a28a28a0028a28a28a28a0028a28a28a28a0028a28a28a28a0028a28a28a28a0028a28a28a28a0028a28a28a28a0028a28a28a28a0028a28a28a28a0028a28a28a28a0028a28a28a28a0028a28a28a28a0028a28a28a28a0028a28a28a28a0028a28a28a28a0028a28a28a28a0028a28a28a28a0028a28a28a28a0028a28a28a28a0028a28a28a28a0028a28a28a28a0028a28a28a28a0028a28a28a28a0028a28a28a28a0028a28a28a28a0028a28a28a28a0028a28a28a28a0028a28a28a28a0028a28a28a28a0028a28a28a28a0028a28a28a28a0028a28a28a28a0028a28a28a28a0028a28a28a28a0028a28a28a28a0028a28a28a28a0028a28a28a28a0028a28a28a28a0028a28a28a28a0028a28a28a28a0028a28a28a28a0028a28a28a28a0028a28a28a28a0028a28a28a28a0028a28a28a28a0028a28a28a28a0028a28a28a28a0028a28a28a28a0028a28a28a28a0028a28a28a28a0028a28a28a28a0028a28a28a28a0028a28a28a28a0028a28a28a28a0028a28a28a28a0028a28a28a28a0028a28a28a28a0028a28a28a28a0028a28a28a28a0028a28a28a28a0028a28a28a28a0028a28a28a28a0028a28a28a28a0028a28a28a28a0028a28a28a28a0028a28a28a28a0028a28a28a28a0028a28a28a28a0028a28a28a28a0028a28a28a28a0028a28a28a28a0028a28a28a28a0028a28a28a28a0028a28a28a28a0028a28a28a28a0028a28a28a28a0028a28a28a28a0028a28a28a28a0028a28a28a28a0028a28a28a28a0028a28a28a28a0028a28a28a28a0028a28a28a28a0028a28a28a28a0028a28a28a28a0028a28a28a28a0028a28a28a28a0028a28a28a28a0028a28a28a28a0028a28a28a28a0028a28a28a28a0028a28a28a28a0028a28a28a28a0028a28a28a28a0028a28a28a28a0028a28a28a28a0028a28a28a28a0028a28a28a28a0028a28a28a28a0028a28a28a28a0028a28a28a28a0028a28a28a28a0028a28a28a28a0028a28a28a28a0028a28a28a28a0028a28a28a28a0028a28a28a28a0028a28a28a28a0028a28a28a28a0028a28a28a28a0028a28a28a28a0028a28a28a28a0028a28a28a28a0028a28a28a28a0028a28a28a28a0028a28a28a28a0028a28a28a28a0028a28a28a28a0028a28a28a28a0028a28a28a28a0028a28a28a28a0028a28a28a28a0028a28a28a28a0028a28a28a28a0028a28a28a28a0028a28a28a28a0028a28a28a28a0028a28a28a28a0028a28affd9', 'name 87', 'www.ya.ru');
                        insert into clicks (bannerid, counting) values (1000087, 13);
                        insert into shows (bannerid, counting) values (1000087, 187);
                        insert into banner (id, content, name, ref) values (1000088, X'01ffd8ffdb004300080606070605080707070909080a0c140d0c0b0b0c1912130f141d1a1f1e1d1a1c1c20242e2720222c231c1c2837292c30313434341f27393d38323c2e333432ffdb0043010909090c0b0c180d0d1832211c213232323232323232323232323232323232323232323232323232323232323232323232323232323232323232323232323232ffc000140800c800c804012200021101031101042200ffc4001f0000010501010101010100000000000000000102030405060708090a0bffc400b5100002010303020403050504040000017d01020300041105122131410613516107227114328191a1082342b1c11552d1f02433627282090a161718191a25262728292a3435363738393a434445464748494a535455565758595a636465666768696a737475767778797a838485868788898a92939495969798999aa2a3a4a5a6a7a8a9aab2b3b4b5b6b7b8b9bac2c3c4c5c6c7c8c9cad2d3d4d5d6d7d8d9dae1e2e3e4e5e6e7e8e9eaf1f2f3f4f5f6f7f8f9faffc4001f0100030101010101010101010000000000000102030405060708090a0bffc400b51100020102040403040705040400010277000102031104052131061241510761711322328108144291a1b1c109233352f0156272d10a162434e125f11718191a262728292a35363738393a434445464748494a535455565758595a636465666768696a737475767778797a82838485868788898a92939495969798999aa2a3a4a5a6a7a8a9aab2b3b4b5b6b7b8b9bac2c3c4c5c6c7c8c9cad2d3d4d5d6d7d8d9dae2e3e4e5e6e7e8e9eaf2f3f4f5f6f7f8f9faffda000e040100021103110400003f00f9fe8a28a00f9fe8a28a28a28a0028a28a28a28a0028a28a28a28a0028a28a28a28a0028a28a28a28a0028a28a28a28a0028a28a28a28a0028a28a28a28a0028a28a28a28a0028a28a28a28a0028a28a28a28a0028a28a28a28a0028a28a28a28a0028a28a28a28a0028a28a28a28a0028a28a28a28a0028a28a28a28a0028a28a28a28a0028a28a28a28a0028a28a28a28a0028a28a28a28a0028a28a28a28a0028a28a28a28a0028a28a28a28a0028a28a28a28a0028a28a28a28a0028a28a28a28a0028a28a28a28a0028a28a28a28a0028a28a28a28a0028a28a28a28a0028a28a28a28a0028a28a28a28a0028a28a28a28a0028a28a28a28a0028a28a28a28a0028a28a28a28a0028a28a28a28a0028a28a28a28a0028a28a28a28a0028a28a28a28a0028a28a28a28a0028a28a28a28a0028a28a28a28a0028a28a28a28a0028a28a28a28a0028a28a28a28a0028a28a28a28a0028a28a28a28a0028a28a28a28a0028a28a28a28a0028a28a28a28a0028a28a28a28a0028a28a28a28a0028a28a28a28a0028a28a28a28a0028a28a28a28a0028a28a28a28a0028a28a28a28a0028a28a28a28a0028a28a28a28a0028a28a28a28a0028a28a28a28a0028a28a28a28a0028a28a28a28a0028a28a28a28a0028a28a28a28a0028a28a28a28a0028a28a28a28a0028a28a28a28a0028a28a28a28a0028a28a28a28a0028a28a28a28a0028a28a28a28a0028a28a28a28a0028a28a28a28a0028a28a28a28a0028a28a28a28a0028a28a28a28a0028a28a28a28a0028a28a28a28a0028a28a28a28a0028a28a28a28a0028a28a28a28a0028a28a28a28a0028a28a28a28a0028a28a28a28a0028a28a28a28a0028a28a28a28a0028a28a28a28a0028a28a28a28a0028a28a28a28a0028a28a28a28a0028a28a28a28a0028a28a28a28a0028a28a28a28a0028a28a28a28a0028a28a28a28a0028a28a28a28a0028a28a28a28a0028a28a28a28a0028a28a28a28a0028a28a28a28a0028a28a28a28a0028a28a28a28a0028a28a28a28a0028a28a28a28a0028a28a28a28a0028a28a28a28a0028a28a28a28a0028a28a28a28a0028a28a28a28a0028a28a28a28a0028a28a28a28a0028a28a28a28a0028a28a28a28a0028a28a28a28a0028a28a28a28a0028a28a28a28a0028a28a28a28a0028a28a28a28a0028a28a28a28a0028a28a28a28a0028a28a28a28a0028a28a28a28a0028a28a28a28a0028a28a28a28a0028a28a28a28a0028a28a28a28a0028a28a28a28a0028a28a28a28a0028a28a28a28a0028a28a28a28a0028a28a28a28a0028a28a28a28a0028a28a28a28a0028a28a28a28a0028a28a28a28a0028a28a28a28a0028a28a28a28a0028a28a28a28a0028a28a28a28a0028a28a28a28a0028a28a28a28a0028a28a28a28a0028a28a28a28a0028a28a28a28a0028a28a28a28a0028a28a28a28a0028a28a28a28a0028a28a28a28a0028a28a28a28a0028a28a28a28a0028a28a28a28a0028a28a28a28a0028a28a28a28a0028a28a28a28a0028a28a28a28a0028a28a28a28a0028a28a28a28a0028a28a28a28a0028a28a28a28a0028a28a28a28a0028a28a28a28a0028a28a28a28a0028a28a28a28a0028a28a28a28a0028a28a28a28a0028a28affd9', 'name 88', 'www.ya.ru');
                        insert into clicks (bannerid, counting) values (1000088, 12);
                        insert into shows (bannerid, counting) values (1000088, 188);
                        insert into banner (id, content, name, ref) values (1000089, X'01ffd8ffdb004300080606070605080707070909080a0c140d0c0b0b0c1912130f141d1a1f1e1d1a1c1c20242e2720222c231c1c2837292c30313434341f27393d38323c2e333432ffdb0043010909090c0b0c180d0d1832211c213232323232323232323232323232323232323232323232323232323232323232323232323232323232323232323232323232ffc000140800c800c804012200021101031101042200ffc4001f0000010501010101010100000000000000000102030405060708090a0bffc400b5100002010303020403050504040000017d01020300041105122131410613516107227114328191a1082342b1c11552d1f02433627282090a161718191a25262728292a3435363738393a434445464748494a535455565758595a636465666768696a737475767778797a838485868788898a92939495969798999aa2a3a4a5a6a7a8a9aab2b3b4b5b6b7b8b9bac2c3c4c5c6c7c8c9cad2d3d4d5d6d7d8d9dae1e2e3e4e5e6e7e8e9eaf1f2f3f4f5f6f7f8f9faffc4001f0100030101010101010101010000000000000102030405060708090a0bffc400b51100020102040403040705040400010277000102031104052131061241510761711322328108144291a1b1c109233352f0156272d10a162434e125f11718191a262728292a35363738393a434445464748494a535455565758595a636465666768696a737475767778797a82838485868788898a92939495969798999aa2a3a4a5a6a7a8a9aab2b3b4b5b6b7b8b9bac2c3c4c5c6c7c8c9cad2d3d4d5d6d7d8d9dae2e3e4e5e6e7e8e9eaf2f3f4f5f6f7f8f9faffda000e040100021103110400003f00f9fe8a28a00f9fe8a28a28a28a0028a28a28a28a0028a28a28a28a0028a28a28a28a0028a28a28a28a0028a28a28a28a0028a28a28a28a0028a28a28a28a0028a28a28a28a0028a28a28a28a0028a28a28a28a0028a28a28a28a0028a28a28a28a0028a28a28a28a0028a28a28a28a0028a28a28a28a0028a28a28a28a0028a28a28a28a0028a28a28a28a0028a28a28a28a0028a28a28a28a0028a28a28a28a0028a28a28a28a0028a28a28a28a0028a28a28a28a0028a28a28a28a0028a28a28a28a0028a28a28a28a0028a28a28a28a0028a28a28a28a0028a28a28a28a0028a28a28a28a0028a28a28a28a0028a28a28a28a0028a28a28a28a0028a28a28a28a0028a28a28a28a0028a28a28a28a0028a28a28a28a0028a28a28a28a0028a28a28a28a0028a28a28a28a0028a28a28a28a0028a28a28a28a0028a28a28a28a0028a28a28a28a0028a28a28a28a0028a28a28a28a0028a28a28a28a0028a28a28a28a0028a28a28a28a0028a28a28a28a0028a28a28a28a0028a28a28a28a0028a28a28a28a0028a28a28a28a0028a28a28a28a0028a28a28a28a0028a28a28a28a0028a28a28a28a0028a28a28a28a0028a28a28a28a0028a28a28a28a0028a28a28a28a0028a28a28a28a0028a28a28a28a0028a28a28a28a0028a28a28a28a0028a28a28a28a0028a28a28a28a0028a28a28a28a0028a28a28a28a0028a28a28a28a0028a28a28a28a0028a28a28a28a0028a28a28a28a0028a28a28a28a0028a28a28a28a0028a28a28a28a0028a28a28a28a0028a28a28a28a0028a28a28a28a0028a28a28a28a0028a28a28a28a0028a28a28a28a0028a28a28a28a0028a28a28a28a0028a28a28a28a0028a28a28a28a0028a28a28a28a0028a28a28a28a0028a28a28a28a0028a28a28a28a0028a28a28a28a0028a28a28a28a0028a28a28a28a0028a28a28a28a0028a28a28a28a0028a28a28a28a0028a28a28a28a0028a28a28a28a0028a28a28a28a0028a28a28a28a0028a28a28a28a0028a28a28a28a0028a28a28a28a0028a28a28a28a0028a28a28a28a0028a28a28a28a0028a28a28a28a0028a28a28a28a0028a28a28a28a0028a28a28a28a0028a28a28a28a0028a28a28a28a0028a28a28a28a0028a28a28a28a0028a28a28a28a0028a28a28a28a0028a28a28a28a0028a28a28a28a0028a28a28a28a0028a28a28a28a0028a28a28a28a0028a28a28a28a0028a28a28a28a0028a28a28a28a0028a28a28a28a0028a28a28a28a0028a28a28a28a0028a28a28a28a0028a28a28a28a0028a28a28a28a0028a28a28a28a0028a28a28a28a0028a28a28a28a0028a28a28a28a0028a28a28a28a0028a28a28a28a0028a28a28a28a0028a28a28a28a0028a28a28a28a0028a28a28a28a0028a28a28a28a0028a28a28a28a0028a28a28a28a0028a28a28a28a0028a28a28a28a0028a28a28a28a0028a28a28a28a0028a28a28a28a0028a28a28a28a0028a28a28a28a0028a28a28a28a0028a28a28a28a0028a28a28a28a0028a28a28a28a0028a28a28a28a0028a28a28a28a0028a28a28a28a0028a28a28a28a0028a28a28a28a0028a28a28a28a0028a28a28a28a0028a28a28a28a0028a28a28a28a0028a28a28a28a0028a28a28a28a0028a28affd9', 'name 89', 'www.ya.ru');
                        insert into clicks (bannerid, counting) values (1000089, 11);
                        insert into shows (bannerid, counting) values (1000089, 189);
                        insert into banner (id, content, name, ref) values (1000090, X'01ffd8ffdb004300080606070605080707070909080a0c140d0c0b0b0c1912130f141d1a1f1e1d1a1c1c20242e2720222c231c1c2837292c30313434341f27393d38323c2e333432ffdb0043010909090c0b0c180d0d1832211c213232323232323232323232323232323232323232323232323232323232323232323232323232323232323232323232323232ffc000140800c800c804012200021101031101042200ffc4001f0000010501010101010100000000000000000102030405060708090a0bffc400b5100002010303020403050504040000017d01020300041105122131410613516107227114328191a1082342b1c11552d1f02433627282090a161718191a25262728292a3435363738393a434445464748494a535455565758595a636465666768696a737475767778797a838485868788898a92939495969798999aa2a3a4a5a6a7a8a9aab2b3b4b5b6b7b8b9bac2c3c4c5c6c7c8c9cad2d3d4d5d6d7d8d9dae1e2e3e4e5e6e7e8e9eaf1f2f3f4f5f6f7f8f9faffc4001f0100030101010101010101010000000000000102030405060708090a0bffc400b51100020102040403040705040400010277000102031104052131061241510761711322328108144291a1b1c109233352f0156272d10a162434e125f11718191a262728292a35363738393a434445464748494a535455565758595a636465666768696a737475767778797a82838485868788898a92939495969798999aa2a3a4a5a6a7a8a9aab2b3b4b5b6b7b8b9bac2c3c4c5c6c7c8c9cad2d3d4d5d6d7d8d9dae2e3e4e5e6e7e8e9eaf2f3f4f5f6f7f8f9faffda000e040100021103110400003f00f9fe8a28a00f9fe8a28a28a28a0028a28a28a28a0028a28a28a28a0028a28a28a28a0028a28a28a28a0028a28a28a28a0028a28a28a28a0028a28a28a28a0028a28a28a28a0028a28a28a28a0028a28a28a28a0028a28a28a28a0028a28a28a28a0028a28a28a28a0028a28a28a28a0028a28a28a28a0028a28a28a28a0028a28a28a28a0028a28a28a28a0028a28a28a28a0028a28a28a28a0028a28a28a28a0028a28a28a28a0028a28a28a28a0028a28a28a28a0028a28a28a28a0028a28a28a28a0028a28a28a28a0028a28a28a28a0028a28a28a28a0028a28a28a28a0028a28a28a28a0028a28a28a28a0028a28a28a28a0028a28a28a28a0028a28a28a28a0028a28a28a28a0028a28a28a28a0028a28a28a28a0028a28a28a28a0028a28a28a28a0028a28a28a28a0028a28a28a28a0028a28a28a28a0028a28a28a28a0028a28a28a28a0028a28a28a28a0028a28a28a28a0028a28a28a28a0028a28a28a28a0028a28a28a28a0028a28a28a28a0028a28a28a28a0028a28a28a28a0028a28a28a28a0028a28a28a28a0028a28a28a28a0028a28a28a28a0028a28a28a28a0028a28a28a28a0028a28a28a28a0028a28a28a28a0028a28a28a28a0028a28a28a28a0028a28a28a28a0028a28a28a28a0028a28a28a28a0028a28a28a28a0028a28a28a28a0028a28a28a28a0028a28a28a28a0028a28a28a28a0028a28a28a28a0028a28a28a28a0028a28a28a28a0028a28a28a28a0028a28a28a28a0028a28a28a28a0028a28a28a28a0028a28a28a28a0028a28a28a28a0028a28a28a28a0028a28a28a28a0028a28a28a28a0028a28a28a28a0028a28a28a28a0028a28a28a28a0028a28a28a28a0028a28a28a28a0028a28a28a28a0028a28a28a28a0028a28a28a28a0028a28a28a28a0028a28a28a28a0028a28a28a28a0028a28a28a28a0028a28a28a28a0028a28a28a28a0028a28a28a28a0028a28a28a28a0028a28a28a28a0028a28a28a28a0028a28a28a28a0028a28a28a28a0028a28a28a28a0028a28a28a28a0028a28a28a28a0028a28a28a28a0028a28a28a28a0028a28a28a28a0028a28a28a28a0028a28a28a28a0028a28a28a28a0028a28a28a28a0028a28a28a28a0028a28a28a28a0028a28a28a28a0028a28a28a28a0028a28a28a28a0028a28a28a28a0028a28a28a28a0028a28a28a28a0028a28a28a28a0028a28a28a28a0028a28a28a28a0028a28a28a28a0028a28a28a28a0028a28a28a28a0028a28a28a28a0028a28a28a28a0028a28a28a28a0028a28a28a28a0028a28a28a28a0028a28a28a28a0028a28a28a28a0028a28a28a28a0028a28a28a28a0028a28a28a28a0028a28a28a28a0028a28a28a28a0028a28a28a28a0028a28a28a28a0028a28a28a28a0028a28a28a28a0028a28a28a28a0028a28a28a28a0028a28a28a28a0028a28a28a28a0028a28a28a28a0028a28a28a28a0028a28a28a28a0028a28a28a28a0028a28a28a28a0028a28a28a28a0028a28a28a28a0028a28a28a28a0028a28a28a28a0028a28a28a28a0028a28a28a28a0028a28a28a28a0028a28a28a28a0028a28a28a28a0028a28a28a28a0028a28a28a28a0028a28a28a28a0028a28a28a28a0028a28a28a28a0028a28a28a28a0028a28affd9', 'name 90', 'www.ya.ru');
                        insert into clicks (bannerid, counting) values (1000090, 10);
                        insert into shows (bannerid, counting) values (1000090, 190);
                        insert into banner (id, content, name, ref) values (1000091, X'01ffd8ffdb004300080606070605080707070909080a0c140d0c0b0b0c1912130f141d1a1f1e1d1a1c1c20242e2720222c231c1c2837292c30313434341f27393d38323c2e333432ffdb0043010909090c0b0c180d0d1832211c213232323232323232323232323232323232323232323232323232323232323232323232323232323232323232323232323232ffc000140800c800c804012200021101031101042200ffc4001f0000010501010101010100000000000000000102030405060708090a0bffc400b5100002010303020403050504040000017d01020300041105122131410613516107227114328191a1082342b1c11552d1f02433627282090a161718191a25262728292a3435363738393a434445464748494a535455565758595a636465666768696a737475767778797a838485868788898a92939495969798999aa2a3a4a5a6a7a8a9aab2b3b4b5b6b7b8b9bac2c3c4c5c6c7c8c9cad2d3d4d5d6d7d8d9dae1e2e3e4e5e6e7e8e9eaf1f2f3f4f5f6f7f8f9faffc4001f0100030101010101010101010000000000000102030405060708090a0bffc400b51100020102040403040705040400010277000102031104052131061241510761711322328108144291a1b1c109233352f0156272d10a162434e125f11718191a262728292a35363738393a434445464748494a535455565758595a636465666768696a737475767778797a82838485868788898a92939495969798999aa2a3a4a5a6a7a8a9aab2b3b4b5b6b7b8b9bac2c3c4c5c6c7c8c9cad2d3d4d5d6d7d8d9dae2e3e4e5e6e7e8e9eaf2f3f4f5f6f7f8f9faffda000e040100021103110400003f00f9fe8a28a00f9fe8a28a28a28a0028a28a28a28a0028a28a28a28a0028a28a28a28a0028a28a28a28a0028a28a28a28a0028a28a28a28a0028a28a28a28a0028a28a28a28a0028a28a28a28a0028a28a28a28a0028a28a28a28a0028a28a28a28a0028a28a28a28a0028a28a28a28a0028a28a28a28a0028a28a28a28a0028a28a28a28a0028a28a28a28a0028a28a28a28a0028a28a28a28a0028a28a28a28a0028a28a28a28a0028a28a28a28a0028a28a28a28a0028a28a28a28a0028a28a28a28a0028a28a28a28a0028a28a28a28a0028a28a28a28a0028a28a28a28a0028a28a28a28a0028a28a28a28a0028a28a28a28a0028a28a28a28a0028a28a28a28a0028a28a28a28a0028a28a28a28a0028a28a28a28a0028a28a28a28a0028a28a28a28a0028a28a28a28a0028a28a28a28a0028a28a28a28a0028a28a28a28a0028a28a28a28a0028a28a28a28a0028a28a28a28a0028a28a28a28a0028a28a28a28a0028a28a28a28a0028a28a28a28a0028a28a28a28a0028a28a28a28a0028a28a28a28a0028a28a28a28a0028a28a28a28a0028a28a28a28a0028a28a28a28a0028a28a28a28a0028a28a28a28a0028a28a28a28a0028a28a28a28a0028a28a28a28a0028a28a28a28a0028a28a28a28a0028a28a28a28a0028a28a28a28a0028a28a28a28a0028a28a28a28a0028a28a28a28a0028a28a28a28a0028a28a28a28a0028a28a28a28a0028a28a28a28a0028a28a28a28a0028a28a28a28a0028a28a28a28a0028a28a28a28a0028a28a28a28a0028a28a28a28a0028a28a28a28a0028a28a28a28a0028a28a28a28a0028a28a28a28a0028a28a28a28a0028a28a28a28a0028a28a28a28a0028a28a28a28a0028a28a28a28a0028a28a28a28a0028a28a28a28a0028a28a28a28a0028a28a28a28a0028a28a28a28a0028a28a28a28a0028a28a28a28a0028a28a28a28a0028a28a28a28a0028a28a28a28a0028a28a28a28a0028a28a28a28a0028a28a28a28a0028a28a28a28a0028a28a28a28a0028a28a28a28a0028a28a28a28a0028a28a28a28a0028a28a28a28a0028a28a28a28a0028a28a28a28a0028a28a28a28a0028a28a28a28a0028a28a28a28a0028a28a28a28a0028a28a28a28a0028a28a28a28a0028a28a28a28a0028a28a28a28a0028a28a28a28a0028a28a28a28a0028a28a28a28a0028a28a28a28a0028a28a28a28a0028a28a28a28a0028a28a28a28a0028a28a28a28a0028a28a28a28a0028a28a28a28a0028a28a28a28a0028a28a28a28a0028a28a28a28a0028a28a28a28a0028a28a28a28a0028a28a28a28a0028a28a28a28a0028a28a28a28a0028a28a28a28a0028a28a28a28a0028a28a28a28a0028a28a28a28a0028a28a28a28a0028a28a28a28a0028a28a28a28a0028a28a28a28a0028a28a28a28a0028a28a28a28a0028a28a28a28a0028a28a28a28a0028a28a28a28a0028a28a28a28a0028a28a28a28a0028a28a28a28a0028a28a28a28a0028a28a28a28a0028a28a28a28a0028a28a28a28a0028a28a28a28a0028a28a28a28a0028a28a28a28a0028a28a28a28a0028a28a28a28a0028a28a28a28a0028a28a28a28a0028a28a28a28a0028a28a28a28a0028a28a28a28a0028a28a28a28a0028a28affd9', 'name 91', 'www.ya.ru');
                        insert into clicks (bannerid, counting) values (1000091, 9);
                        insert into shows (bannerid, counting) values (1000091, 191);
                        insert into banner (id, content, name, ref) values (1000092, X'01ffd8ffdb004300080606070605080707070909080a0c140d0c0b0b0c1912130f141d1a1f1e1d1a1c1c20242e2720222c231c1c2837292c30313434341f27393d38323c2e333432ffdb0043010909090c0b0c180d0d1832211c213232323232323232323232323232323232323232323232323232323232323232323232323232323232323232323232323232ffc000140800c800c804012200021101031101042200ffc4001f0000010501010101010100000000000000000102030405060708090a0bffc400b5100002010303020403050504040000017d01020300041105122131410613516107227114328191a1082342b1c11552d1f02433627282090a161718191a25262728292a3435363738393a434445464748494a535455565758595a636465666768696a737475767778797a838485868788898a92939495969798999aa2a3a4a5a6a7a8a9aab2b3b4b5b6b7b8b9bac2c3c4c5c6c7c8c9cad2d3d4d5d6d7d8d9dae1e2e3e4e5e6e7e8e9eaf1f2f3f4f5f6f7f8f9faffc4001f0100030101010101010101010000000000000102030405060708090a0bffc400b51100020102040403040705040400010277000102031104052131061241510761711322328108144291a1b1c109233352f0156272d10a162434e125f11718191a262728292a35363738393a434445464748494a535455565758595a636465666768696a737475767778797a82838485868788898a92939495969798999aa2a3a4a5a6a7a8a9aab2b3b4b5b6b7b8b9bac2c3c4c5c6c7c8c9cad2d3d4d5d6d7d8d9dae2e3e4e5e6e7e8e9eaf2f3f4f5f6f7f8f9faffda000e040100021103110400003f00f9fe8a28a00f9fe8a28a28a28a0028a28a28a28a0028a28a28a28a0028a28a28a28a0028a28a28a28a0028a28a28a28a0028a28a28a28a0028a28a28a28a0028a28a28a28a0028a28a28a28a0028a28a28a28a0028a28a28a28a0028a28a28a28a0028a28a28a28a0028a28a28a28a0028a28a28a28a0028a28a28a28a0028a28a28a28a0028a28a28a28a0028a28a28a28a0028a28a28a28a0028a28a28a28a0028a28a28a28a0028a28a28a28a0028a28a28a28a0028a28a28a28a0028a28a28a28a0028a28a28a28a0028a28a28a28a0028a28a28a28a0028a28a28a28a0028a28a28a28a0028a28a28a28a0028a28a28a28a0028a28a28a28a0028a28a28a28a0028a28a28a28a0028a28a28a28a0028a28a28a28a0028a28a28a28a0028a28a28a28a0028a28a28a28a0028a28a28a28a0028a28a28a28a0028a28a28a28a0028a28a28a28a0028a28a28a28a0028a28a28a28a0028a28a28a28a0028a28a28a28a0028a28a28a28a0028a28a28a28a0028a28a28a28a0028a28a28a28a0028a28a28a28a0028a28a28a28a0028a28a28a28a0028a28a28a28a0028a28a28a28a0028a28a28a28a0028a28a28a28a0028a28a28a28a0028a28a28a28a0028a28a28a28a0028a28a28a28a0028a28a28a28a0028a28a28a28a0028a28a28a28a0028a28a28a28a0028a28a28a28a0028a28a28a28a0028a28a28a28a0028a28a28a28a0028a28a28a28a0028a28a28a28a0028a28a28a28a0028a28a28a28a0028a28a28a28a0028a28a28a28a0028a28a28a28a0028a28a28a28a0028a28a28a28a0028a28a28a28a0028a28a28a28a0028a28a28a28a0028a28a28a28a0028a28a28a28a0028a28a28a28a0028a28a28a28a0028a28a28a28a0028a28a28a28a0028a28a28a28a0028a28a28a28a0028a28a28a28a0028a28a28a28a0028a28a28a28a0028a28a28a28a0028a28a28a28a0028a28a28a28a0028a28a28a28a0028a28a28a28a0028a28a28a28a0028a28a28a28a0028a28a28a28a0028a28a28a28a0028a28a28a28a0028a28a28a28a0028a28a28a28a0028a28a28a28a0028a28a28a28a0028a28a28a28a0028a28a28a28a0028a28a28a28a0028a28a28a28a0028a28a28a28a0028a28a28a28a0028a28a28a28a0028a28a28a28a0028a28a28a28a0028a28a28a28a0028a28a28a28a0028a28a28a28a0028a28a28a28a0028a28a28a28a0028a28a28a28a0028a28a28a28a0028a28a28a28a0028a28a28a28a0028a28a28a28a0028a28a28a28a0028a28a28a28a0028a28a28a28a0028a28a28a28a0028a28a28a28a0028a28a28a28a0028a28a28a28a0028a28a28a28a0028a28a28a28a0028a28a28a28a0028a28a28a28a0028a28a28a28a0028a28a28a28a0028a28a28a28a0028a28a28a28a0028a28a28a28a0028a28a28a28a0028a28a28a28a0028a28a28a28a0028a28a28a28a0028a28a28a28a0028a28a28a28a0028a28a28a28a0028a28a28a28a0028a28a28a28a0028a28a28a28a0028a28a28a28a0028a28a28a28a0028a28a28a28a0028a28a28a28a0028a28a28a28a0028a28a28a28a0028a28a28a28a0028a28a28a28a0028a28a28a28a0028a28a28a28a0028a28a28a28a0028a28a28a28a0028a28a28a28a0028a28affd9', 'name 92', 'www.ya.ru');
                        insert into clicks (bannerid, counting) values (1000092, 8);
                        insert into shows (bannerid, counting) values (1000092, 192);
                        insert into banner (id, content, name, ref) values (1000093, X'01ffd8ffdb004300080606070605080707070909080a0c140d0c0b0b0c1912130f141d1a1f1e1d1a1c1c20242e2720222c231c1c2837292c30313434341f27393d38323c2e333432ffdb0043010909090c0b0c180d0d1832211c213232323232323232323232323232323232323232323232323232323232323232323232323232323232323232323232323232ffc000140800c800c804012200021101031101042200ffc4001f0000010501010101010100000000000000000102030405060708090a0bffc400b5100002010303020403050504040000017d01020300041105122131410613516107227114328191a1082342b1c11552d1f02433627282090a161718191a25262728292a3435363738393a434445464748494a535455565758595a636465666768696a737475767778797a838485868788898a92939495969798999aa2a3a4a5a6a7a8a9aab2b3b4b5b6b7b8b9bac2c3c4c5c6c7c8c9cad2d3d4d5d6d7d8d9dae1e2e3e4e5e6e7e8e9eaf1f2f3f4f5f6f7f8f9faffc4001f0100030101010101010101010000000000000102030405060708090a0bffc400b51100020102040403040705040400010277000102031104052131061241510761711322328108144291a1b1c109233352f0156272d10a162434e125f11718191a262728292a35363738393a434445464748494a535455565758595a636465666768696a737475767778797a82838485868788898a92939495969798999aa2a3a4a5a6a7a8a9aab2b3b4b5b6b7b8b9bac2c3c4c5c6c7c8c9cad2d3d4d5d6d7d8d9dae2e3e4e5e6e7e8e9eaf2f3f4f5f6f7f8f9faffda000e040100021103110400003f00f9fe8a28a00f9fe8a28a28a28a0028a28a28a28a0028a28a28a28a0028a28a28a28a0028a28a28a28a0028a28a28a28a0028a28a28a28a0028a28a28a28a0028a28a28a28a0028a28a28a28a0028a28a28a28a0028a28a28a28a0028a28a28a28a0028a28a28a28a0028a28a28a28a0028a28a28a28a0028a28a28a28a0028a28a28a28a0028a28a28a28a0028a28a28a28a0028a28a28a28a0028a28a28a28a0028a28a28a28a0028a28a28a28a0028a28a28a28a0028a28a28a28a0028a28a28a28a0028a28a28a28a0028a28a28a28a0028a28a28a28a0028a28a28a28a0028a28a28a28a0028a28a28a28a0028a28a28a28a0028a28a28a28a0028a28a28a28a0028a28a28a28a0028a28a28a28a0028a28a28a28a0028a28a28a28a0028a28a28a28a0028a28a28a28a0028a28a28a28a0028a28a28a28a0028a28a28a28a0028a28a28a28a0028a28a28a28a0028a28a28a28a0028a28a28a28a0028a28a28a28a0028a28a28a28a0028a28a28a28a0028a28a28a28a0028a28a28a28a0028a28a28a28a0028a28a28a28a0028a28a28a28a0028a28a28a28a0028a28a28a28a0028a28a28a28a0028a28a28a28a0028a28a28a28a0028a28a28a28a0028a28a28a28a0028a28a28a28a0028a28a28a28a0028a28a28a28a0028a28a28a28a0028a28a28a28a0028a28a28a28a0028a28a28a28a0028a28a28a28a0028a28a28a28a0028a28a28a28a0028a28a28a28a0028a28a28a28a0028a28a28a28a0028a28a28a28a0028a28a28a28a0028a28a28a28a0028a28a28a28a0028a28a28a28a0028a28a28a28a0028a28a28a28a0028a28a28a28a0028a28a28a28a0028a28a28a28a0028a28a28a28a0028a28a28a28a0028a28a28a28a0028a28a28a28a0028a28a28a28a0028a28a28a28a0028a28a28a28a0028a28a28a28a0028a28a28a28a0028a28a28a28a0028a28a28a28a0028a28a28a28a0028a28a28a28a0028a28a28a28a0028a28a28a28a0028a28a28a28a0028a28a28a28a0028a28a28a28a0028a28a28a28a0028a28a28a28a0028a28a28a28a0028a28a28a28a0028a28a28a28a0028a28a28a28a0028a28a28a28a0028a28a28a28a0028a28a28a28a0028a28a28a28a0028a28a28a28a0028a28a28a28a0028a28a28a28a0028a28a28a28a0028a28a28a28a0028a28a28a28a0028a28a28a28a0028a28a28a28a0028a28a28a28a0028a28a28a28a0028a28a28a28a0028a28a28a28a0028a28a28a28a0028a28a28a28a0028a28a28a28a0028a28a28a28a0028a28a28a28a0028a28a28a28a0028a28a28a28a0028a28a28a28a0028a28a28a28a0028a28a28a28a0028a28a28a28a0028a28a28a28a0028a28a28a28a0028a28a28a28a0028a28a28a28a0028a28a28a28a0028a28a28a28a0028a28a28a28a0028a28a28a28a0028a28a28a28a0028a28a28a28a0028a28a28a28a0028a28a28a28a0028a28a28a28a0028a28a28a28a0028a28a28a28a0028a28a28a28a0028a28a28a28a0028a28a28a28a0028a28a28a28a0028a28a28a28a0028a28a28a28a0028a28a28a28a0028a28a28a28a0028a28a28a28a0028a28a28a28a0028a28a28a28a0028a28a28a28a0028a28a28a28a0028a28a28a28a0028a28a28a28a0028a28affd9', 'name 93', 'www.ya.ru');
                        insert into clicks (bannerid, counting) values (1000093, 7);
                        insert into shows (bannerid, counting) values (1000093, 193);
                        insert into banner (id, content, name, ref) values (1000094, X'01ffd8ffdb004300080606070605080707070909080a0c140d0c0b0b0c1912130f141d1a1f1e1d1a1c1c20242e2720222c231c1c2837292c30313434341f27393d38323c2e333432ffdb0043010909090c0b0c180d0d1832211c213232323232323232323232323232323232323232323232323232323232323232323232323232323232323232323232323232ffc000140800c800c804012200021101031101042200ffc4001f0000010501010101010100000000000000000102030405060708090a0bffc400b5100002010303020403050504040000017d01020300041105122131410613516107227114328191a1082342b1c11552d1f02433627282090a161718191a25262728292a3435363738393a434445464748494a535455565758595a636465666768696a737475767778797a838485868788898a92939495969798999aa2a3a4a5a6a7a8a9aab2b3b4b5b6b7b8b9bac2c3c4c5c6c7c8c9cad2d3d4d5d6d7d8d9dae1e2e3e4e5e6e7e8e9eaf1f2f3f4f5f6f7f8f9faffc4001f0100030101010101010101010000000000000102030405060708090a0bffc400b51100020102040403040705040400010277000102031104052131061241510761711322328108144291a1b1c109233352f0156272d10a162434e125f11718191a262728292a35363738393a434445464748494a535455565758595a636465666768696a737475767778797a82838485868788898a92939495969798999aa2a3a4a5a6a7a8a9aab2b3b4b5b6b7b8b9bac2c3c4c5c6c7c8c9cad2d3d4d5d6d7d8d9dae2e3e4e5e6e7e8e9eaf2f3f4f5f6f7f8f9faffda000e040100021103110400003f00f9fe8a28a00f9fe8a28a28a28a0028a28a28a28a0028a28a28a28a0028a28a28a28a0028a28a28a28a0028a28a28a28a0028a28a28a28a0028a28a28a28a0028a28a28a28a0028a28a28a28a0028a28a28a28a0028a28a28a28a0028a28a28a28a0028a28a28a28a0028a28a28a28a0028a28a28a28a0028a28a28a28a0028a28a28a28a0028a28a28a28a0028a28a28a28a0028a28a28a28a0028a28a28a28a0028a28a28a28a0028a28a28a28a0028a28a28a28a0028a28a28a28a0028a28a28a28a0028a28a28a28a0028a28a28a28a0028a28a28a28a0028a28a28a28a0028a28a28a28a0028a28a28a28a0028a28a28a28a0028a28a28a28a0028a28a28a28a0028a28a28a28a0028a28a28a28a0028a28a28a28a0028a28a28a28a0028a28a28a28a0028a28a28a28a0028a28a28a28a0028a28a28a28a0028a28a28a28a0028a28a28a28a0028a28a28a28a0028a28a28a28a0028a28a28a28a0028a28a28a28a0028a28a28a28a0028a28a28a28a0028a28a28a28a0028a28a28a28a0028a28a28a28a0028a28a28a28a0028a28a28a28a0028a28a28a28a0028a28a28a28a0028a28a28a28a0028a28a28a28a0028a28a28a28a0028a28a28a28a0028a28a28a28a0028a28a28a28a0028a28a28a28a0028a28a28a28a0028a28a28a28a0028a28a28a28a0028a28a28a28a0028a28a28a28a0028a28a28a28a0028a28a28a28a0028a28a28a28a0028a28a28a28a0028a28a28a28a0028a28a28a28a0028a28a28a28a0028a28a28a28a0028a28a28a28a0028a28a28a28a0028a28a28a28a0028a28a28a28a0028a28a28a28a0028a28a28a28a0028a28a28a28a0028a28a28a28a0028a28a28a28a0028a28a28a28a0028a28a28a28a0028a28a28a28a0028a28a28a28a0028a28a28a28a0028a28a28a28a0028a28a28a28a0028a28a28a28a0028a28a28a28a0028a28a28a28a0028a28a28a28a0028a28a28a28a0028a28a28a28a0028a28a28a28a0028a28a28a28a0028a28a28a28a0028a28a28a28a0028a28a28a28a0028a28a28a28a0028a28a28a28a0028a28a28a28a0028a28a28a28a0028a28a28a28a0028a28a28a28a0028a28a28a28a0028a28a28a28a0028a28a28a28a0028a28a28a28a0028a28a28a28a0028a28a28a28a0028a28a28a28a0028a28a28a28a0028a28a28a28a0028a28a28a28a0028a28a28a28a0028a28a28a28a0028a28a28a28a0028a28a28a28a0028a28a28a28a0028a28a28a28a0028a28a28a28a0028a28a28a28a0028a28a28a28a0028a28a28a28a0028a28a28a28a0028a28a28a28a0028a28a28a28a0028a28a28a28a0028a28a28a28a0028a28a28a28a0028a28a28a28a0028a28a28a28a0028a28a28a28a0028a28a28a28a0028a28a28a28a0028a28a28a28a0028a28a28a28a0028a28a28a28a0028a28a28a28a0028a28a28a28a0028a28a28a28a0028a28a28a28a0028a28a28a28a0028a28a28a28a0028a28a28a28a0028a28a28a28a0028a28a28a28a0028a28a28a28a0028a28a28a28a0028a28a28a28a0028a28a28a28a0028a28a28a28a0028a28a28a28a0028a28a28a28a0028a28a28a28a0028a28a28a28a0028a28a28a28a0028a28a28a28a0028a28a28a28a0028a28a28a28a0028a28affd9', 'name 94', 'www.ya.ru');
                        insert into clicks (bannerid, counting) values (1000094, 6);
                        insert into shows (bannerid, counting) values (1000094, 194);
                        insert into banner (id, content, name, ref) values (1000095, X'01ffd8ffdb004300080606070605080707070909080a0c140d0c0b0b0c1912130f141d1a1f1e1d1a1c1c20242e2720222c231c1c2837292c30313434341f27393d38323c2e333432ffdb0043010909090c0b0c180d0d1832211c213232323232323232323232323232323232323232323232323232323232323232323232323232323232323232323232323232ffc000140800c800c804012200021101031101042200ffc4001f0000010501010101010100000000000000000102030405060708090a0bffc400b5100002010303020403050504040000017d01020300041105122131410613516107227114328191a1082342b1c11552d1f02433627282090a161718191a25262728292a3435363738393a434445464748494a535455565758595a636465666768696a737475767778797a838485868788898a92939495969798999aa2a3a4a5a6a7a8a9aab2b3b4b5b6b7b8b9bac2c3c4c5c6c7c8c9cad2d3d4d5d6d7d8d9dae1e2e3e4e5e6e7e8e9eaf1f2f3f4f5f6f7f8f9faffc4001f0100030101010101010101010000000000000102030405060708090a0bffc400b51100020102040403040705040400010277000102031104052131061241510761711322328108144291a1b1c109233352f0156272d10a162434e125f11718191a262728292a35363738393a434445464748494a535455565758595a636465666768696a737475767778797a82838485868788898a92939495969798999aa2a3a4a5a6a7a8a9aab2b3b4b5b6b7b8b9bac2c3c4c5c6c7c8c9cad2d3d4d5d6d7d8d9dae2e3e4e5e6e7e8e9eaf2f3f4f5f6f7f8f9faffda000e040100021103110400003f00f9fe8a28a00f9fe8a28a28a28a0028a28a28a28a0028a28a28a28a0028a28a28a28a0028a28a28a28a0028a28a28a28a0028a28a28a28a0028a28a28a28a0028a28a28a28a0028a28a28a28a0028a28a28a28a0028a28a28a28a0028a28a28a28a0028a28a28a28a0028a28a28a28a0028a28a28a28a0028a28a28a28a0028a28a28a28a0028a28a28a28a0028a28a28a28a0028a28a28a28a0028a28a28a28a0028a28a28a28a0028a28a28a28a0028a28a28a28a0028a28a28a28a0028a28a28a28a0028a28a28a28a0028a28a28a28a0028a28a28a28a0028a28a28a28a0028a28a28a28a0028a28a28a28a0028a28a28a28a0028a28a28a28a0028a28a28a28a0028a28a28a28a0028a28a28a28a0028a28a28a28a0028a28a28a28a0028a28a28a28a0028a28a28a28a0028a28a28a28a0028a28a28a28a0028a28a28a28a0028a28a28a28a0028a28a28a28a0028a28a28a28a0028a28a28a28a0028a28a28a28a0028a28a28a28a0028a28a28a28a0028a28a28a28a0028a28a28a28a0028a28a28a28a0028a28a28a28a0028a28a28a28a0028a28a28a28a0028a28a28a28a0028a28a28a28a0028a28a28a28a0028a28a28a28a0028a28a28a28a0028a28a28a28a0028a28a28a28a0028a28a28a28a0028a28a28a28a0028a28a28a28a0028a28a28a28a0028a28a28a28a0028a28a28a28a0028a28a28a28a0028a28a28a28a0028a28a28a28a0028a28a28a28a0028a28a28a28a0028a28a28a28a0028a28a28a28a0028a28a28a28a0028a28a28a28a0028a28a28a28a0028a28a28a28a0028a28a28a28a0028a28a28a28a0028a28a28a28a0028a28a28a28a0028a28a28a28a0028a28a28a28a0028a28a28a28a0028a28a28a28a0028a28a28a28a0028a28a28a28a0028a28a28a28a0028a28a28a28a0028a28a28a28a0028a28a28a28a0028a28a28a28a0028a28a28a28a0028a28a28a28a0028a28a28a28a0028a28a28a28a0028a28a28a28a0028a28a28a28a0028a28a28a28a0028a28a28a28a0028a28a28a28a0028a28a28a28a0028a28a28a28a0028a28a28a28a0028a28a28a28a0028a28a28a28a0028a28a28a28a0028a28a28a28a0028a28a28a28a0028a28a28a28a0028a28a28a28a0028a28a28a28a0028a28a28a28a0028a28a28a28a0028a28a28a28a0028a28a28a28a0028a28a28a28a0028a28a28a28a0028a28a28a28a0028a28a28a28a0028a28a28a28a0028a28a28a28a0028a28a28a28a0028a28a28a28a0028a28a28a28a0028a28a28a28a0028a28a28a28a0028a28a28a28a0028a28a28a28a0028a28a28a28a0028a28a28a28a0028a28a28a28a0028a28a28a28a0028a28a28a28a0028a28a28a28a0028a28a28a28a0028a28a28a28a0028a28a28a28a0028a28a28a28a0028a28a28a28a0028a28a28a28a0028a28a28a28a0028a28a28a28a0028a28a28a28a0028a28a28a28a0028a28a28a28a0028a28a28a28a0028a28a28a28a0028a28a28a28a0028a28a28a28a0028a28a28a28a0028a28a28a28a0028a28a28a28a0028a28a28a28a0028a28a28a28a0028a28a28a28a0028a28a28a28a0028a28a28a28a0028a28a28a28a0028a28a28a28a0028a28a28a28a0028a28a28a28a0028a28a28a28a0028a28affd9', 'name 95', 'www.ya.ru');
                        insert into clicks (bannerid, counting) values (1000095, 5);
                        insert into shows (bannerid, counting) values (1000095, 195);
                        insert into banner (id, content, name, ref) values (1000096, X'01ffd8ffdb004300080606070605080707070909080a0c140d0c0b0b0c1912130f141d1a1f1e1d1a1c1c20242e2720222c231c1c2837292c30313434341f27393d38323c2e333432ffdb0043010909090c0b0c180d0d1832211c213232323232323232323232323232323232323232323232323232323232323232323232323232323232323232323232323232ffc000140800c800c804012200021101031101042200ffc4001f0000010501010101010100000000000000000102030405060708090a0bffc400b5100002010303020403050504040000017d01020300041105122131410613516107227114328191a1082342b1c11552d1f02433627282090a161718191a25262728292a3435363738393a434445464748494a535455565758595a636465666768696a737475767778797a838485868788898a92939495969798999aa2a3a4a5a6a7a8a9aab2b3b4b5b6b7b8b9bac2c3c4c5c6c7c8c9cad2d3d4d5d6d7d8d9dae1e2e3e4e5e6e7e8e9eaf1f2f3f4f5f6f7f8f9faffc4001f0100030101010101010101010000000000000102030405060708090a0bffc400b51100020102040403040705040400010277000102031104052131061241510761711322328108144291a1b1c109233352f0156272d10a162434e125f11718191a262728292a35363738393a434445464748494a535455565758595a636465666768696a737475767778797a82838485868788898a92939495969798999aa2a3a4a5a6a7a8a9aab2b3b4b5b6b7b8b9bac2c3c4c5c6c7c8c9cad2d3d4d5d6d7d8d9dae2e3e4e5e6e7e8e9eaf2f3f4f5f6f7f8f9faffda000e040100021103110400003f00f9fe8a28a00f9fe8a28a28a28a0028a28a28a28a0028a28a28a28a0028a28a28a28a0028a28a28a28a0028a28a28a28a0028a28a28a28a0028a28a28a28a0028a28a28a28a0028a28a28a28a0028a28a28a28a0028a28a28a28a0028a28a28a28a0028a28a28a28a0028a28a28a28a0028a28a28a28a0028a28a28a28a0028a28a28a28a0028a28a28a28a0028a28a28a28a0028a28a28a28a0028a28a28a28a0028a28a28a28a0028a28a28a28a0028a28a28a28a0028a28a28a28a0028a28a28a28a0028a28a28a28a0028a28a28a28a0028a28a28a28a0028a28a28a28a0028a28a28a28a0028a28a28a28a0028a28a28a28a0028a28a28a28a0028a28a28a28a0028a28a28a28a0028a28a28a28a0028a28a28a28a0028a28a28a28a0028a28a28a28a0028a28a28a28a0028a28a28a28a0028a28a28a28a0028a28a28a28a0028a28a28a28a0028a28a28a28a0028a28a28a28a0028a28a28a28a0028a28a28a28a0028a28a28a28a0028a28a28a28a0028a28a28a28a0028a28a28a28a0028a28a28a28a0028a28a28a28a0028a28a28a28a0028a28a28a28a0028a28a28a28a0028a28a28a28a0028a28a28a28a0028a28a28a28a0028a28a28a28a0028a28a28a28a0028a28a28a28a0028a28a28a28a0028a28a28a28a0028a28a28a28a0028a28a28a28a0028a28a28a28a0028a28a28a28a0028a28a28a28a0028a28a28a28a0028a28a28a28a0028a28a28a28a0028a28a28a28a0028a28a28a28a0028a28a28a28a0028a28a28a28a0028a28a28a28a0028a28a28a28a0028a28a28a28a0028a28a28a28a0028a28a28a28a0028a28a28a28a0028a28a28a28a0028a28a28a28a0028a28a28a28a0028a28a28a28a0028a28a28a28a0028a28a28a28a0028a28a28a28a0028a28a28a28a0028a28a28a28a0028a28a28a28a0028a28a28a28a0028a28a28a28a0028a28a28a28a0028a28a28a28a0028a28a28a28a0028a28a28a28a0028a28a28a28a0028a28a28a28a0028a28a28a28a0028a28a28a28a0028a28a28a28a0028a28a28a28a0028a28a28a28a0028a28a28a28a0028a28a28a28a0028a28a28a28a0028a28a28a28a0028a28a28a28a0028a28a28a28a0028a28a28a28a0028a28a28a28a0028a28a28a28a0028a28a28a28a0028a28a28a28a0028a28a28a28a0028a28a28a28a0028a28a28a28a0028a28a28a28a0028a28a28a28a0028a28a28a28a0028a28a28a28a0028a28a28a28a0028a28a28a28a0028a28a28a28a0028a28a28a28a0028a28a28a28a0028a28a28a28a0028a28a28a28a0028a28a28a28a0028a28a28a28a0028a28a28a28a0028a28a28a28a0028a28a28a28a0028a28a28a28a0028a28a28a28a0028a28a28a28a0028a28a28a28a0028a28a28a28a0028a28a28a28a0028a28a28a28a0028a28a28a28a0028a28a28a28a0028a28a28a28a0028a28a28a28a0028a28a28a28a0028a28a28a28a0028a28a28a28a0028a28a28a28a0028a28a28a28a0028a28a28a28a0028a28a28a28a0028a28a28a28a0028a28a28a28a0028a28a28a28a0028a28a28a28a0028a28a28a28a0028a28a28a28a0028a28a28a28a0028a28a28a28a0028a28a28a28a0028a28a28a28a0028a28a28a28a0028a28a28a28a0028a28affd9', 'name 96', 'www.ya.ru');
                        insert into clicks (bannerid, counting) values (1000096, 4);
                        insert into shows (bannerid, counting) values (1000096, 196);
                        insert into banner (id, content, name, ref) values (1000097, X'01ffd8ffdb004300080606070605080707070909080a0c140d0c0b0b0c1912130f141d1a1f1e1d1a1c1c20242e2720222c231c1c2837292c30313434341f27393d38323c2e333432ffdb0043010909090c0b0c180d0d1832211c213232323232323232323232323232323232323232323232323232323232323232323232323232323232323232323232323232ffc000140800c800c804012200021101031101042200ffc4001f0000010501010101010100000000000000000102030405060708090a0bffc400b5100002010303020403050504040000017d01020300041105122131410613516107227114328191a1082342b1c11552d1f02433627282090a161718191a25262728292a3435363738393a434445464748494a535455565758595a636465666768696a737475767778797a838485868788898a92939495969798999aa2a3a4a5a6a7a8a9aab2b3b4b5b6b7b8b9bac2c3c4c5c6c7c8c9cad2d3d4d5d6d7d8d9dae1e2e3e4e5e6e7e8e9eaf1f2f3f4f5f6f7f8f9faffc4001f0100030101010101010101010000000000000102030405060708090a0bffc400b51100020102040403040705040400010277000102031104052131061241510761711322328108144291a1b1c109233352f0156272d10a162434e125f11718191a262728292a35363738393a434445464748494a535455565758595a636465666768696a737475767778797a82838485868788898a92939495969798999aa2a3a4a5a6a7a8a9aab2b3b4b5b6b7b8b9bac2c3c4c5c6c7c8c9cad2d3d4d5d6d7d8d9dae2e3e4e5e6e7e8e9eaf2f3f4f5f6f7f8f9faffda000e040100021103110400003f00f9fe8a28a00f9fe8a28a28a28a0028a28a28a28a0028a28a28a28a0028a28a28a28a0028a28a28a28a0028a28a28a28a0028a28a28a28a0028a28a28a28a0028a28a28a28a0028a28a28a28a0028a28a28a28a0028a28a28a28a0028a28a28a28a0028a28a28a28a0028a28a28a28a0028a28a28a28a0028a28a28a28a0028a28a28a28a0028a28a28a28a0028a28a28a28a0028a28a28a28a0028a28a28a28a0028a28a28a28a0028a28a28a28a0028a28a28a28a0028a28a28a28a0028a28a28a28a0028a28a28a28a0028a28a28a28a0028a28a28a28a0028a28a28a28a0028a28a28a28a0028a28a28a28a0028a28a28a28a0028a28a28a28a0028a28a28a28a0028a28a28a28a0028a28a28a28a0028a28a28a28a0028a28a28a28a0028a28a28a28a0028a28a28a28a0028a28a28a28a0028a28a28a28a0028a28a28a28a0028a28a28a28a0028a28a28a28a0028a28a28a28a0028a28a28a28a0028a28a28a28a0028a28a28a28a0028a28a28a28a0028a28a28a28a0028a28a28a28a0028a28a28a28a0028a28a28a28a0028a28a28a28a0028a28a28a28a0028a28a28a28a0028a28a28a28a0028a28a28a28a0028a28a28a28a0028a28a28a28a0028a28a28a28a0028a28a28a28a0028a28a28a28a0028a28a28a28a0028a28a28a28a0028a28a28a28a0028a28a28a28a0028a28a28a28a0028a28a28a28a0028a28a28a28a0028a28a28a28a0028a28a28a28a0028a28a28a28a0028a28a28a28a0028a28a28a28a0028a28a28a28a0028a28a28a28a0028a28a28a28a0028a28a28a28a0028a28a28a28a0028a28a28a28a0028a28a28a28a0028a28a28a28a0028a28a28a28a0028a28a28a28a0028a28a28a28a0028a28a28a28a0028a28a28a28a0028a28a28a28a0028a28a28a28a0028a28a28a28a0028a28a28a28a0028a28a28a28a0028a28a28a28a0028a28a28a28a0028a28a28a28a0028a28a28a28a0028a28a28a28a0028a28a28a28a0028a28a28a28a0028a28a28a28a0028a28a28a28a0028a28a28a28a0028a28a28a28a0028a28a28a28a0028a28a28a28a0028a28a28a28a0028a28a28a28a0028a28a28a28a0028a28a28a28a0028a28a28a28a0028a28a28a28a0028a28a28a28a0028a28a28a28a0028a28a28a28a0028a28a28a28a0028a28a28a28a0028a28a28a28a0028a28a28a28a0028a28a28a28a0028a28a28a28a0028a28a28a28a0028a28a28a28a0028a28a28a28a0028a28a28a28a0028a28a28a28a0028a28a28a28a0028a28a28a28a0028a28a28a28a0028a28a28a28a0028a28a28a28a0028a28a28a28a0028a28a28a28a0028a28a28a28a0028a28a28a28a0028a28a28a28a0028a28a28a28a0028a28a28a28a0028a28a28a28a0028a28a28a28a0028a28a28a28a0028a28a28a28a0028a28a28a28a0028a28a28a28a0028a28a28a28a0028a28a28a28a0028a28a28a28a0028a28a28a28a0028a28a28a28a0028a28a28a28a0028a28a28a28a0028a28a28a28a0028a28a28a28a0028a28a28a28a0028a28a28a28a0028a28a28a28a0028a28a28a28a0028a28a28a28a0028a28a28a28a0028a28a28a28a0028a28a28a28a0028a28a28a28a0028a28a28a28a0028a28a28a28a0028a28a28a28a0028a28affd9', 'name 97', 'www.ya.ru');
                        insert into clicks (bannerid, counting) values (1000097, 3);
                        insert into shows (bannerid, counting) values (1000097, 197);
                        insert into banner (id, content, name, ref) values (1000098, X'01ffd8ffdb004300080606070605080707070909080a0c140d0c0b0b0c1912130f141d1a1f1e1d1a1c1c20242e2720222c231c1c2837292c30313434341f27393d38323c2e333432ffdb0043010909090c0b0c180d0d1832211c213232323232323232323232323232323232323232323232323232323232323232323232323232323232323232323232323232ffc000140800c800c804012200021101031101042200ffc4001f0000010501010101010100000000000000000102030405060708090a0bffc400b5100002010303020403050504040000017d01020300041105122131410613516107227114328191a1082342b1c11552d1f02433627282090a161718191a25262728292a3435363738393a434445464748494a535455565758595a636465666768696a737475767778797a838485868788898a92939495969798999aa2a3a4a5a6a7a8a9aab2b3b4b5b6b7b8b9bac2c3c4c5c6c7c8c9cad2d3d4d5d6d7d8d9dae1e2e3e4e5e6e7e8e9eaf1f2f3f4f5f6f7f8f9faffc4001f0100030101010101010101010000000000000102030405060708090a0bffc400b51100020102040403040705040400010277000102031104052131061241510761711322328108144291a1b1c109233352f0156272d10a162434e125f11718191a262728292a35363738393a434445464748494a535455565758595a636465666768696a737475767778797a82838485868788898a92939495969798999aa2a3a4a5a6a7a8a9aab2b3b4b5b6b7b8b9bac2c3c4c5c6c7c8c9cad2d3d4d5d6d7d8d9dae2e3e4e5e6e7e8e9eaf2f3f4f5f6f7f8f9faffda000e040100021103110400003f00f9fe8a28a00f9fe8a28a28a28a0028a28a28a28a0028a28a28a28a0028a28a28a28a0028a28a28a28a0028a28a28a28a0028a28a28a28a0028a28a28a28a0028a28a28a28a0028a28a28a28a0028a28a28a28a0028a28a28a28a0028a28a28a28a0028a28a28a28a0028a28a28a28a0028a28a28a28a0028a28a28a28a0028a28a28a28a0028a28a28a28a0028a28a28a28a0028a28a28a28a0028a28a28a28a0028a28a28a28a0028a28a28a28a0028a28a28a28a0028a28a28a28a0028a28a28a28a0028a28a28a28a0028a28a28a28a0028a28a28a28a0028a28a28a28a0028a28a28a28a0028a28a28a28a0028a28a28a28a0028a28a28a28a0028a28a28a28a0028a28a28a28a0028a28a28a28a0028a28a28a28a0028a28a28a28a0028a28a28a28a0028a28a28a28a0028a28a28a28a0028a28a28a28a0028a28a28a28a0028a28a28a28a0028a28a28a28a0028a28a28a28a0028a28a28a28a0028a28a28a28a0028a28a28a28a0028a28a28a28a0028a28a28a28a0028a28a28a28a0028a28a28a28a0028a28a28a28a0028a28a28a28a0028a28a28a28a0028a28a28a28a0028a28a28a28a0028a28a28a28a0028a28a28a28a0028a28a28a28a0028a28a28a28a0028a28a28a28a0028a28a28a28a0028a28a28a28a0028a28a28a28a0028a28a28a28a0028a28a28a28a0028a28a28a28a0028a28a28a28a0028a28a28a28a0028a28a28a28a0028a28a28a28a0028a28a28a28a0028a28a28a28a0028a28a28a28a0028a28a28a28a0028a28a28a28a0028a28a28a28a0028a28a28a28a0028a28a28a28a0028a28a28a28a0028a28a28a28a0028a28a28a28a0028a28a28a28a0028a28a28a28a0028a28a28a28a0028a28a28a28a0028a28a28a28a0028a28a28a28a0028a28a28a28a0028a28a28a28a0028a28a28a28a0028a28a28a28a0028a28a28a28a0028a28a28a28a0028a28a28a28a0028a28a28a28a0028a28a28a28a0028a28a28a28a0028a28a28a28a0028a28a28a28a0028a28a28a28a0028a28a28a28a0028a28a28a28a0028a28a28a28a0028a28a28a28a0028a28a28a28a0028a28a28a28a0028a28a28a28a0028a28a28a28a0028a28a28a28a0028a28a28a28a0028a28a28a28a0028a28a28a28a0028a28a28a28a0028a28a28a28a0028a28a28a28a0028a28a28a28a0028a28a28a28a0028a28a28a28a0028a28a28a28a0028a28a28a28a0028a28a28a28a0028a28a28a28a0028a28a28a28a0028a28a28a28a0028a28a28a28a0028a28a28a28a0028a28a28a28a0028a28a28a28a0028a28a28a28a0028a28a28a28a0028a28a28a28a0028a28a28a28a0028a28a28a28a0028a28a28a28a0028a28a28a28a0028a28a28a28a0028a28a28a28a0028a28a28a28a0028a28a28a28a0028a28a28a28a0028a28a28a28a0028a28a28a28a0028a28a28a28a0028a28a28a28a0028a28a28a28a0028a28a28a28a0028a28a28a28a0028a28a28a28a0028a28a28a28a0028a28a28a28a0028a28a28a28a0028a28a28a28a0028a28a28a28a0028a28a28a28a0028a28a28a28a0028a28a28a28a0028a28a28a28a0028a28a28a28a0028a28a28a28a0028a28a28a28a0028a28a28a28a0028a28a28a28a0028a28a28a28a0028a28affd9', 'name 98', 'www.ya.ru');
                        insert into clicks (bannerid, counting) values (1000098, 2);
                        insert into shows (bannerid, counting) values (1000098, 198);
                        insert into banner (id, content, name, ref) values (1000099, X'01ffd8ffdb004300080606070605080707070909080a0c140d0c0b0b0c1912130f141d1a1f1e1d1a1c1c20242e2720222c231c1c2837292c30313434341f27393d38323c2e333432ffdb0043010909090c0b0c180d0d1832211c213232323232323232323232323232323232323232323232323232323232323232323232323232323232323232323232323232ffc000140800c800c804012200021101031101042200ffc4001f0000010501010101010100000000000000000102030405060708090a0bffc400b5100002010303020403050504040000017d01020300041105122131410613516107227114328191a1082342b1c11552d1f02433627282090a161718191a25262728292a3435363738393a434445464748494a535455565758595a636465666768696a737475767778797a838485868788898a92939495969798999aa2a3a4a5a6a7a8a9aab2b3b4b5b6b7b8b9bac2c3c4c5c6c7c8c9cad2d3d4d5d6d7d8d9dae1e2e3e4e5e6e7e8e9eaf1f2f3f4f5f6f7f8f9faffc4001f0100030101010101010101010000000000000102030405060708090a0bffc400b51100020102040403040705040400010277000102031104052131061241510761711322328108144291a1b1c109233352f0156272d10a162434e125f11718191a262728292a35363738393a434445464748494a535455565758595a636465666768696a737475767778797a82838485868788898a92939495969798999aa2a3a4a5a6a7a8a9aab2b3b4b5b6b7b8b9bac2c3c4c5c6c7c8c9cad2d3d4d5d6d7d8d9dae2e3e4e5e6e7e8e9eaf2f3f4f5f6f7f8f9faffda000e040100021103110400003f00f9fe8a28a00f9fe8a28a28a28a0028a28a28a28a0028a28a28a28a0028a28a28a28a0028a28a28a28a0028a28a28a28a0028a28a28a28a0028a28a28a28a0028a28a28a28a0028a28a28a28a0028a28a28a28a0028a28a28a28a0028a28a28a28a0028a28a28a28a0028a28a28a28a0028a28a28a28a0028a28a28a28a0028a28a28a28a0028a28a28a28a0028a28a28a28a0028a28a28a28a0028a28a28a28a0028a28a28a28a0028a28a28a28a0028a28a28a28a0028a28a28a28a0028a28a28a28a0028a28a28a28a0028a28a28a28a0028a28a28a28a0028a28a28a28a0028a28a28a28a0028a28a28a28a0028a28a28a28a0028a28a28a28a0028a28a28a28a0028a28a28a28a0028a28a28a28a0028a28a28a28a0028a28a28a28a0028a28a28a28a0028a28a28a28a0028a28a28a28a0028a28a28a28a0028a28a28a28a0028a28a28a28a0028a28a28a28a0028a28a28a28a0028a28a28a28a0028a28a28a28a0028a28a28a28a0028a28a28a28a0028a28a28a28a0028a28a28a28a0028a28a28a28a0028a28a28a28a0028a28a28a28a0028a28a28a28a0028a28a28a28a0028a28a28a28a0028a28a28a28a0028a28a28a28a0028a28a28a28a0028a28a28a28a0028a28a28a28a0028a28a28a28a0028a28a28a28a0028a28a28a28a0028a28a28a28a0028a28a28a28a0028a28a28a28a0028a28a28a28a0028a28a28a28a0028a28a28a28a0028a28a28a28a0028a28a28a28a0028a28a28a28a0028a28a28a28a0028a28a28a28a0028a28a28a28a0028a28a28a28a0028a28a28a28a0028a28a28a28a0028a28a28a28a0028a28a28a28a0028a28a28a28a0028a28a28a28a0028a28a28a28a0028a28a28a28a0028a28a28a28a0028a28a28a28a0028a28a28a28a0028a28a28a28a0028a28a28a28a0028a28a28a28a0028a28a28a28a0028a28a28a28a0028a28a28a28a0028a28a28a28a0028a28a28a28a0028a28a28a28a0028a28a28a28a0028a28a28a28a0028a28a28a28a0028a28a28a28a0028a28a28a28a0028a28a28a28a0028a28a28a28a0028a28a28a28a0028a28a28a28a0028a28a28a28a0028a28a28a28a0028a28a28a28a0028a28a28a28a0028a28a28a28a0028a28a28a28a0028a28a28a28a0028a28a28a28a0028a28a28a28a0028a28a28a28a0028a28a28a28a0028a28a28a28a0028a28a28a28a0028a28a28a28a0028a28a28a28a0028a28a28a28a0028a28a28a28a0028a28a28a28a0028a28a28a28a0028a28a28a28a0028a28a28a28a0028a28a28a28a0028a28a28a28a0028a28a28a28a0028a28a28a28a0028a28a28a28a0028a28a28a28a0028a28a28a28a0028a28a28a28a0028a28a28a28a0028a28a28a28a0028a28a28a28a0028a28a28a28a0028a28a28a28a0028a28a28a28a0028a28a28a28a0028a28a28a28a0028a28a28a28a0028a28a28a28a0028a28a28a28a0028a28a28a28a0028a28a28a28a0028a28a28a28a0028a28a28a28a0028a28a28a28a0028a28a28a28a0028a28a28a28a0028a28a28a28a0028a28a28a28a0028a28a28a28a0028a28a28a28a0028a28a28a28a0028a28a28a28a0028a28a28a28a0028a28a28a28a0028a28a28a28a0028a28a28a28a0028a28a28a28a0028a28affd9', 'name 99', 'www.ya.ru');
                        insert into clicks (bannerid, counting) values (1000099, 1);
                        insert into shows (bannerid, counting) values (1000099, 199);